critical_ratio,resonance_ratio,gradient_ratio,energy_ratio,radial_ratio,radial_sign_agrees,lambda_critical_sd,lambda_critical_maxwell,cancellation_gap
0.31,0.5,0.0,0.9018801964881639,0.7976734660287339,True,-1.211310735120259,-1.071351201948552,0.13995953317170695
0.31,0.5,0.125,0.9018801964881639,0.8434725669556372,True,-1.1753326103188644,-1.0992156360818068,0.07611697423705754
0.31,0.5,0.25,0.9018801964881639,0.8917176328348546,True,-1.1414300680161475,-1.128568209238026,0.012861858778121515
0.31,0.5,0.375,0.9018801964881639,0.9426099848476336,True,-1.1094285329279427,-1.1595314063717386,0.050102873443795826
0.31,0.5,0.5,0.9018801964881639,0.9963736610810427,True,-1.0791724736651587,-1.192241533532498,0.1130690598673394
0.31,0.5,0.625,0.9018801964881639,1.0532587137361966,True,-1.0505228748711493,-1.2268507239051671,0.17632784903401788
0.31,0.5,0.75,0.9018801964881639,1.1135450977869947,True,-1.023355101600323,-1.263529303692064,0.240174202091741
0.31,0.5,0.875,0.9018801964881639,1.1775472786801213,True,-0.9975570867212346,-1.3024685954639161,0.3049115087426816
0.31,0.5,1.0,0.9018801964881639,1.2456197191239107,True,-0.9730277857433829,-1.3438842563534874,0.3708564706101045
0.31,0.5,1.125,0.9018801964881639,1.318163447064124,True,-0.949675854141943,-1.3880202740494907,0.4383444199075477
0.31,0.5,1.25,0.9018801964881639,1.3956339618463958,True,-0.9274185106779884,-1.4351537769508962,0.5077352662729078
0.31,0.5,1.375,0.9018801964881639,1.4785508078354956,True,-0.9061805568990301,-1.4856008588114775,0.5794203019124474
0.31,0.5,1.5,0.9018801964881639,1.5675092407282554,True,-0.8858935283445688,-1.539723676591112,0.6538301482465432
0.31,0.5,1.625,0.9018801964881639,1.663194540419399,True,-0.8664949572688829,-1.5979391584849594,0.7314442012160765
0.31,0.5,1.75,0.9018801964881639,1.7663996983895789,True,-0.8479277301539349,-1.6607297650311887,0.8128020348772539
0.31,0.5,1.875,0.9018801964881639,1.8780474457879461,True,-0.8301395260925547,-1.7286568911220117,0.898517365029457
0.31,0.5,2.0,0.9018801964881639,1.9992179180109402,True,-0.8130823244101851,-1.8023776972911494,0.9892953728809643
0.31,0.509375,0.0,0.8740399714799801,0.7939412750077719,True,-1.2240806096940768,-1.1119035189285578,0.11217709076551907
0.31,0.509375,0.125,0.8740399714799801,0.840059634243073,True,-1.1840554113228206,-1.1380225026495403,0.04603290867328025
0.31,0.509375,0.25,0.8740399714799801,0.8883967848408334,True,-1.1465648370224877,-1.1653980916886058,0.01883325466611807
0.31,0.509375,0.375,0.8740399714799801,0.9391167952905733,True,-1.1113755156883325,-1.1941232057046047,0.08274769001627225
0.31,0.509375,0.5,0.8740399714799801,0.9924003189260401,True,-1.0782818727610641,-1.224300157129322,0.1460182843682578
0.31,0.509375,0.625,0.8740399714799801,1.0484467438528209,True,-1.0471021113813292,-1.2560418687720327,0.20893975739070347
0.31,0.509375,0.75,0.8740399714799801,1.1074766862170302,True,-1.017674871206079,-1.2894732858741647,0.27179841466808563
0.31,0.509375,0.875,0.8740399714799801,1.1697348925339925,True,-0.9898564352182478,-1.3247330198337721,0.3348765846155243
0.31,0.509375,1.0,0.8740399714799801,1.235493631576323,True,-0.9635183824628759,-1.3619752691903857,0.3984568867275098
0.31,0.509375,1.125,0.8740399714799801,1.3050566749491355,True,-0.9385456058060351,-1.4013720740109212,0.46282646820488615
0.31,0.509375,1.25,0.8740399714799801,1.3787639891025658,True,-0.9148346301642035,-1.4431159731958079,0.5282813430316043
0.31,0.509375,1.375,0.8740399714799801,1.4569972916816232,True,-0.8922921793768169,-1.4874231512997724,0.5951309719229555
0.31,0.509375,1.5,0.8740399714799801,1.5401866638581747,True,-0.870833949865645,-1.5345371834046906,0.6637032335390456
0.31,0.509375,1.625,0.8740399714799801,1.628818460441101,True,-0.8503835570881699,-1.5847335149849107,0.7343499578967407
0.31,0.509375,1.75,0.8740399714799801,1.723444824975664,True,-0.8308716270318349,-1.6383248507530355,0.8074532237212005
0.31,0.509375,1.875,0.8740399714799801,1.8246952030644532,True,-0.8122350099760831,-1.6956676751920312,0.8834326652159481
0.31,0.509375,2.0,0.8740399714799801,1.9332903612437071,True,-0.7944160977459175,-1.757170192100533,0.9627540943546155
0.31,0.51875,0.0,0.8480401775514274,0.7911158852921871,True,-1.2361876348400485,-1.1532091297224338,0.08297850511761462
0.31,0.51875,0.125,0.8480401775514274,0.8374272293035251,True,-1.192275829336781,-1.1773548833616612,0.014920945975119837
0.31,0.51875,0.25,0.8480401775514274,0.8857193696578964,True,-1.151376675197598,-1.2025333822500148,0.05115670705241682
0.31,0.51875,0.375,0.8480401775514274,0.9361221653227122,True,-1.1131904220363211,-1.228812332101978,0.11562191006565681
0.31,0.51875,0.5,0.8480401775514274,0.9887770800923619,True,-1.0774558087096997,-1.2562654891429657,0.17880968043326595
0.31,0.51875,0.625,0.8480401775514274,1.043838508541116,True,-1.0439440777301408,-1.284973351433079,0.24102927370293825
0.31,0.51875,0.75,0.8480401775514274,1.1014752880297334,True,-1.0124540729903249,-1.315023947195316,0.30256987420499115
0.31,0.51875,0.875,0.8480401775514274,1.1618724279526846,True,-0.9828081987549769,-1.3465137364084405,0.3637055376534636
0.31,0.51875,1.0,0.8480401775514274,1.2252330935339468,True,-0.9548490684092489,-1.3795486451160797,0.4246995767068308
0.31,0.51875,1.125,0.8480401775514274,1.2917808889858844,True,-0.928436709406803,-1.414245255817397,0.485808546410594
0.31,0.51875,1.25,0.8480401775514274,1.3617624940953006,True,-0.903446219620014,-1.4507321821272006,0.5472859625071865
0.31,0.51875,1.375,0.8480401775514274,1.4354507197548994,True,-0.8797657922696897,-1.4891516618653156,0.6093858695956259
0.31,0.51875,1.5,0.8480401775514274,1.5131480622168576,True,-0.8572950435351754,-1.5296614101690964,0.672366366633921
0.31,0.51875,1.625,0.8480401775514274,1.595190853692186,True,-0.8359435900757733,-1.5724367835280035,0.7364931934522302
0.31,0.51875,1.75,0.8480401775514274,1.6819541293873979,True,-0.8156298339528731,-1.6176733173534104,0.8020434834005372
0.31,0.51875,1.875,0.8480401775514274,1.7738573595274238,True,-0.7962799205103368,-1.6655897145339156,0.8693097940235788
0.31,0.51875,2.0,0.8480401775514274,1.8713712311890374,True,-0.777826841156056,-1.7164313813396144,0.9386045401835583
0.31,0.528125,0.0,0.8237928853458055,0.7891954562446828,True,-1.2476672223226601,-1.1952680343301794,0.05239918799248078
0.31,0.528125,0.125,0.8237928853458055,0.8355848671815376,True,-1.2000260243416976,-1.2172035034546704,0.01717747911297285
0.31,0.528125,0.25,0.8237928853458055,0.8837087795231673,True,-1.1558892948093062,-1.2399591403985504,0.08406984558924413
0.31,0.528125,0.375,0.8237928853458055,0.9336663261459885,True,-1.1148840701989995,-1.263581820647107,0.1486977504481075
0.31,0.528125,0.5,0.8237928853458055,0.9855643410332042,True,-1.0766884974302886,-1.2881220611931765,0.2114335637628879
0.31,0.528125,0.625,0.8237928853458055,1.0395181219086633,True,-1.0410233687432633,-1.3136343811524485,0.27261101240918517
0.31,0.528125,0.75,0.8237928853458055,1.0956522853295037,True,-1.0076452850649409,-1.340177706098373,0.33253242103343217
0.31,0.528125,0.875,0.8237928853458055,1.154101727584832,True,-0.9763410937245822,-1.367815822427996,0.3914747287034137
0.31,0.528125,1.0,0.8237928853458055,1.215012706996139,True,-0.9469233317395072,-1.3966178891332173,0.4496945573937101
0.31,0.528125,1.125,0.8237928853458055,1.2785440658988243,True,-0.9192264687856416,-1.426659015620979,0.5074325468353375
0.31,0.528125,1.25,0.8237928853458055,1.3448686137988703,True,-0.8931037907740993,-1.4580209157459372,0.5649171249718379
0.31,0.528125,1.375,0.8237928853458055,1.41417469706364,True,-0.868424800121469,-1.4907926500467485,0.6223678499252795
0.31,0.528125,1.5,0.8237928853458055,1.4866679851705555,True,-0.8450730354572927,-1.525071470382851,0.6799984349255582
0.31,0.528125,1.625,0.8237928853458055,1.562573509190238,True,-0.8229442338860347,-1.5609637838415942,0.7380195499555595
0.31,0.528125,1.75,0.8237928853458055,1.6421379950597381,True,-0.8019447746156602,-1.5985862560383655,0.7966414814227053
0.31,0.528125,1.875,0.8237928853458055,1.7256325426095631,True,-0.7819903549450219,-1.6380670779081568,0.8560767229631349
0.31,0.528125,2.0,0.8237928853458055,1.8133557116325365,True,-0.7630048591209091,-1.6795474249689384,0.9165425658480293
0.31,0.5375,0.0,0.8012132377095573,0.7881797911514858,True,-1.2585532932505945,-1.2380802327517955,0.020473060498799045
0.31,0.5375,0.125,0.8012132377095573,0.8345422228684827,True,-1.207336097752732,-1.2575590408968924,0.050222943144160315
0.31,0.5375,0.25,0.8012132377095573,0.8823868207709439,True,-1.1601244912297333,-1.2776605694148557,0.11753607818512246
0.31,0.5375,0.375,0.8012132377095573,0.93178581474688,True,-1.116466254232478,-1.298415165120527,0.181948910888049
0.31,0.5375,0.5,0.8012132377095573,0.9828162054536503,True,-1.0759747708578067,-1.3198551792296682,0.24388040837186153
0.31,0.5375,0.625,0.8012132377095573,1.0355601648166024,True,-1.038317548705628,-1.3420151356252918,0.30369758691966386
0.31,0.5375,0.75,0.8012132377095573,1.0901054775621508,True,-1.0032070680068548,-1.3649319163642826,0.3617248483574278
0.31,0.5375,0.875,0.8012132377095573,1.1465460287755496,True,-0.9703934266324338,-1.3886449665209306,0.41825153988849684
0.31,0.5375,1.0,0.8012132377095573,1.2049823431794506,True,-0.9396583828198165,-1.4131965207605424,0.47353813794072586
0.31,0.5375,1.125,0.8012132377095573,1.2655221826494996,True,-0.9108104952434883,-1.4386318543808823,0.5278213591373939
0.31,0.5375,1.25,0.8012132377095573,1.3282812094386802,True,-0.8836811316314421,-1.4649995619606226,0.5813184303291805
0.31,0.5375,1.375,0.8012132377095573,1.3933837236981257,True,-0.8581211700723007,-1.4923518672228648,0.6342306971505641
0.31,0.5375,1.5,0.8012132377095573,1.4609634851892088,True,-0.8339982567059819,-1.5207449682709624,0.6867467115649805
0.31,0.5375,1.625,0.8012132377095573,1.5311646306169944,True,-0.8111945133068017,-1.5502394229988963,0.7390449096920946
0.31,0.5375,1.75,0.8012132377095573,1.604142699823669,True,-0.7896046109419602,-1.5809005802383098,0.7912959692963496
0.31,0.5375,1.875,0.8012132377095573,1.6800657862175383,True,-0.7691341432719853,-1.612799063102133,0.8436649198301477
0.31,0.5375,2.0,0.8012132377095573,1.759115829346209,True,-0.7496982464897988,-1.6460113120489568,0.896313065559158
0.31,0.546875,0.0,0.7802199369679486,0.7880705252929402,True,-1.268878247150675,-1.2816457249872817,0.0127674778366067
0.31,0.546875,0.125,0.7802199369679486,0.8343094234906868,True,-1.2142341949319615,-1.2984121311911299,0.08417793625916836
0.31,0.546875,0.25,0.7802199369679486,0.8817741463787249,True,-1.1641023030966493,-1.315623026245128,0.15152072314847875
0.31,0.546875,0.375,0.7802199369679486,0.9305140949555176,True,-1.117945852560009,-1.333296323145464,0.21535047058545498
0.31,0.546875,0.5,0.7802199369679486,0.9805813608584436,True,-1.0753100011014514,-1.3514509105245687,0.2761409094231173
0.31,0.546875,0.625,0.7802199369679486,1.0320309120754887,True,-1.03580674396745,-1.370106719990909,0.33429997602345884
0.31,0.546875,0.75,0.7802199369679486,1.0849207942539427,True,-0.9991030719884815,-1.3892847991243091,0.39018172713582766
0.31,0.546875,0.875,0.7802199369679486,1.1393123491560289,True,-0.9649115612281078,-1.4090073906888227,0.4440958294607149
0.31,0.546875,1.0,0.7802199369679486,1.1952704519899593,True,-0.932982830951818,-1.429298018689905,0.4963151877380869
0.31,0.546875,1.125,0.7802199369679486,1.2528637695469442,True,-0.9030994510205015,-1.4501815819759063,0.5470821309554048
0.31,0.546875,1.25,0.7802199369679486,1.312165041303685,True,-0.8750709838195848,-1.4716844561669429,0.5966134723473581
0.31,0.546875,1.375,0.7802199369679486,1.373251385909913,True,-0.848729921664225,-1.4938346047884807,0.6451046831242557
0.31,0.546875,1.5,0.7802199369679486,1.4362046357763083,True,-0.8239283365073604,-1.5166617005942318,0.6927333640868714
0.31,0.546875,1.625,0.7802199369679486,1.5011117028152305,True,-0.8005351003831067,-1.5401972581851782,0.7396621578020715
0.31,0.546875,1.75,0.7802199369679486,1.5680649787716139,True,-0.7784335662856654,-1.5644747791711293,0.7860412128854639
0.31,0.546875,1.875,0.7802199369679486,1.6371627740217596,True,-0.7575196228910593,-1.589529911280889,0.8320102883898296
0.31,0.546875,2.0,0.7802199369679486,1.708509799222673,True,-0.7377000546537307,-1.6154006230101965,0.8777005683564658
0.31,0.55625,0.0,0.7607355881445607,0.7888712976997252,True,-1.2786729535015036,-1.3259645110366378,0.047291557535134254
0.31,0.55625,0.125,0.7607355881445607,0.8348973169990637,True,-1.2207466101119888,-1.339753372132928,0.11900676202093918
0.31,0.55625,0.25,0.7607355881445607,0.8818906555547265,True,-1.167841160069171,-1.3538320308494396,0.18599087078026866
0.31,0.55625,0.375,0.7607355881445607,0.9298821321434664,True,-1.11933092396554,-1.3682097201339332,0.24887879616839315
0.31,0.55625,0.5,0.7607355881445607,0.9789038887757809,True,-1.0746900351808404,-1.3828960693596382,0.30820603417879777
0.31,0.55625,0.625,0.7607355881445607,1.0289894624843778,True,-1.0334732996783056,-1.3979011258322445,0.36442782615393887
0.31,0.55625,0.75,0.7607355881445607,1.0801738618375332,True,-0.9953012975354322,-1.4132353777124163,0.4179340801769841
0.31,0.55625,0.875,0.7607355881445607,1.1324936485441734,True,-0.9598486685753076,-1.428909778463727,0.4690611098884194
0.31,0.55625,1.0,0.7607355881445607,1.1859870245504325,True,-0.92683481548181,-1.4449357729457768,0.5181009574639668
0.31,0.55625,1.125,0.7607355881445607,1.240693925063692,True,-0.8960164617093003,-1.4613253252831162,0.5653088635738159
0.31,0.55625,1.25,0.7607355881445607,1.2966561179801521,True,-0.8671816463612225,-1.4780909486525902,0.6109093022913676
0.31,0.55625,1.375,0.7607355881445607,1.3539173102361681,True,-0.8401448424270517,-1.4952457371449663,0.6551008947179147
0.31,0.55625,1.5,0.7607355881445607,1.4125232616524555,True,-0.8147429606234481,-1.512803399871335,0.698060439247887
0.31,0.55625,1.625,0.7607355881445607,1.4725219068943722,True,-0.7908320569059504,-1.5307782975009951,0.7399462405950448
0.31,0.55625,1.75,0.7607355881445607,1.5339634862314373,True,-0.7682846032144935,-1.549185481435489,0.7809008782209955
0.31,0.55625,1.875,0.7607355881445607,1.5969006858457457,True,-0.7469872121600828,-1.5680407358433726,0.8210535236832898
0.31,0.55625,2.0,0.7607355881445607,1.6613887885128569,True,-0.7268387299435554,-1.587360622802462,0.8605218928589066
0.31,0.565625,0.0,0.7426869258296632,0.790587910750846,True,-1.2879667612528216,-1.3710365908998643,0.08306982964704268
0.31,0.565625,0.125,0.7426869258296632,0.8363177206357418,True,-1.2268978916138962,-1.3815733285207499,0.1546754369068537
0.31,0.565625,0.25,0.7426869258296632,0.8827558628398935,True,-1.1713580187687926,-1.392273275037871,0.22091525626907837
0.31,0.565625,0.375,0.7426869258296632,0.9299189233982299,True,-1.1206287925860658,-1.4031402520874576,0.2825114595013918
0.31,0.565625,0.5,0.7426869258296632,0.9778240102487907,True,-1.0741111386944815,-1.4141782015589424,0.34006706286446087
0.31,0.565625,0.625,0.7426869258296632,1.0264887739235184,True,-1.0313014892784411,-1.4253911903623873,0.39408970108394614
0.31,0.565625,0.75,0.7426869258296632,1.0759314292312614,True,-0.9917734800693571,-1.4367834154245263,0.4450099353551692
0.31,0.565625,0.875,0.7426869258296632,1.1261707779889407,True,-0.9551637010999896,-1.4483592089263195,0.4931955078263299
0.31,0.565625,1.0,0.7426869258296632,1.1772262328604772,True,-0.9211604910423694,-1.4601230437957493,0.5389625527533799
0.31,0.565625,1.125,0.7426869258296632,1.229117842366977,True,-0.8894950427541347,-1.472079539470489,0.5825844967163544
0.31,0.565625,1.25,0.7426869258296632,1.2818663171358666,True,-0.8599342823714355,-1.4842334679460427,0.6242991855746072
0.31,0.565625,1.375,0.7426869258296632,1.3354930574611752,True,-0.8322751226345751,-1.496589760125988,0.664314637491413
0.31,0.565625,1.5,0.7426869258296632,1.3900201822520188,True,-0.8063397906797947,-1.5091535124920823,0.7028137218122876
0.31,0.565625,1.625,0.7426869258296632,1.4454705594515471,True,-0.7819720030027787,-1.5219299941131774,0.7399579911103987
0.31,0.565625,1.75,0.7426869258296632,1.5018678380142427,True,-0.7590338136386776,-1.5349246540132047,0.775890840374527
0.31,0.565625,1.875,0.7426869258296632,1.5592364815355195,True,-0.737403001262203,-1.5481431289198637,0.8107401276576607
0.31,0.565625,2.0,0.7426869258296632,1.617601803634076,True,-0.7169708906802612,-1.5615912514171777,0.8446203607369165
0.31,0.575,0.0,0.7260049481886147,0.7932284813899573,True,-1.29678752253151,-1.41686196457696,0.12007444204545004
0.31,0.575,0.125,0.7260049481886147,0.8385836524220152,True,-1.2327109457501089,-1.4238625368145033,0.1911515910643944
0.31,0.575,0.25,0.7260049481886147,0.884389239577078,True,-1.1746684875762836,-1.4309326307964099,0.25626414322012625
0.31,0.575,0.375,0.7260049481886147,0.9306519858703352,True,-1.1218461232493828,-1.4380732873073108,0.31622716405792795
0.31,0.575,0.5,0.7260049481886147,0.9773787695882968,True,-1.073569947057013,-1.4452855680109693,0.37171562095395627
0.31,0.575,0.625,0.7260049481886147,1.0245766076979814,True,-1.0292772676134339,-1.452570555976491,0.42329328836305713
0.31,0.575,0.75,0.7260049481886147,1.0722526593597315,True,-0.9884945748279347,-1.4599293562205253,0.47143478139259065
0.31,0.575,0.875,0.7260049481886147,1.1204142295473467,True,-0.950820545280739,-1.467363096266034,0.516542550985295
0.31,0.575,1.0,0.7260049481886147,1.1690687727793845,True,-0.9159127911706824,-1.474872926718218,0.5589601355475355
0.31,0.575,1.125,0.7260049481886147,1.2182238969656287,True,-0.883477424832715,-1.4824600218582182,0.5989825970255033
0.31,0.575,1.25,0.7260049481886147,1.2678873673728928,True,-0.8532607647391758,-1.4901255802552398,0.636864815516064
0.31,0.575,1.375,0.7260049481886147,1.3180671107145048,True,-0.8250426872396832,-1.4978708253977626,0.6728281381580794
0.31,0.575,1.5,0.7260049481886147,1.3687712193679924,True,-0.7986312552536442,-1.5056970063445412,0.707065751090897
0.31,0.575,1.625,0.7260049481886147,1.4200079557256833,True,-0.7738583466449717,-1.513605398396121,0.7397470517511494
0.31,0.575,1.75,0.7260049481886147,1.471785756683136,True,-0.7505760717441856,-1.5215973037876271,0.7710212320434415
0.31,0.575,1.875,0.7260049481886147,1.5241132382705178,True,-0.7286538186761965,-1.5296740524036176,0.8010202337274211
0.31,0.575,2.0,0.7260049481886147,1.5769992004322728,True,-0.7079758017810013,-1.5378370025158254,0.8298612007348242
0.31,0.584375,0.0,0.7106249778774675,0.7968035873948668,True,-1.3051616273319968,-1.4634406320679265,0.1582790047359297
0.31,0.584375,0.125,0.7106249778774675,0.8417095488291828,True,-1.238207138213935,-1.4666115097390124,0.22840437152507742
0.31,0.584375,0.25,0.7106249778774675,0.8868105308204636,True,-1.1777869409962687,-1.4697961581057861,0.29200921710951744
0.31,0.584375,0.375,0.7106249778774675,0.9321078065554628,True,-1.122988988332092,-1.472994667069885,0.350005678737793
0.31,0.584375,0.5,0.7106249778774675,0.9776026603277272,True,-1.0730634231710072,-1.4762071273172133,0.40314370414620604
0.31,0.584375,0.625,0.7106249778774675,1.0232963876589765,True,-1.0273880602931666,-1.4794336303265134,0.4520455700333468
0.31,0.584375,0.75,0.7106249778774675,1.0691902954220753,True,-0.9854423236695308,-1.48267426837805,0.4972319447085193
0.31,0.584375,0.875,0.7106249778774675,1.115285701965631,True,-0.9467873178279435,-1.4859291345624073,0.5391418167344638
0.31,0.584375,1.0,0.7106249778774675,1.1615839372402283,True,-0.9110504125097243,-1.489198322789401,0.5781479102796767
0.31,0.584375,1.125,0.7106249778774675,1.208086342926341,True,-0.8779131914977787,-1.4924819277971137,0.6145687362993351
0.31,0.584375,1.25,0.7106249778774675,1.2547942725639352,True,-0.8471019391331852,-1.4957800451610437,0.6486781060278585
0.31,0.584375,1.375,0.7106249778774675,1.3017090916837974,True,-0.8183800622193933,-1.4990927713033804,0.6807127090839871
0.31,0.584375,1.5,0.7106249778774675,1.348832177940609,True,-0.7915420030286097,-1.5024202035023977,0.710878200473788
0.31,0.584375,1.625,0.7106249778774675,1.3961649212477993,True,-0.7664083119834741,-1.50576243990198,0.7393541279185059
0.31,0.584375,1.75,0.7106249778774675,1.4437087239142028,True,-0.7428216301860395,-1.509119579521269,0.7662979493352295
0.31,0.584375,1.875,0.7106249778774675,1.491465000782545,True,-0.7206433916384813,-1.5124917222644443,0.7918483306259629
0.31,0.584375,2.0,0.7106249778774675,1.5394351793697936,True,-0.6997510991026175,-1.5158789689306313,0.8161278698280139
0.31,0.59375,0.0,0.696486666382839,0.8013264118346717,True,-1.3131140465114821,-1.5107725933727632,0.19765854686128104
0.31,0.59375,0.125,0.696486666382839,0.8457114716797264,True,-1.2434063920884375,-1.5098107408291388,0.2664043487407013
0.31,0.59375,0.25,0.696486666382839,0.8900400508606986,True,-1.1807266243146681,-1.5088501122575138,0.3281234879428456
0.31,0.59375,0.375,0.696486666382839,0.9343122571177945,True,-1.1240629271630511,-1.507890705323088,0.383827778160037
0.31,0.59375,0.5,0.696486666382839,0.978528197917367,True,-1.0725888205863556,-1.506932517696998,0.43434369711064247
0.31,0.59375,0.625,0.696486666382839,1.0226879804527844,True,-1.0256225833014336,-1.5059755470562946,0.4803529637548609
0.31,0.59375,0.75,0.696486666382839,1.0667917116452978,True,-0.982596889054918,-1.5050197910839267,0.5224229020290087
0.31,0.59375,0.875,0.696486666382839,1.1108394981449028,True,-0.943035777878975,-1.5040652474687202,0.5610294695897452
0.31,0.59375,1.0,0.696486666382839,1.1548314463312,True,-0.9065369751076463,-1.5031119139053617,0.5965749387977154
0.31,0.59375,1.125,0.696486666382839,1.1987676623142511,True,-0.8727581632994869,-1.5021597880943782,0.6294016247948914
0.31,0.59375,1.25,0.696486666382839,1.2426482519354327,True,-0.8414062130692097,-1.5012088677421203,0.6598026546729105
0.31,0.59375,1.375,0.696486666382839,1.2864733207682841,True,-0.8122286545828856,-1.5002591505607412,0.6880304959778556
0.31,0.59375,1.5,0.696486666382839,1.330242974119357,True,-0.7850068640468456,-1.4993106342681817,0.7143037702213361
0.31,0.59375,1.625,0.696486666382839,1.373957317029057,True,-0.7595505758922666,-1.4983633165881485,0.7388127406958819
0.31,0.59375,1.75,0.696486666382839,1.4176164542724836,True,-0.7356934291788472,-1.4974171952500985,0.7617237660712514
0.31,0.59375,1.875,0.696486666382839,1.4612204903602695,True,-0.7132893277517633,-1.4964722679892202,0.7831829402374568
0.31,0.59375,2.0,0.696486666382839,1.5047695295394108,True,-0.6922094458096153,-1.4955285325464143,0.803319086736799
0.31,0.603125,0.0,0.6835339554965233,0.8068128885913108,True,-1.3206683808641002,-1.5588578484914695,0.23818946762736926
0.31,0.603125,0.125,0.6835339554965233,0.850607307196362,True,-1.248327281871511,-1.5534507089134373,0.3051234270419263
0.31,0.603125,0.25,0.6835339554965233,0.8940989605590245,True,-1.183499749267564,-1.5480809506725046,0.36458120140494055
0.31,0.603125,0.375,0.6835339554965233,0.9372909775376692,True,-1.1250729988671906,-1.5427481874597668,0.41767518859257624
0.31,0.603125,0.5,0.6835339554965233,0.9801864440260369,True,-1.0721436513538003,-1.5374520382710057,0.46530838691720544
0.31,0.603125,0.625,0.6835339554965233,1.0227884036881907,True,-1.023970687962735,-1.5321921273159504,0.5082214393532154
0.31,0.603125,0.75,0.6835339554965233,1.0650998586784308,True,-0.9799405434343634,-1.526968083929393,0.5470275404950297
0.31,0.603125,0.875,0.6835339554965233,1.1071237703465315,True,-0.9395408335802181,-1.5217795424841116,0.5822387089038935
0.31,0.603125,1.0,0.6835339554965233,1.14886305992865,True,-0.9023403242889024,-1.5166261423055694,0.6142858180166669
0.31,0.603125,1.125,0.6835339554965233,1.1903206092242438,True,-0.8679734779762927,-1.5115075275883374,0.6435340496120447
0.31,0.603125,1.25,0.6835339554965233,1.2314992612593274,True,-0.8361284018871693,-1.5064233473142046,0.6702949454270353
0.31,0.603125,1.375,0.6835339554965233,1.2724018209363863,True,-0.8065373554944559,-1.5013732551719345,0.6948358996774786
0.31,0.603125,1.5,0.6835339554965233,1.3130310556712643,True,-0.7789692046907363,-1.4963569094786324,0.7173877047878962
0.31,0.603125,1.625,0.6835339554965233,1.3533896960173237,True,-0.7532233723659091,-1.4913739731026812,0.7381506007367721
0.31,0.603125,1.75,0.6835339554965233,1.393480436277177,True,-0.729124950246206,-1.4864241133882137,0.7572991631420076
0.31,0.603125,1.875,0.6835339554965233,1.4333059351022779,True,-0.7065207199857284,-1.4815070020810837,0.7749862820953553
0.31,0.603125,2.0,0.6835339554965233,1.4728688160806487,True,-0.685275892124195,-1.476622315256301,0.7913464231321059
0.31,0.6125,0.0,0.6717150072341355,0.8132818516072822,True,-1.3278469144390252,-1.6076963974240461,0.2798494829850209
0.31,0.6125,0.125,0.6717150072341355,0.8564169599826602,True,-1.2529871231231804,-1.597521882533342,0.34453475941016154
0.31,0.6125,0.25,0.6717150072341355,0.8990095296435623,True,-1.1861175814195468,-1.5874753392285936,0.4013577578090468
0.31,0.6125,0.375,0.6717150072341355,0.941069732422059,True,-1.1260238294312919,-1.5775543682239137,0.45153053879262184
0.31,0.6125,0.5,0.6717150072341355,0.9826074874528761,True,-1.0717256579055432,-1.5677566298385217,0.4960309719329785
0.31,0.6125,0.625,0.6717150072341355,1.0236324689721148,True,-1.022423227251606,-1.558079842157222,0.5356566149056159
0.31,0.6125,0.75,0.6717150072341355,1.0641541138289226,True,-0.9774574045617203,-1.548521779258584,0.5710643746968637
0.31,0.6125,0.875,0.6717150072341355,1.1041816287223651,True,-0.9362801259088734,-1.53908026950794,0.6028001435990665
0.31,0.6125,1.0,0.6717150072341355,1.143723997175161,True,-0.8984319470897439,-1.529753193912452,0.6313212468227081
0.31,0.6125,1.125,0.6717150072341355,1.182789986255371,True,-0.8635248277449612,-1.5205384845356331,0.6570136567906719
0.31,0.6125,1.25,0.6717150072341355,1.2213881530566073,True,-0.8312287787491478,-1.511434122968821,0.6802053442196733
0.31,0.6125,1.375,0.6717150072341355,1.2595268509468225,True,-0.8012613979231024,-1.502438138857243,0.7011767409341406
0.31,0.6125,1.5,0.6717150072341355,1.297214235595267,True,-0.7733795905255687,-1.493548608478407,0.7201690179528384
0.31,0.6125,1.625,0.6717150072341355,1.3344582707867394,True,-0.747372960247656,-1.4847636533706587,0.7373906931230028
0.31,0.6125,1.75,0.6717150072341355,1.3712667340318487,True,-0.7230584902817693,-1.4760814390098596,0.7530229487280903
0.31,0.6125,1.875,0.6717150072341355,1.4076472219815823,True,-0.7002762299297112,-1.4675001735322253,0.7672239436025141
0.31,0.6125,2.0,0.6717150072341355,1.4436071556540928,True,-0.6788857717453624,-1.4590181065014503,0.7801323347560879
0.31,0.621875,0.0,0.6609821114696919,0.8207551903479845,True,-1.3346706706019578,-1.6572882401704927,0.32261756956853493
0.31,0.621875,0.125,0.6609821114696919,0.8631625445900256,True,-1.2574020575051303,-1.6420147242950438,0.38461266678991346
0.31,0.621875,0.25,0.6609821114696919,0.9047953870438944,True,-1.188590519919747,-1.6270201581042383,0.4384296381844912
0.31,0.621875,0.375,0.6609821114696919,0.945674743786524,True,-1.1269196536747768,-1.61229696880497,0.4853773151301932
0.31,0.621875,0.5,0.6609821114696919,0.9858208866456245,True,-1.0713327884003108,-1.597837855256013,0.5265050668557023
0.31,0.621875,0.625,0.6609821114696919,1.0252533667196901,True,-1.0209719401355222,-1.5836357758953892,0.562663835759867
0.31,0.621875,0.75,0.6609821114696919,1.0639910461261395,True,-0.9751332090603959,-1.5696839373058953,0.5945507282454994
0.31,0.621875,0.875,0.6609821114696919,1.1020521280859006,True,-0.933233676051583,-1.5559757833797803,0.6227421073281972
0.31,0.621875,1.0,0.6609821114696919,1.1394541854452636,True,-0.8947864819768834,-1.5425049850462604,0.6477185030693771
0.31,0.621875,1.125,0.6609821114696919,1.176214187728886,True,-0.859381823322327,-1.5292654305280533,0.6698836072057263
0.31,0.621875,1.25,0.6609821114696919,1.2123485268114538,True,-0.8266722878520119,-1.5162512160954227,0.6895789282434108
0.31,0.621875,1.375,0.6609821114696919,1.2478730412895942,True,-0.7963614163753302,-1.503456637288344,0.7070952209130138
0.31,0.621875,1.5,0.6609821114696919,1.2828030396301686,True,-0.7681946918860774,-1.490876180579369,0.7226814886932917
0.31,0.621875,1.625,0.6609821114696919,1.31715332216602,True,-0.7419523756228957,-1.4785045154515937,0.7365521398286979
0.31,0.621875,1.75,0.6609821114696919,1.350938202005581,True,-0.7174437629908205,-1.466336486867813,0.7488927238769926
0.31,0.621875,1.875,0.6609821114696919,1.3841715249183943,True,-0.6945025415302559,-1.4543671081085134,0.7598645665782575
0.31,0.621875,2.0,0.6609821114696919,1.4168666882545968,True,-0.6729830119007127,-1.4425915539577943,0.7696085420570815
0.31,0.6312500000000001,0.0,0.6512915788423814,0.829258013834068,True,-1.341159469623766,-1.70763337673081,0.366473907107044
0.31,0.6312500000000001,0.125,0.6512915788423814,0.8708685772082787,True,-1.261587133109615,-1.6869196951513659,0.42533256204175096
0.31,0.6312500000000001,0.25,0.6512915788423814,0.9114817622423806,True,-1.1909281702680552,-1.6667025071465331,0.4757743368784779
0.31,0.6312500000000001,0.375,0.6512915788423814,0.9511330040305592,True,-1.127764352722876,-1.6469641731748546,0.5191998204519785
0.31,0.6312500000000001,0.5,0.6512915788423814,0.9898560787182682,True,-1.0709631750568296,-1.6276878795172838,0.5567247044604542
0.31,0.6312500000000001,0.625,0.6512915788423814,1.0276831994619187,True,-1.0196093512120454,-1.6088575905085851,0.5892482392965397
0.31,0.6312500000000001,0.75,0.6512915788423814,1.0646451058039477,True,-0.9729551179928368,-1.590458004046544,0.6175028860537071
0.31,0.6312500000000001,0.875,0.6512915788423814,1.100771146984444,True,-0.9303835853535853,-1.5724745101195554,0.6420909247659701
0.31,0.6312500000000001,1.0,0.6512915788423814,1.1360893596638804,True,-0.891381304964143,-1.5548931521163538,0.6635118471522108
0.31,0.6312500000000001,1.125,0.6512915788423814,1.1706265404895317,True,-0.8555174608348801,-1.5377005907025467,0.6821831298676666
0.31,0.6312500000000001,1.25,0.6512915788423814,1.2044083139003148,True,-0.8224278891124034,-1.5208840700674626,0.6984561809550592
0.31,0.6312500000000001,1.375,0.6512915788423814,1.23745919553061,True,-0.7918026682596823,-1.5044313863618115,0.7126287181021292
0.31,0.6312500000000001,1.5,0.6512915788423814,1.2698026515427747,True,-0.7633763823649884,-1.4883308581620427,0.7249544757970543
0.31,0.6312500000000001,1.625,0.6512915788423814,1.3014611541901144,True,-0.7369204090901406,-1.472571298811174,0.7356508897210335
0.31,0.6312500000000001,1.75,0.6512915788423814,1.3324562338867836,True,-0.7122367575413445,-1.4571419904984628,0.7449052329571183
0.31,0.6312500000000001,1.875,0.6512915788423814,1.3628085280381685,True,-0.6891531044307688,-1.4420326599517135,0.7528795555209447
0.31,0.6312500000000001,2.0,0.6512915788423814,1.3925378268644617,True,-0.6675187652062501,-1.4272334556263608,0.7597146904201107
0.31,0.640625,0.0,0.642603625057412,0.8388188255046021,True,-1.3473319868203686,-1.7587318071049962,0.4113998202846276
0.31,0.640625,0.125,0.642603625057412,0.8795621699155308,True,-1.2655563800721852,-1.732227258611068,0.4666708785388829
0.31,0.640625,0.25,0.642603625057412,0.9190957205147244,True,-1.1931394106850066,-1.7065097107724465,0.5133703000874399
0.31,0.640625,0.375,0.642603625057412,0.957472572706738,True,-1.1285614875050531,-1.681544623721451,0.5529831362163979
0.31,0.640625,0.5,0.642603625057412,0.9947427596941283,True,-1.0706151150717533,-1.6572994496281805,0.5866843345564272
0.31,0.640625,0.625,0.642603625057412,1.0309534700998717,True,-1.0183286833629142,-1.6337434911317743,0.6154148077688602
0.31,0.640625,0.75,0.642603625057412,1.0661492472908727,True,-0.9709115493207872,-1.6108477716755645,0.6399362223547773
0.31,0.640625,0.875,0.642603625057412,1.1003721721728634,True,-0.9277137789656666,-1.588584916594491,0.6608711376288243
0.31,0.640625,1.0,0.642603625057412,1.133662031033955,True,-0.8881961786424123,-1.5669290439287422,0.6787328652863299
0.31,0.640625,1.125,0.642603625057412,1.1660564698443743,True,-0.8519076727607726,-1.545855664047977,0.6939479912872044
0.31,0.640625,1.25,0.642603625057412,1.1975911362705194,True,-0.8184680094422733,-1.5253415872676865,0.7068735778254133
0.31,0.640625,1.375,0.642603625057412,1.228299810529624,True,-0.7875543854244772,-1.505364838725013,0.7178104533005357
0.31,0.640625,1.5,0.642603625057412,1.258214526094863,True,-0.7588909917207526,-1.4859045798571064,0.7270135881363539
0.31,0.640625,1.625,0.642603625057412,1.2873656811576182,True,-0.7322407620514899,-1.4669410358921793,0.7347002738406894
0.31,0.640625,1.75,0.642603625057412,1.315782141662212,True,-0.7073988009290203,-1.4484554288228741,0.7410566278938538
0.31,0.640625,1.875,0.642603625057412,1.3434913366472632,True,-0.6841871055979113,-1.430429915384365,0.7462428097864536
0.31,0.640625,2.0,0.642603625057412,1.370519346555606,True,-0.6624502940876674,-1.4128475296065823,0.7503972355189149
0.31,0.65,0.0,0.6348822515119305,0.8494697111140868,True,-1.3532058104698832,-1.8105835312930532,0.45737772082316996
0.31,0.65,0.125,0.6348822515119305,0.8892732298407472,True,-1.2693228815358437,-1.7779278848732039,0.5086050033373601
0.31,0.65,0.25,0.6348822515119305,0.9276663948276217,True,-1.1952324526383318,-1.7464293224129321,0.5511968697746004
0.31,0.65,0.375,0.6348822515119305,0.9647228605447704,True,-1.1293143287367358,-1.7160274162312568,0.586713087494521
0.31,0.65,0.5,0.6348822515119305,1.0005112404966232,True,-1.0702870537782179,-1.6866658743617406,0.6163788205835228
0.31,0.65,0.625,0.6348822515119305,1.0350955312263899,True,-1.017123781524299,-1.658292192690324,0.641168411166025
0.31,0.65,0.75,0.6348822515119305,1.0685354942319987,True,-0.9689920330525249,-1.6308573416234367,0.6618653085709117
0.31,0.65,0.875,0.6348822515119305,1.1008870005884261,True,-0.9252097859834022,-1.604315483352565,0.6791056973691628
0.31,0.65,1.0,0.6348822515119305,1.1322023424570025,True,-0.8852129532875425,-1.578623716285449,0.6934107629979066
0.31,0.65,1.125,0.6348822515119305,1.1625305151351266,True,-0.8485309478934049,-1.5537418436465464,0.7052108957531416
0.31,0.65,1.25,0.6348822515119305,1.1919174728462927,True,-0.8147680809695761,-1.5296321636214953,0.7148640826519193
0.31,0.65,1.375,0.6348822515119305,1.2204063610791887,True,-0.7835892312150213,-1.5062592787412215,0.7226700475262001
0.31,0.65,1.5,0.6348822515119305,1.248037727946424,True,-0.7547086832491735,-1.4835899224787765,0.728881239229603
0.31,0.65,1.625,0.6348822515119305,1.2748497167404245,True,-0.727881346546515,-1.46159280127242,0.7337114547259049
0.31,0.65,1.75,0.6348822515119305,1.300878241609494,True,-0.7028957829066061,-1.440238450397273,0.7373426674906668
0.31,0.65,1.875,0.6348822515119305,1.3261571480555314,True,-0.6795686223176408,-1.4194991022896062,0.7399304799719654
0.31,0.65,2.0,0.6348822515119305,1.3507183597616454,True,-0.6577400550353653,-1.3993485660863654,0.7416085110510001
0.32375,0.5,0.0,0.9136638286604376,0.8128716328737465,True,-1.1797383043048688,-1.0495937036163507,0.13014460068851808
0.32375,0.5,0.125,0.9136638286604376,0.8568629290649231,True,-1.1497451440049553,-1.0782674774535668,0.07147766655138854
0.32375,0.5,0.25,0.9136638286604376,0.9033253230199856,True,-1.1212392388374366,-1.1085519266867383,0.012687312150698293
0.32375,0.5,0.375,0.9136638286604376,0.9524730429261238,True,-1.0941126435037434,-1.1405866864510144,0.04647404294727098
0.32375,0.5,0.5,0.9136638286604376,1.004545816790586,True,-1.068267612202176,-1.1745280128074211,0.10626040060524522
0.32375,0.5,0.625,0.9136638286604376,1.0598127828972062,True,-1.0436154217695195,-1.2105513316003818,0.16693590983086226
0.32375,0.5,0.75,0.9136638286604376,1.1185771426452322,True,-1.0200753540958483,-1.2488542712041861,0.22877891710833786
0.32375,0.5,0.875,0.9136638286604376,1.1811817255706194,True,-0.9975738132189985,-1.2896602898351135,0.292086476616115
0.32375,0.5,1.0,0.9136638286604376,1.2480156822346682,True,-0.9760435567515273,-1.3332230380138228,0.3571794812622955
0.32375,0.5,1.125,0.9136638286604376,1.3195225809864977,True,-0.9554230247319186,-1.3798316360805902,0.4244086113486716
0.32375,0.5,1.25,0.9136638286604376,1.3962102645942192,True,-0.9356557517903932,-1.4298170988028465,0.4941613470124533
0.32375,0.5,1.375,0.9136638286604376,1.4786629297870657,True,-0.9166898508077089,-1.483560208888554,0.5668703580808451
0.32375,0.5,1.5,0.9136638286604376,1.5675560374250894,True,-0.898477558124271,-1.5415012355185274,0.6430236773942564
0.32375,0.5,1.625,0.9136638286604376,1.663674858607057,True,-0.880974831906364,-1.6041520228036803,0.7231771908973162
0.32375,0.5,1.75,0.9136638286604376,1.7679377349599374,True,-0.864140996559354,-1.672111150972305,0.8079701544129511
0.32375,0.5,1.875,0.9136638286604376,1.881425512953804,True,-0.8479384271442205,-1.74608312182178,0.8981446946775595
0.32375,0.5,2.0,0.9136638286604376,2.005419152652267,True,-0.8323322686436407,-1.826902872313244,0.9945706036696034
0.32375,0.509375,0.0,0.8867745537790084,0.8093354126725282,True,-1.1935514348590812,-1.0893224652883915,0.10422896957068972
0.32375,0.509375,0.125,0.8867745537790084,0.8539487847218458,True,-1.1593054669780876,-1.1163914102276358,0.04291405675045179
0.32375,0.509375,0.25,0.8867745537790084,0.9008358831244732,True,-1.1269698897095657,-1.144839927493236,0.017870037783670245
0.32375,0.509375,0.375,0.8867745537790084,0.950175074255625,True,-1.0963891857937818,-1.1747762400095734,0.07838705421579162
0.32375,0.509375,0.5,0.8867745537790084,1.0021638817754295,True,-1.0674242720769487,-1.2063201942898034,0.13889592221285474
0.32375,0.509375,0.625,0.8867745537790084,1.0570216295586594,True,-1.0399503845659799,-1.239604864020522,0.19965447945454207
0.32375,0.509375,0.75,0.8867745537790084,1.1149925345803662,True,-1.0138552819006255,-1.274778426654973,0.26092314475434764
0.32375,0.509375,0.875,0.8867745537790084,1.1763493417393063,True,-0.9890377126825236,-1.3120063688243566,0.322968656141833
0.32375,0.509375,1.0,0.8867745537790084,1.2413976147370085,True,-0.9654061025298424,-1.3514740898076816,0.3860679872778392
0.32375,0.509375,1.125,0.8867745537790084,1.3104808254452096,True,-0.9428774249649576,-1.3933899894805268,0.4505125645155692
0.32375,0.509375,1.25,0.8867745537790084,1.3839864206658923,True,-0.9213762267905116,-1.4379891492919732,0.5166129225014616
0.32375,0.509375,1.375,0.8867745537790084,1.4623530925133892,True,-0.9008337838432021,-1.485537743533331,0.5847039596901289
0.32375,0.509375,1.5,0.8867745537790084,1.546079540538569,True,-0.8811873672213096,-1.536338355714063,0.6551509884927534
0.32375,0.509375,1.625,0.8867745537790084,1.6357350953282574,True,-0.8623796034805677,-1.5907364243786934,0.7283568208981257
0.32375,0.509375,1.75,0.8867745537790084,1.7319726818883694,True,-0.8443579150523653,-1.6491281085760168,0.8047701935236514
0.32375,0.509375,1.875,0.8867745537790084,1.8355447469310007,True,-0.8270740293893067,-1.711969951662516,0.8848959222732092
0.32375,0.509375,2.0,0.8867745537790084,1.9473229719854193,True,-0.8104835471877924,-1.7797908421358868,0.9693072949480944
0.32375,0.51875,0.0,0.861559184903872,0.8066618043707432,True,-1.2066770440906995,-1.1297892225332877,0.0768878215574118
0.32375,0.51875,0.125,0.861559184903872,0.8517549748005637,True,-1.1683307068878421,-1.1550355555840426,0.013295151303799546
0.32375,0.51875,0.25,0.861559184903872,0.8989095177851776,True,-1.1323464804677514,-1.1814359901886236,0.049089509720872115
0.32375,0.51875,0.375,0.861559184903872,0.9482700889275788,True,-1.098512629361028,-1.2090715147427462,0.11055888538171832
0.32375,0.51875,0.5,0.861559184903872,0.9999952028422195,True,-1.0666419900316224,-1.2380308768929327,0.17138888686131026
0.32375,0.51875,0.625,0.861559184903872,1.0542589336210675,True,-1.036568506904718,-1.2684115355771874,0.23184302867246953
0.32375,0.51875,0.75,0.861559184903872,1.1112528719697397,True,-1.008144338316578,-1.300320756767659,0.2921764184510809
0.32375,0.51875,0.875,0.861559184903872,1.1711883853791683,True,-0.9812374259096659,-1.3338768788739404,0.35263945296427446
0.32375,0.51875,1.0,0.861559184903872,1.2342992375238895,True,-0.955729443139846,-1.3692107792667347,0.41348133612688875
0.32375,0.51875,1.125,0.861559184903872,1.3008446353099017,True,-0.9315140556565324,-1.4064675802298716,0.47495352457333917
0.32375,0.51875,1.25,0.861559184903872,1.3711127873062119,True,-0.9084954396090028,-1.4458086412209334,0.5373132016119306
0.32375,0.51875,1.375,0.861559184903872,1.4454250765707468,True,-0.8865870143395379,-1.4874138951131237,0.6008268807735858
0.32375,0.51875,1.5,0.861559184903872,1.5241409752982138,True,-0.8657103541258863,-1.531484599761314,0.6657742456354278
0.32375,0.51875,1.625,0.861559184903872,1.6076638598442337,True,-0.8457942501392174,-1.5782465936621488,0.7324523435229314
0.32375,0.51875,1.75,0.861559184903872,1.6964479246299886,True,-0.8267738989710746,-1.6279541668448643,0.8011802678737897
0.32375,0.51875,1.875,0.861559184903872,1.7910064450739487,True,-0.8085901982434136,-1.6808946870424888,0.8723044887990752
0.32375,0.51875,2.0,0.861559184903872,1.891921706962121,True,-0.7911891331705381,-1.7373941588527055,0.9462050256821675
0.32375,0.528125,0.0,0.8379507922345476,0.8048526590002163,True,-1.2191490186118918,-1.170993975351039,0.04815504326085285
0.32375,0.528125,0.125,0.8379507922345476,0.8502955013135117,True,-1.1768535280425076,-1.1941909595084963,0.01733743146598865
0.32375,0.528125,0.25,0.8379507922345476,0.8975751438646526,True,-1.137394323190782,-1.2183255660471408,0.08093124285635889
0.32375,0.528125,0.375,0.8379507922345476,0.9468052490022548,True,-1.1004953626009504,-1.2434558156269038,0.1429604530259534
0.32375,0.528125,0.5,0.8379507922345476,0.9981090545841546,True,-1.0659153002138342,-1.2696446168707995,0.20372931665696536
0.32375,0.528125,0.625,0.8379507922345476,1.0516204040353354,True,-1.0334422003921517,-1.2969602921735313,0.2635180917813795
0.32375,0.528125,0.75,0.8379507922345476,1.1074849122960897,True,-1.0028891904257426,-1.3254771728773096,0.32258798245156695
0.32375,0.528125,0.875,0.8379507922345476,1.1658612890457996,True,-0.974090862076167,-1.3552762747313896,0.38118541265522254
0.32375,0.528125,1.0,0.8379507922345476,1.226922844522449,True,-0.9469002758008861,-1.3864460665603464,0.4395457907594603
0.32375,0.528125,1.125,0.8379507922345476,1.290859208026301,True,-0.9211864530933529,-1.4190833475001958,0.4978968944068429
0.32375,0.528125,1.25,0.8379507922345476,1.3578782949990975,True,-0.8968322666058752,-1.453294251123633,0.5564619845177579
0.32375,0.528125,1.375,0.8379507922345476,1.4282085656632075,True,-0.8737326563357241,-1.4891953983964508,0.6154627420607267
0.32375,0.528125,1.5,0.8379507922345476,1.502101626915178,True,-0.8517931145620466,-1.526915225853337,0.6751221112912903
0.32375,0.528125,1.625,0.8379507922345476,1.5798352399153002,True,-0.830928393452123,-1.5665955208673261,0.7356671274152031
0.32375,0.528125,1.75,0.8379507922345476,1.66171680914263,True,-0.8110613980697399,-1.6083932026905512,0.7973318046208113
0.32375,0.528125,1.875,0.8379507922345476,1.7480874453008202,True,-0.7921222344802967,-1.6524823964257955,0.8603601619454988
0.32375,0.528125,2.0,0.8379507922345476,1.8393267152908166,True,-0.7740473881793881,-1.6990568577216882,0.9250094695423001
0.32375,0.5375,0.0,0.8158830971489066,0.8039110053448509,True,-1.2310001532911838,-1.2129367237416453,0.018063429549538546
0.32375,0.5375,0.125,0.8158830971489066,0.8495841397793449,True,-1.1849046918987058,-1.233848619863666,0.048943927964960166
0.32375,0.5375,0.25,0.8158830971489066,0.8968597774851318,True,-1.142136767671895,-1.2554942379506755,0.11335747027878051
0.32375,0.5375,0.375,0.8158830971489066,0.9458237634248354,True,-1.1023486204941855,-1.277912882967468,0.1755642624732825
0.32375,0.5375,0.5,0.8158830971489066,0.996568185577339,True,-1.065239318031474,-1.30114671830555,0.23590740027407597
0.32375,0.5375,0.625,0.8158830971489066,1.049191952970914,True,-1.03054713041175,-1.3252410304413231,0.2946939000295732
0.32375,0.5375,0.75,0.8158830971489066,1.103801439151307,True,-0.9980433479348162,-1.350244523554308,0.3522011756194917
0.32375,0.5375,0.875,0.8158830971489066,1.1605111998929478,True,-0.9675272329580905,-1.3762096481383173,0.40868241518022674
0.32375,0.5375,1.0,0.8158830971489066,1.2194447753430722,True,-0.9388218704110529,-1.4031929682710715,0.4643710978600186
0.32375,0.5375,1.125,0.8158830971489066,1.2807355884188354,True,-0.9117707356872657,-1.431255572954199,0.5194848372669332
0.32375,0.5375,1.25,0.8158830971489066,1.3445279532072159,True,-0.8862348392731825,-1.4604635378191013,0.5742286985459188
0.32375,0.5375,1.375,0.8158830971489066,1.4109782094090373,True,-0.8620903381257875,-1.4908884445433632,0.6287981064175757
0.32375,0.5375,1.5,0.8158830971489066,1.4802560015987443,True,-0.8392265271473661,-1.5226079665724876,0.6833814394251215
0.32375,0.5375,1.625,0.8158830971489066,1.5525457253360395,True,-0.8175441420156648,-1.5557065312364051,0.7381623892207403
0.32375,0.5375,1.75,0.8158830971489066,1.6280481660828277,True,-0.796953918478051,-1.5902760701437983,0.7933221516657474
0.32375,0.5375,1.875,0.8158830971489066,1.706982361597479,True,-0.7773753640062893,-1.626416871897729,0.8490415078914397
0.32375,0.5375,2.0,0.8158830971489066,1.7895877241845521,True,-0.7587357061685316,-1.6642385537886506,0.905502847620119
0.32375,0.546875,0.0,0.7952911901935759,0.8038412650766996,True,-1.2422620655382222,-1.255617467705107,0.013355402166884911
0.32375,0.546875,0.125,0.7952911901935759,0.8496347341650728,True,-1.1925131244423461,-1.2739994909629486,0.08148636652060248
0.32375,0.546875,0.25,0.7952911901935759,0.8967889412077578,True,-1.1465953537118199,-1.292927730028894,0.14633237631707408
0.32375,0.546875,0.375,0.7952911901935759,0.9453654517292613,True,-1.1040826040883724,-1.3124268980099845,0.20834429392161202
0.32375,0.546875,0.5,0.7952911901935759,0.995429602102459,True,-1.0646096687181061,-1.3325232216750078,0.26791355295690167
0.32375,0.546875,0.625,0.7952911901935759,1.047050792740566,True,-1.0278617651857915,-1.353244559145116,0.32538279395932457
0.32375,0.546875,0.75,0.7952911901935759,1.100302809076822,True,-0.9935661232042117,-1.3746205287387487,0.38105440553453707
0.32375,0.546875,0.875,0.7952911901935759,1.1552641734537685,True,-0.9614852020370646,-1.3966826502240206,0.43519744818695605
0.32375,0.546875,1.0,0.7952911901935759,1.2120185314513643,True,-0.9314111808236214,-1.4194644998952557,0.4880533190716343
0.32375,0.546875,1.125,0.7952911901935759,1.2706550766513676,True,-0.9031614515551044,-1.4430018810782768,0.5398404295231723
0.32375,0.546875,1.25,0.7952911901935759,1.331269018374623,True,-0.8765749080959748,-1.4673330118855128,0.590758103789538
0.32375,0.546875,1.375,0.7952911901935759,1.3939620975503555,True,-0.851508871907406,-1.492498732291845,0.6409898603844391
0.32375,0.546875,1.5,0.7952911901935759,1.4588431565967588,True,-0.8278365305686318,-1.5185427328912053,0.6907062023225735
0.32375,0.546875,1.625,0.7952911901935759,1.52602877002752,True,-0.8054447920032668,-1.5455118080292616,0.7400670160259948
0.32375,0.546875,1.75,0.7952911901935759,1.5956439434701406,True,-0.7842324777741226,-1.5734561363973831,0.7892236586232605
0.32375,0.546875,1.875,0.7952911901935759,1.6678228899141687,True,-0.7641087945421924,-1.602429592627575,0.8383207980853825
0.32375,0.546875,2.0,0.7952911901935759,1.7427098933307892,True,-0.7449920349753026,-1.6324900939592786,0.8874980589839759
0.32375,0.55625,0.0,0.7761120924819571,0.8046494501349076,True,-1.2529651376048694,-1.2990362072414243,0.04607106963655494
0.32375,0.55625,0.125,0.7761120924819571,0.8504614719291642,True,-1.1997059914984607,-1.314634488104871,0.11492849660641036
0.32375,0.55625,0.25,0.7761120924819571,0.8973870478239854,True,-1.1507899535081014,-1.3306119168194053,0.17982196331130385
0.32375,0.55625,0.375,0.7761120924819571,0.945467278118637,True,-1.1057065866002054,-1.3469824873976546,0.2412759007974492
0.32375,0.55625,0.5,0.7761120924819571,0.9947453109412767,True,-1.0640224258407418,-1.363760891106134,0.2997384652653923
0.32375,0.55625,0.625,0.7761120924819571,1.0452664713994368,True,-1.0253669965961854,-1.380962560438974,0.35559556384278856
0.32375,0.55625,0.75,0.7761120924819571,1.0970784006295313,True,-0.9894217736066833,-1.3986037164621155,0.4091819428554322
0.32375,0.55625,0.875,0.7761120924819571,1.150231205642031,True,-0.955911383707616,-1.416701419833263,0.46079003612564706
0.32375,0.55625,1.0,0.7761120924819571,1.2047776209529848,True,-0.924596537699434,-1.4352736258349013,0.5106770881354673
0.32375,0.55625,1.125,0.7761120924819571,1.2607731830978421,True,-0.8952683074253142,-1.454339243793539,0.5590709363682248
0.32375,0.55625,1.25,0.7761120924819571,1.318276419241569,True,-0.8677434585495807,-1.473918201298519,0.6061747427489383
0.32375,0.55625,1.375,0.7761120924819571,1.3773490512315791,True,-0.8418606186125975,-1.4940315136788673,0.6521708950662698
0.32375,0.55625,1.5,0.7761120924819571,1.438056216589033,True,-0.817477111012494,-1.5147013592473944,0.6972242482349004
0.32375,0.55625,1.625,0.7761120924819571,1.5004667081019052,True,-0.7944663236996465,-1.5359511608784064,0.7414848371787599
0.32375,0.55625,1.75,0.7761120924819571,1.5646532338725723,True,-0.7727155101087579,-1.557805674549865,0.785090164441107
0.32375,0.55625,1.875,0.7761120924819571,1.6306926998866067,True,-0.7521239416996994,-1.5802910855536663,0.8281671438539668
0.32375,0.55625,2.0,0.7761120924819571,1.6986665174115994,True,-0.732601348221098,-1.6034351131601594,0.8708337649390614
0.32375,0.565625,0.0,0.7582851861004047,0.8063433460719273,True,-1.263138482162434,-1.3431929423505968,0.08005446018816276
0.32375,0.565625,0.125,0.7582851861004047,0.8520791412794564,True,-1.2065087791330673,-1.3557444920646335,0.14923571293156623
0.32375,0.565625,0.25,0.7582851861004047,0.8986777611524966,True,-1.1547389042177236,-1.3685328319478258,0.2137939277301022
0.32375,0.565625,0.375,0.7582851861004047,0.946163854511631,True,-1.1072290077103857,-1.3815647265244493,0.2743357188140636
0.32375,0.565625,0.5,0.7582851861004047,0.9945630180803838,True,-1.0634740582069901,-1.394847200457492,0.33137314225050196
0.32375,0.565625,0.625,0.7582851861004047,1.0439018424936235,True,-1.023045819895433,-1.4083875511750188,0.3853417312795857
0.32375,0.565625,0.75,0.7582851861004047,1.094207961011966,True,-0.9855787901222232,-1.4221933622391552,0.436614572116932
0.32375,0.565625,0.875,0.7582851861004047,1.1455101011297009,True,-0.9507591178430131,-1.4362725175091664,0.48551339966615326
0.32375,0.565625,1.0,0.7582851861004047,1.1978381392787552,True,-0.9183157909275118,-1.4506332161541906,0.5323174252266788
0.32375,0.565625,1.125,0.7582851861004047,1.2512231588475775,True,-0.8880135682514422,-1.4652839885757134,0.5772704203242712
0.32375,0.565625,1.25,0.7582851861004047,1.3056975117516854,True,-0.8596472664327512,-1.4802337133047445,0.6205864468719933
0.32375,0.565625,1.375,0.7582851861004047,1.3612948838121475,True,-0.833037107683435,-1.4954916349440255,0.6624545272605905
0.32375,0.565625,1.5,0.7582851861004047,1.4180503642196207,True,-0.8080249057546629,-1.5110673832314667,0.7030424774768038
0.32375,0.565625,1.625,0.7582851861004047,1.4760005193849368,True,-0.7844709189618214,-1.5269709933074072,0.7425000743455857
0.32375,0.565625,1.75,0.7582851861004047,1.5351834715028496,True,-0.7622512380269312,-1.5432129272753365,0.7809616892484054
0.32375,0.565625,1.875,0.7582851861004047,1.5956389821836414,True,-0.7412556056204642,-1.559804097153422,0.8185484915329577
0.32375,0.565625,2.0,0.7582851861004047,1.6574085415381286,True,-0.7213855865979453,-1.5767558893226408,0.8553703027246955
0.32375,0.575,0.0,0.7417525359217325,0.8089326848356899,True,-1.2728099270247448,-1.3880876730326237,0.11527774600787888
0.32375,0.575,0.125,0.7417525359217325,0.8545033729320861,True,-1.2129453768876866,-1.397320353539409,0.18437497665172242
0.32375,0.575,0.25,0.7417525359217325,0.9006843349237785,True,-1.1584591309419778,-1.4066766763288165,0.2482175453868387
0.32375,0.575,0.375,0.7417525359217325,0.9474879124552784,True,-1.1086575574374062,-1.4161591418340296,0.30750158439662334
0.32375,0.575,0.5,0.7417525359217325,0.9949267822117601,True,-1.062961383892303,-1.4257703183679038,0.3628089344756007
0.32375,0.575,0.625,0.7417525359217325,1.0430139673660035,True,-1.020883061999807,-1.4355128444421341,0.41462978244232707
0.32375,0.575,0.75,0.7417525359217325,1.0917628494978786,True,-0.9820093040049153,-1.445389431182156,0.46338012717724075
0.32375,0.575,0.875,0.7417525359217325,1.1411871810092895,True,-0.9459874626613416,-1.4554028648424298,0.5094154021810882
0.32375,0.575,1.0,0.7417525359217325,1.1913010980587717,True,-0.9125148027641518,-1.4655560094270077,0.5530412066628559
0.32375,0.575,1.125,0.7417525359217325,1.2421191340412951,True,-0.8813299725290132,-1.475851809420558,0.5945218368915447
0.32375,0.575,1.25,0.7417525359217325,1.2936562336402766,True,-0.8522061659560405,-1.486293292635322,0.6340871266792816
0.32375,0.575,1.375,0.7417525359217325,1.3459277674803398,True,-0.8249455975369838,-1.4968835731797818,0.671937975642798
0.32375,0.575,1.5,0.7417525359217325,1.3989495474110052,True,-0.7993750045575512,-1.5076258545551564,0.7082508499976052
0.32375,0.575,1.625,0.7417525359217325,1.4527378424532273,True,-0.7753419607338207,-1.5185234328861892,0.7431814721523685
0.32375,0.575,1.75,0.7417525359217325,1.507309395442569,True,-0.7527118354182804,-1.5295797002930784,0.7768678648747981
0.32375,0.575,1.875,0.7417525359217325,1.562681440404772,True,-0.7313652702190655,-1.540798148411789,0.8094328781927235
0.32375,0.575,2.0,0.7417525359217325,1.618871720701611,True,-0.7111960731498026,-1.5521823720704273,0.8409862989206247
0.32375,0.584375,0.0,0.7264591222471216,0.812429310210043,True,-1.2820060154463389,-1.4337203992875067,0.15171438384116787
0.32375,0.584375,0.125,0.7264591222471216,0.8577508687504415,True,-1.2190381620680169,-1.4393528975441618,0.220314735476145
0.32375,0.584375,0.25,0.7264591222471216,0.9034299313342302,True,-1.1619662605010694,-1.4450298258902932,0.2830635653892237
0.32375,0.584375,0.375,0.7264591222471216,0.9494707447888964,True,-1.1099992508102805,-1.450751712115526,0.3407524613052455
0.32375,0.584375,0.5,0.7264591222471216,0.9958776234740038,True,-1.0624815303226385,-1.4565190924022762,0.3940375620796377
0.32375,0.584375,0.625,0.7264591222471216,1.0426549506289011,True,-1.0188651500595112,-1.462332511493239,0.4434673614337279
0.32375,0.584375,0.75,0.7264591222471216,1.0898071797528321,True,-0.9786885893802583,-1.4681925228629102,0.489503933482652
0.32375,0.584375,0.875,0.7264591222471216,1.1373388360183647,True,-0.9415603619472714,-1.4740996888932423,0.5325393269459708
0.32375,0.584375,1.0,0.7264591222471216,1.1852545177190768,True,-0.9071462169147713,-1.4800545810535624,0.5729083641387911
0.32375,0.584375,1.125,0.7264591222471216,1.2335588977524752,True,-0.875159047935125,-1.4860577800848667,0.6108987321497417
0.32375,0.584375,1.25,0.7264591222471216,1.282256725139149,True,-0.8453508643790626,-1.4921098761886193,0.6467590118095567
0.32375,0.584375,1.375,0.7264591222471216,1.331352826579197,True,-0.8175063492874326,-1.4982114692201816,0.680705119932749
0.32375,0.584375,1.5,0.7264591222471216,1.3808521080469995,True,-0.7914376498698571,-1.5043631688870094,0.7129255190171523
0.32375,0.584375,1.625,0.7264591222471216,1.4307595564254412,True,-0.7669801339275802,-1.5105655949517511,0.7435854610241709
0.32375,0.584375,1.75,0.7264591222471216,1.4810802411807273,True,-0.7439889095166946,-1.5168193774403915,0.7728304679236969
0.32375,0.584375,1.875,0.7264591222471216,1.5318193160789773,True,-0.7223359523590003,-1.5231251568555888,0.8007892044965885
0.32375,0.584375,2.0,0.7264591222471216,1.5829820209458116,True,-0.7019077206874121,-1.529483584395351,0.8275758637079388
0.32375,0.59375,0.0,0.7123530009815114,0.8168473389068562,True,-1.290752018931116,-1.4800911211152445,0.18933910218412864
0.32375,0.59375,0.125,0.7123530009815114,0.8618396196777807,True,-1.2248080837059205,-1.4818329277548432,0.2570248440489227
0.32375,0.59375,0.25,0.7123530009815114,0.9069379212011891,True,-1.1652747264435508,-1.4835788388240785,0.3183041123805277
0.32375,0.59375,0.375,0.7123530009815114,0.9521426186634117,True,-1.1112604944135758,-1.4853288688477093,0.37406837443413354
0.32375,0.59375,0.5,0.7123530009815114,0.9974540890231491,True,-1.062031899523201,-1.48708303241911,0.425051132895909
0.32375,0.59375,0.625,0.7123530009815114,1.0428727110219493,True,-1.0169799135767923,-1.4888413442006736,0.4718614306238813
0.32375,0.59375,0.75,0.7123530009815114,1.0883988651947631,True,-0.9755946442439204,-1.490603818924223,0.5150091746803026
0.32375,0.59375,0.875,0.7123530009815114,1.1340329338805686,True,-0.9374459525033798,-1.4923704713914214,0.5549245188880416
0.32375,0.59375,1.0,0.7123530009815114,1.1797753012330765,True,-0.9021684464562109,-1.4941413164741861,0.5919728700179753
0.32375,0.59375,1.125,0.7123530009815114,1.2256263532315086,True,-0.8694497404913643,-1.4959163691151065,0.6264666286237422
0.32375,0.59375,1.25,0.7123530009815114,1.2715864776914552,True,-0.8390211798499225,-1.4976956443278635,0.658674464477941
0.32375,0.59375,1.375,0.7123530009815114,1.317656064275809,True,-0.8106504470315192,-1.499479157197655,0.6888287101661357
0.32375,0.59375,1.5,0.7123530009815114,1.3638355045057764,True,-0.7841356191827095,-1.501266922881618,0.7171313036989085
0.32375,0.59375,1.625,0.7123530009815114,1.41012519177197,True,-0.7593003547772175,-1.503058956609264,0.7437586018320466
0.32375,0.59375,1.75,0.7123530009815114,1.4565255213455772,True,-0.7359899669046237,-1.5048552736829053,0.7688653067782816
0.32375,0.59375,1.875,0.7123530009815114,1.503036890389616,True,-0.7140681983114711,-1.5066558894780948,0.7925876911666238
0.32375,0.59375,2.0,0.7123530009815114,1.5496596979702602,True,-0.6934145561128416,-1.5084608194440632,0.8150462633312215
0.32375,0.603125,0.0,0.6993854056096501,0.8222033200972709,True,-1.2990719599393368,-1.527199838515838,0.2281278785765013
0.32375,0.603125,0.125,0.6993854056096501,0.8667891153713783,True,-1.230274745140484,-1.5247512307959918,0.29447648565550777
0.32375,0.603125,0.25,0.6993854056096501,0.9112321678828961,True,-1.1683978657823142,-1.5223104623672987,0.35391259658498453
0.32375,0.603125,0.375,0.6993854056096501,0.955533162029126,True,-1.1124471457486607,-1.519877495643336,0.4074303498946754
0.32375,0.603125,0.5,0.6993854056096501,0.9996927778391195,True,-1.0616101377877791,-1.5174522932775818,0.45584215548980267
0.32375,0.603125,0.625,0.6993854056096501,1.043711691008471,True,-1.0152164145912839,-1.5150348181615036,0.4998184035702198
0.32375,0.603125,0.75,0.6993854056096501,1.0875905729337823,True,-0.9727078358926081,-1.5126250334226652,0.5399171975300571
0.32375,0.603125,0.875,0.6993854056096501,1.1313300907467974,True,-0.9336159851231101,-1.510222902422851,0.576606917299741
0.32375,0.603125,1.0,0.6993854056096501,1.174930907348213,True,-0.8975448366066956,-1.507828388756212,0.6102835521495165
0.32375,0.603125,1.125,0.6993854056096501,1.218393681441169,True,-0.8641572913065261,-1.505441456247424,0.641284164940898
0.32375,0.603125,1.25,0.6993854056096501,1.2617190675644174,True,-0.8331646099144903,-1.5030620689498666,0.6698974590353763
0.32375,0.603125,1.375,0.6993854056096501,1.3049077161251834,True,-0.8043180410827276,-1.5006901911438195,0.6963721500610919
0.32375,0.603125,1.5,0.6993854056096501,1.3479602734317095,True,-0.7774021305855261,-1.498325787334674,0.7209236567491479
0.32375,0.603125,1.625,0.6993854056096501,1.3908773817254982,True,-0.7522293304040577,-1.4959688222511633,0.7437394918471056
0.32375,0.603125,1.75,0.6993854056096501,1.4336596792132439,True,-0.7286356223289688,-1.4936192608436072,0.7649836385146384
0.32375,0.603125,1.875,0.6993854056096501,1.4763078000984726,True,-0.7064769401119,-1.4912770682821759,0.7848001281702759
0.32375,0.603125,2.0,0.6993854056096501,1.5188223746128795,True,-0.6856262251892655,-1.4889422099551697,0.8033159847659042
0.32375,0.6125,0.0,0.687510803080138,0.8285163959901166,True,-1.3069886422814,-1.5750465514892866,0.2680579092078865
0.32375,0.6125,0.125,0.687510803080138,0.8726205479140823,True,-1.235456484430397,-1.5680985804698615,0.3326420960394645
0.32375,0.6125,0.25,0.687510803080138,0.9163372972711686,True,-1.1713480079722747,-1.5612116391197552,0.38986363114748057
0.32375,0.6125,0.375,0.687510803080138,0.9596717260485824,True,-1.1135645662411142,-1.5543849268454124,0.4408203606042982
0.32375,0.6125,0.5,0.687510803080138,1.002628827732467,True,-1.0612141091416694,-1.5476176569953377,0.48640354785366835
0.32375,0.6125,0.625,0.687510803080138,1.0452135092260755,True,-1.013564801446181,-1.5409090565579202,0.5273442551117391
0.32375,0.6125,0.75,0.687510803080138,1.0874305927182615,True,-0.9700105995849811,-1.5342583658670743,0.5642477662820932
0.32375,0.6125,0.875,0.687510803080138,1.1292848175037964,True,-0.9300453380300876,-1.527664838315479,0.5976195002853913
0.32375,0.6125,1.0,0.687510803080138,1.1707808417569463,True,-0.8932429681691568,-1.5211277400751746,0.6278847719060178
0.32375,0.6125,1.125,0.687510803080138,1.2119232442597114,True,-0.8592423103386243,-1.5146463498253053,0.655404039486681
0.32375,0.6125,1.25,0.687510803080138,1.2527165260860618,True,-0.827735160579744,-1.50821995848679,0.680484797907046
0.32375,0.6125,1.375,0.687510803080138,1.2931651122434893,True,-0.7984569214863153,-1.5018478689637214,0.703390947477406
0.32375,0.6125,1.5,0.687510803080138,1.3332733532731107,True,-0.7711791535284348,-1.4955293958912914,0.7243502423628566
0.32375,0.6125,1.625,0.687510803080138,1.3730455268095587,True,-0.745703602757929,-1.489263865390054,0.743560262632125
0.32375,0.6125,1.75,0.687510803080138,1.41248583910182,True,-0.7218573744117018,-1.4830506148263398,0.761193240414638
0.32375,0.6125,1.875,0.687510803080138,1.4515984264961623,True,-0.6994890038554621,-1.47688899257864,0.7773999887231778
0.32375,0.6125,2.0,0.687510803080138,1.4903873568822499,True,-0.6784652360752599,-1.4707783578097944,0.7923131217345345
0.32375,0.621875,0.0,0.6766869138123481,0.8358084659146044,True,-1.314523687338424,-1.6236312600355898,0.3091075726971657
0.32375,0.621875,0.125,0.6766869138123481,0.8793570119324202,True,-1.2403704520257641,-1.6118657419243532,0.37149528989858904
0.32375,0.621875,0.25,0.6766869138123481,0.9222789562426419,True,-1.1741365566512048,-1.6002695129034168,0.42613295625221204
0.32375,0.621875,0.375,0.6766869138123481,0.964587726108185,True,-1.114617668624075,-1.5888389453268656,0.4742212767027907
0.32375,0.621875,0.5,0.6766869138123481,1.0062963678743555,True,-1.0608418720691504,-1.5775705144613625,0.5167286423922122
0.32375,0.621875,0.625,0.6766869138123481,1.047417560381521,True,-1.0120161824453249,-1.5664607948624403,0.5544446124171154
0.32375,0.621875,0.75,0.6766869138123481,1.0879636278150144,True,-0.9674871813965983,-1.5555064569028443,0.588019275506246
0.32375,0.621875,0.875,0.6766869138123481,1.1279465520196168,True,-0.9267116060704524,-1.544704263445524,0.6179926573750715
0.32375,0.621875,1.0,0.6766869138123481,1.167377984304478,True,-0.8892340748941913,-1.5340510666542988,0.6448169917601075
0.32375,0.621875,1.125,0.6766869138123481,1.2062692567628943,True,-0.8546700080763412,-1.5235438049355876,0.6688737968592464
0.32375,0.621875,1.25,0.6766869138123481,1.2446313931300572,True,-0.8226923823023641,-1.5131795000049724,0.6904871177026083
0.32375,0.621875,1.375,0.6766869138123481,1.2824751192006165,True,-0.7930213516426149,-1.5029552540726816,0.7099339024300667
0.32375,0.621875,1.5,0.6766869138123481,1.3198108728267446,True,-0.7654160362564775,-1.4928682471424122,0.7274522108859347
0.32375,0.621875,1.625,0.6766869138123481,1.3566488135162746,True,-0.7396679684304936,-1.4829157344181985,0.7432477659877048
0.32375,0.621875,1.75,0.6766869138123481,1.3929988316494526,True,-0.7155958183903411,-1.4730950438143213,0.7574992254239802
0.32375,0.621875,1.875,0.6766869138123481,1.4288705573318705,True,-0.6930411175283617,-1.463403573563509,0.7703624560351472
0.32375,0.621875,2.0,0.6766869138123481,1.464273368900222,True,-0.6718647657095792,-1.4538387899189364,0.7819740242093572
0.32375,0.6312500000000001,0.0,0.6668747043987864,0.8441043562430254,True,-1.3216975745559005,-1.6729539641547497,0.3512563895988492
0.32375,0.6312500000000001,0.125,0.6668747043987864,0.887023703397813,True,-1.2450326853010905,-1.6560434757571636,0.41101079045607314
0.32375,0.6312500000000001,0.25,0.6668747043987864,0.9290840619857992,True,-1.1767740646591198,-1.639471434170992,0.4626973695118721
0.32375,0.6312500000000001,0.375,0.6668747043987864,0.9703109642242278,True,-1.1156109593393932,-1.6232277795446286,0.5076168202052354
0.32375,0.6312500000000001,0.5,0.6668747043987864,1.0107289403789277,True,-1.0604916590577136,-1.607302846801524,0.5468111877438104
0.32375,0.6312500000000001,0.625,0.6668747043987864,1.050361567435827,True,-1.0105625163525973,-1.5916873464633088,0.5811248301107115
0.32375,0.6312500000000001,0.75,0.6668747043987864,1.0892315149626044,True,-0.965123417939357,-1.5763723465800208,0.6112489286406638
0.32375,0.6312500000000001,0.875,0.6668747043987864,1.127360588347923,True,-0.9235947523052672,-1.5613492556935786,0.6377545033883114
0.32375,0.6312500000000001,1.0,0.6668747043987864,1.1647697695915433,True,-0.8854925536650684,-1.546609806766223,0.6611172531011547
0.32375,0.6312500000000001,1.125,0.6668747043987864,1.2014792558056417,True,-0.8504095546589954,-1.5321460420107613,0.681736487351766
0.32375,0.6312500000000001,1.25,0.6668747043987864,1.2375084955757785,True,-0.8180005715241646,-1.5179502985641184,0.6999497270399538
0.32375,0.6312500000000001,1.375,0.6668747043987864,1.2728762233190603,True,-0.7879711083990939,-1.5040151949500125,0.7160440865509186
0.32375,0.6312500000000001,1.5,0.6668747043987864,1.3076004917670223,True,-0.7600683828157023,-1.4903336182804934,0.730265235464791
0.32375,0.6312500000000001,1.625,0.6668747043987864,1.3416987026915743,True,-0.7340741927498224,-1.476898712149733,0.7428245193999106
0.32375,0.6312500000000001,1.75,0.6668747043987864,1.3751876359838822,True,-0.7097991989425918,-1.4637038651767649,0.7539046662341731
0.32375,0.6312500000000001,1.875,0.6668747043987864,1.4080834771882813,True,-0.6870783053698888,-1.4507427001569524,0.7636643947870636
0.32375,0.6312500000000001,2.0,0.6668747043987864,1.4404018435861443,True,-0.6657668994276738,-1.4380090637847824,0.7722421643571087
0.32375,0.640625,0.0,0.6580383601622589,0.8534319983976093,True,-1.3285296849216734,-1.7230146638467634,0.39448497892508994
0.32375,0.640625,0.125,0.6580383601622589,0.8956481193359294,True,-1.2494581796896884,-1.7006225420536607,0.4511643623639723
0.32375,0.640625,0.25,0.6580383601622589,0.9367810446209945,True,-1.1792703028368035,-1.6788049649713068,0.49953466213450337
0.32375,0.640625,0.375,0.6580383601622589,0.9768719356918545,True,-1.1165485765213172,-1.6575400998984513,0.5409915233771341
0.32375,0.640625,0.5,0.6580383601622589,1.015959894560512,True,-1.0601618585789199,-1.636807206487672,0.5766453479087521
0.32375,0.640625,0.625,0.6580383601622589,1.0540820910197164,True,-1.0091965172040496,-1.6165865692722747,0.6073900520682252
0.32375,0.640625,0.75,0.6580383601622589,1.0912738805368953,True,-0.9629065469686221,-1.5968594351334258,0.6339528881648037
0.32375,0.640625,0.875,0.6580383601622589,1.1275689136202194,True,-0.9206768112693943,-1.5776079552905968,0.6569311440212026
0.32375,0.640625,1.0,0.6580383601622589,1.1629992373679114,True,-0.8819955507530406,-1.5588151314381513,0.6768195806851107
0.32375,0.640625,1.125,0.6580383601622589,1.1975953898449245,True,-0.8464335424932482,-1.5404647656864077,0.6940312231931595
0.32375,0.640625,1.25,0.6580383601622589,1.2313864878711684,True,-0.8136281055657875,-1.522541413997326,0.7089133084315384
0.32375,0.640625,1.375,0.6580383601622589,1.2644003087517102,True,-0.7832706872480356,-1.5050303428334724,0.7217596555854368
0.32375,0.640625,1.5,0.6580383601622589,1.2966633664311271,True,-0.755097128299526,-1.4879174887645032,0.7328203604649772
0.32375,0.640625,1.625,0.6580383601622589,1.328200982510818,True,-0.7288799561947106,-1.4711894207984213,0.7423094646037107
0.32375,0.640625,1.75,0.6580383601622589,1.3590373525290569,True,-0.7044222299692753,-1.4548333052255473,0.750411075256272
0.32375,0.640625,1.875,0.6580383601622589,1.3891956078684047,True,-0.6815525840591552,-1.4388368727818175,0.7572842887226623
0.32375,0.640625,2.0,0.6580383601622589,1.4186978736233684,True,-0.6601212072165173,-1.4231883879548284,0.763067180738311
0.32375,0.65,0.0,0.6501452435206412,0.863822617123899,True,-1.3350383463673412,-1.773813359111633,0.43877501274429176
0.32375,0.65,0.125,0.6501452435206412,0.9052602606242665,True,-1.2536609562692438,-1.7455937043562046,0.49193274808696086
0.32375,0.65,0.25,0.6501452435206412,0.9454000855114785,True,-1.1816343230833832,-1.7182578834799425,0.5366235603965592
0.32375,0.65,0.375,0.6501452435206412,0.9843021228301431,True,-1.1174343240598343,-1.6917650144439471,0.5743306903841128
0.32375,0.65,0.5,0.6501452435206412,1.0220227575004004,True,-1.0598509991822553,-1.6660766982745965,0.6062256990923411
0.32375,0.65,0.625,0.6501452435206412,1.0586150009972306,True,-1.0079115713252111,-1.6411568333648563,0.6332452620396452
0.32375,0.65,0.75,0.6501452435206412,1.094128739919258,True,-0.9608250439798237,-1.6169714461952134,0.6561464022153897
0.32375,0.65,0.875,0.6501452435206412,1.1286109628981,True,-0.9179416352187101,-1.5934885368050122,0.6755469015863022
0.32375,0.65,1.0,0.6501452435206412,1.1621059680186356,True,-0.8787226107555484,-1.570677937536151,0.6919553267806027
0.32375,0.65,1.125,0.6501452435206412,1.1946555526755198,True,-0.8427175334271411,-1.5485111837379595,0.7057936503108184
0.32375,0.65,1.25,0.6501452435206412,1.2262991875769162,True,-0.8095468856460454,-1.5269613952680556,0.7174145096220103
0.32375,0.65,1.375,0.6501452435206412,1.2570741764185545,True,-0.7788886404702678,-1.5060031677519208,0.7271145272816529
0.32375,0.65,1.5,0.6501452435206412,1.2870158025862457,True,-0.7504677727224017,-1.4856124726762987,0.735144699953897
0.32375,0.65,1.625,0.6501452435206412,1.31615746409983,True,-0.7240479856389379,-1.4657665654903458,0.7417185798514079
0.32375,0.65,1.75,0.6501452435206412,1.3445307978836287,True,-0.6994251256415766,-1.4464439009755978,0.7470187753340213
0.32375,0.65,1.875,0.6501452435206412,1.372165794335512,True,-0.6764218965887977,-1.4276240552227208,0.7512021586339231
0.32375,0.65,2.0,0.6501452435206412,1.3990909030668164,True,-0.6548835838655516,-1.4092876536210455,0.7544040697554939
0.3375,0.5,0.0,0.9215388924926088,0.8267599950772679,True,-1.1471864058410908,-1.0291999990152296,0.11798640682586115
0.3375,0.5,0.125,0.9215388924926088,0.8684864707217896,True,-1.1232068168603773,-1.0585444979182455,0.06466231894213181
0.3375,0.5,0.25,0.9215388924926088,0.9126621853186196,True,-1.1002091906248708,-1.0896114449465604,0.0105977456783104
0.3375,0.5,0.375,0.9215388924926088,0.9595093054057771,True,-1.0781344203696452,-1.122557080607681,0.04442266023803576
0.3375,0.5,0.5,0.9215388924926088,1.0092777051190975,True,-1.0569280497330669,-1.1575571310129473,0.10062908127988046
0.3375,0.5,0.625,0.9215388924926088,1.062249424658747,True,-1.0365398242235595,-1.1948099433320294,0.1582701191084699
0.3375,0.5,0.75,0.9215388924926088,1.118744018284128,True,-1.0169232936173578,-1.234540246815831,0.2176169531984733
0.3375,0.5,0.875,0.9215388924926088,1.1791250060116945,True,-0.9980354586654769,-1.2770036900078565,0.2789682313423796
0.3375,0.5,1.0,0.9215388924926088,1.2438077042237758,True,-0.9798364564541023,-1.322492347686467,0.3426558912323646
0.3375,0.5,1.125,0.9215388924926088,1.3132687917197192,True,-0.9622892795728861,-1.3713414482717114,0.4090521686988253
0.3375,0.5,1.25,0.9215388924926088,1.3880580771354054,True,-0.9453595249276273,-1.42393764936319,0.4785781244355626
0.3375,0.5,1.375,0.9215388924926088,1.4688130823193677,True,-0.9290151686096743,-1.4807292936233476,0.5517141250136733
0.3375,0.5,1.5,0.9215388924926088,1.556277260495118,True,-0.9132263637221727,-1.5422392208550875,0.6290128571329148
0.3375,0.5,1.625,0.9215388924926088,1.651322951948345,True,-0.8979652584777044,-1.6090809117840401,0.7111156533063357
0.3375,0.5,1.75,0.9215388924926088,1.754980579647071,True,-0.8832058322349827,-1.6819790201267664,0.7987731878917836
0.3375,0.5,1.875,0.9215388924926088,1.8684761575657882,True,-0.8689237474439853,-1.7617957506387338,0.8928720031947486
0.3375,0.5,2.0,0.9215388924926088,1.9932800105771828,True,-0.8550962157274248,-1.8495651217925573,0.9944689060651325
0.3375,0.509375,0.0,0.895858714580899,0.8235082186228309,True,-1.162001277533741,-1.0681568271029547,0.09384445043078626
0.3375,0.509375,0.125,0.895858714580899,0.8661640842640598,True,-1.1336012365861052,-1.0960262606448554,0.03757497594124981
0.3375,0.509375,0.25,0.895858714580899,0.9111054621974081,True,-1.1065563055720782,-1.1253889456300665,0.018832640057988348
0.3375,0.509375,0.375,0.895858714580899,0.9585210964064379,True,-1.0807717557387615,-1.156368198930189,0.07559644319142755
0.3375,0.509375,0.5,0.895858714580899,1.008621101839228,True,-1.0561614866124123,-1.1891013002485797,0.13293981363616747
0.3375,0.509375,0.625,0.895858714580899,1.061640077242552,True,-1.0326470654967004,-1.2237415259068871,0.19109446041018674
0.3375,0.509375,0.75,0.895858714580899,1.1178407784096405,True,-1.0101568924844229,-1.2604605487807425,0.2503036562963197
0.3375,0.509375,0.875,0.895858714580899,1.1775184731912696,True,-0.9886254722555022,-1.2994512836690975,0.3108258114135952
0.3375,0.509375,1.0,0.895858714580899,1.2410061306089195,True,-0.9679927770608029,-1.3409312776285212,0.37293850056771827
0.3375,0.509375,1.125,0.895858714580899,1.3086806365941388,True,-0.9482036878427049,-1.3851467710591143,0.4369430832164094
0.3375,0.509375,1.25,0.895858714580899,1.380970281395855,True,-0.9292075025347728,-1.4323775896413484,0.5031700871065756
0.3375,0.509375,1.375,0.895858714580899,1.458363832900654,True,-0.9109575023045494,-1.4829430724374566,0.5719855701329072
0.3375,0.509375,1.5,0.895858714580899,1.5414216021059046,True,-0.8934105679267387,-1.537209301576338,0.6437987336495993
0.3375,0.509375,1.625,0.895858714580899,1.6307890304290975,True,-0.8765268396552108,-1.595597979593377,0.7190711399381662
0.3375,0.509375,1.75,0.895858714580899,1.7272134958458298,True,-0.86026941494625,-1.6585974098088436,0.7983279948625936
0.3375,0.509375,1.875,0.895858714580899,1.831565264055,True,-0.8446040792082027,-1.7267761848815586,0.8821721056733559
0.3375,0.509375,2.0,0.895858714580899,1.9448638285073534,True,-0.8294990654429828,-1.8008003962046941,0.9713013307617113
0.3375,0.51875,0.0,0.8716736434812483,0.8210722976165672,True,-1.1761115171593868,-1.1078373114399873,0.06827420571939946
0.3375,0.51875,0.125,0.8716736434812483,0.8645013672750275,True,-1.1434316712277792,-1.1340233246174198,0.009408346610359386
0.3375,0.51875,0.25,0.8716736434812483,0.9100332110755553,True,-1.1125188338349863,-1.1614772275246206,0.04895839368963428
0.3375,0.51875,0.375,0.8716736434812483,0.9578243380161388,True,-1.083233463524738,-1.1902933889039071,0.10705992537916909
0.3375,0.51875,0.5,0.8716736434812483,1.0080471841489507,True,-1.0554503348616908,-1.2205757808820135,0.16512544602032264
0.3375,0.51875,0.625,0.8716736434812483,1.0608921914800278,True,-1.0290567484318294,-1.252439232464461,0.22338248403263172
0.3375,0.51875,0.75,0.8716736434812483,1.1165702212185702,True,-1.003951002864999,-1.2860108846295433,0.28205988176454433
0.3375,0.51875,0.875,0.8716736434812483,1.1753153658395352,True,-0.9800410851976713,-1.3214318858909668,0.3413908006932955
0.3375,0.51875,1.0,0.8716736434812483,1.237388239029866,True,-0.9572435440229965,-1.358859376005447,0.40161583198245054
0.3375,0.51875,1.125,0.8716736434812483,1.303079841027279,True,-0.9354825163410082,-1.3984688166192827,0.4629863002782745
0.3375,0.51875,1.25,0.8716736434812483,1.3727161202815785,True,-0.9146888841941634,-1.440456741769902,0.5257678575757385
0.3375,0.51875,1.375,0.8716736434812483,1.4466633823141635,True,-0.8947995413335085,-1.485044019214449,0.5902444778809405
0.3375,0.51875,1.5,0.8716736434812483,1.525334735205925,True,-0.8757567535240565,-1.5324797368043326,0.6567229832802761
0.3375,0.51875,1.625,0.8716736434812483,1.6091978111476586,True,-0.8575075988304961,-1.5830458582750568,0.7255382594445607
0.3375,0.51875,1.75,0.8716736434812483,1.6987840688472216,True,-0.8400034764548843,-1.637062832230211,0.7970593557753267
0.3375,0.51875,1.875,0.8716736434812483,1.7947000677289457,True,-0.8231996745269076,-1.6948963900382852,0.8716967155113776
0.3375,0.51875,2.0,0.8716736434812483,1.8976412193935999,True,-0.8070549887534236,-1.7569658374197257,0.949910848666302
0.3375,0.528125,0.0,0.848937303517728,0.8194577943850976,True,-1.189548758642252,-1.148241452026327,0.041307306615924855
0.3375,0.528125,0.125,0.848937303517728,0.8635164253015348,True,-1.1527307597395706,-1.172527041585763,0.01979628184619231
0.3375,0.528125,0.25,0.848937303517728,0.9094790274729263,True,-1.1181234617301714,-1.1978621205067381,0.07973865877656672
0.3375,0.528125,0.375,0.848937303517728,0.9574717452506384,True,-1.0855335589650243,-1.2243162209076774,0.1387826619426531
0.3375,0.528125,0.5,0.848937303517728,1.007632117940754,True,-1.0547896446015286,-1.251965155928171,0.19717551132664246
0.3375,0.528125,0.625,0.848937303517728,1.0601103962032352,True,-1.025739194977712,-1.2808917453423014,0.2551525503645895
0.3375,0.528125,0.75,0.848937303517728,1.1150710452592814,True,-0.9982460389580762,-1.3111866441426492,0.312940605184573
0.3375,0.528125,0.875,0.848937303517728,1.1726944665840386,True,-0.9721882236345446,-1.3429492915557675,0.3707610679212229
0.3375,0.528125,1.0,0.848937303517728,1.2331789760530767,True,-0.9474562058008829,-1.37628900141772,0.4288327956168372
0.3375,0.528125,1.125,0.848937303517728,1.2967430842437917,True,-0.9239513126271112,-1.4113262191006548,0.48737490647354365
0.3375,0.528125,1.25,0.848937303517728,1.3636281341435994,True,-0.9015844259166135,-1.448193975445828,0.5466095495292145
0.3375,0.528125,1.375,0.848937303517728,1.4341013633731738,True,-0.8802748529542195,-1.4870395746938738,0.6067647217396543
0.3375,0.528125,1.5,0.848937303517728,1.5084594728305212,True,-0.8599493537866302,-1.528026561559665,0.6680772077730349
0.3375,0.528125,1.625,0.848937303517728,1.587032802234013,True,-0.8405413002217178,-1.5713370228363832,0.7307957226146654
0.3375,0.528125,1.75,0.848937303517728,1.6701902364907688,True,-0.8219899461967862,-1.6171742918383554,0.7951843456415691
0.3375,0.528125,1.875,0.848937303517728,1.758344996606096,True,-0.8042397926813857,-1.665766140412403,0.8615263477310172
0.3375,0.528125,2.0,0.848937303517728,1.8519615069443713,True,-0.7872400331269934,-1.7173685642456373,0.9301285311186439
0.3375,0.5375,0.0,0.8276018562775899,0.8186710370596938,True,-1.2023439862889402,-1.1893692488619747,0.012974737426965532
0.3375,0.5375,0.125,0.8276018562775899,0.8632268536996222,True,-1.1615294504615263,-1.211528714436627,0.04999926397510057
0.3375,0.5375,0.25,0.8276018562775899,0.909474453768922,True,-1.123394904844808,-1.2345295744573934,0.11113466961258545
0.3375,0.5375,0.375,0.8276018562775899,0.9575120574490554,True,-1.0876847773554112,-1.2584206779162572,0.17073590056084598
0.3375,0.5375,0.5,0.8276018562775899,1.0074456381478134,True,-1.0541749909390592,-1.2832547298079615,0.22907973886890232
0.3375,0.5375,0.625,0.8276018562775899,1.0593897029229236,True,-1.022668257020379,-1.3090886792672123,0.2864204222468334
0.3375,0.5375,0.75,0.8276018562775899,1.1134681691093673,True,-0.9929901884637368,-1.335984155551999,0.34299396708826213
0.3375,0.5375,0.875,0.8276018562775899,1.1698153512762917,True,-0.9649860702632568,-1.3640079588984213,0.3990218886351645
0.3375,0.5375,1.0,0.8276018562775899,1.228577075060641,True,-0.9385181616793585,-1.3932326144766027,0.4547144527972442
0.3375,0.5375,1.125,0.8276018562775899,1.2899119373229833,True,-0.9134634305091416,-1.4237369991187285,0.510273568609587
0.3375,0.5375,1.25,0.8276018562775899,1.353992735553276,True,-0.8897116408364909,-1.4556070522221405,0.5658954113856496
0.3375,0.5375,1.375,0.8276018562775899,1.4210080936541876,True,-0.8671637315543965,-1.4889365843191764,0.6217728527647799
0.3375,0.5375,1.5,0.8276018562775899,1.4911643163152342,True,-0.8457304353512823,-1.5238281993347549,0.6780977639834725
0.3375,0.5375,1.625,0.8276018562775899,1.5646875103749833,True,-0.8253310975607681,-1.5603943496282602,0.7350632520674921
0.3375,0.5375,1.75,0.8276018562775899,1.6418260191209109,True,-0.8058926619241701,-1.5987585466723688,0.7928658847481987
0.3375,0.5375,1.875,0.8276018562775899,1.722853224742118,True,-0.7873487963807145,-1.639056754829648,0.8517079584489334
0.3375,0.5375,2.0,0.8276018562775899,1.8080707855720268,True,-0.7696391368381746,-1.6814390013683398,0.9117998645301651
0.3375,0.546875,0.0,0.8076188793252128,0.8187193525125902,True,-1.2145273963010303,-1.2312207019469301,0.01669330564589977
0.3375,0.546875,0.125,0.8076188793252128,0.8636500218586827,True,-1.1698570289421832,-1.2510196015497088,0.08116257260752557
0.3375,0.546875,0.25,0.8076188793252128,0.9100493420244112,True,-1.1283560473264849,-1.2714656686786494,0.14310962135216454
0.3375,0.546875,0.375,0.8076188793252128,0.9579905182244358,True,-1.08969870311617,-1.2925911615377035,0.20289245842153347
0.3375,0.546875,0.5,0.8076188793252128,1.007551703114982,True,-1.0536024096568268,-1.3144305184429887,0.2608281087861619
0.3375,0.546875,0.625,0.8076188793252128,1.0588164219317096,True,-1.019820822525841,-1.3370205451616832,0.3171997226358423
0.3375,0.546875,0.75,0.8076188793252128,1.1118740422331248,True,-0.9881382098738972,-1.3604006219065543,0.3722624120326571
0.3375,0.546875,0.875,0.8076188793252128,1.1668202938067516,True,-0.9583648405223018,-1.3846129324349274,0.4262480919126257
0.3375,0.546875,1.0,0.8076188793252128,1.2237578451008477,True,-0.9303331814344229,-1.4097027180558912,0.4793695366214683
0.3375,0.546875,1.125,0.8076188793252128,1.2827969434838613,True,-0.903894743554303,-1.4357185597634776,0.5318238162091746
0.3375,0.546875,1.25,0.8076188793252128,1.344056127732175,True,-0.8789174505982805,-1.4627126921975622,0.5837952415992816
0.3375,0.546875,1.375,0.8076188793252128,1.4076630224344602,True,-0.8552834323644786,-1.4907413537016796,0.635457921337201
0.3375,0.546875,1.5,0.8076188793252128,1.4737552255151714,True,-0.8328871647458267,-1.519865177414207,0.6869780126683802
0.3375,0.546875,1.625,0.8076188793252128,1.5424813018654646,True,-0.8116338945173521,-1.550149629116253,0.738515734598901
0.3375,0.546875,1.75,0.8076188793252128,1.6140018981823157,True,-0.7914382992961926,-1.5816654984904837,0.7902271991942911
0.3375,0.546875,1.875,0.8076188793252128,1.6884909966236978,True,-0.7722233427067915,-1.6144894515498578,0.8422661088430663
0.3375,0.546875,2.0,0.8076188793252128,1.7661373278728996,True,-0.7539192923625749,-1.648704653310718,0.894785360948143
0.3375,0.55625,0.0,0.7889400882212543,0.8196112816881311,True,-1.2261282905454682,-1.273795811281193,0.04766752073572467
0.3375,0.55625,0.125,0.7889400882212543,0.8648033425954064,True,-1.1777411592139597,-1.2909909211189479,0.11324976190498814
0.3375,0.55625,0.25,0.7889400882212543,0.9112322044215454,True,-1.133028074407592,-1.308656620861663,0.175628546454071
0.3375,0.55625,0.375,0.7889400882212543,0.9589493440869157,True,-1.0915858849540456,-1.3268124969429296,0.23522661198888395
0.3375,0.55625,0.5,0.7889400882212543,1.008009135398511,True,-1.0530683418190145,-1.3454792380316152,0.29241089621260064
0.3375,0.55625,0.625,0.7889400882212543,1.0584690557372887,True,-1.0171764010709572,-1.364678713674249,0.3475023126032919
0.3375,0.55625,0.75,0.7889400882212543,1.110389910697776,True,-0.9836504445213784,-1.3844340597680582,0.4007836152466798
0.3375,0.55625,0.875,0.7889400882212543,1.1638360785258304,True,-0.9522639897144426,-1.404769771566998,0.4525057818525554
0.3375,0.55625,1.0,0.7889400882212543,1.2188757764205802,True,-0.9228185668956044,-1.4257118050068742,0.5028932381112698
0.3375,0.55625,1.125,0.7889400882212543,1.2755813510167064,True,-0.8951395179424152,-1.4472876872308342,0.552148169288419
0.3375,0.55625,1.25,0.7889400882212543,1.3340295956479435,True,-0.8690725293209478,-1.469526637304835,0.6004541079838872
0.3375,0.55625,1.375,0.7889400882212543,1.3943020973173792,True,-0.8444807536749646,-1.4924596982362381,0.6479789445612736
0.3375,0.55625,1.5,0.7889400882212543,1.4564856166711853,True,-0.821242406662219,-1.516119881549868,0.694877474887649
0.3375,0.55625,1.625,0.7889400882212543,1.52067250469723,True,-0.7992487499448854,-1.540542325837507,0.7412935758926217
0.3375,0.55625,1.75,0.7889400882212543,1.586961160357454,True,-0.778402389831213,-1.5657644708822616,0.7873620810510485
0.3375,0.55625,1.875,0.7889400882212543,1.6554565339233407,True,-0.7586158354026588,-1.5918262491724806,0.8332104137698219
0.3375,0.55625,2.0,0.7889400882212543,1.726270681429637,True,-0.7398102710992364,-1.6187702968656392,0.8789600257664029
0.3375,0.565625,0.0,0.7715179235808826,0.8213567804453138,True,-1.23717499787536,-1.3170945768647633,0.07991957898940338
0.3375,0.565625,0.125,0.7715179235808826,0.8667045276487485,True,-1.1852079350707887,-1.331433855435747,0.1462259203649583
0.3375,0.565625,0.25,0.7715179235808826,0.9130505497861915,True,-1.1374305976640684,-1.3460887956051988,0.20865819794113039
0.3375,0.565625,0.375,0.7715179235808826,0.9604281774173766,True,-1.0933559386601304,-1.3610699367319719,0.2677139980718415
0.3375,0.565625,0.5,0.7715179235808826,1.0088722415962093,True,-1.0525695859169564,-1.3763882926417945,0.32381870672483815
0.3375,0.565625,0.625,0.7715179235808826,1.0584191592695276,True,-1.0147167743752699,-1.392055378630963,0.3773386042556932
0.3375,0.565625,0.75,0.7715179235808826,1.1091070245754557,True,-0.9794920000876784,-1.4080832403355275,0.428591240247849
0.3375,0.565625,0.875,0.7715179235808826,1.1609757065223734,True,-0.9466307568465377,-1.4244844846180715,0.4778537277715338
0.3375,0.565625,1.0,0.7715179235808826,1.2140669535748791,True,-0.9159028821987604,-1.4412723126385365,0.5253694304397761
0.3375,0.565625,1.125,0.7715179235808826,1.2684245057233476,True,-0.8871071586569201,-1.4584605552914067,0.5713533966344866
0.3375,0.565625,1.25,0.7715179235808826,1.324094214669347,True,-0.8600669022857931,-1.4760637112091894,0.6159968089233964
0.3375,0.565625,1.375,0.7715179235808826,1.3811241728209938,True,-0.8346263342200666,-1.494096987551659,0.6594706533315924
0.3375,0.565625,1.5,0.7715179235808826,1.4395648518609763,True,-0.8106475776583131,-1.5125763438220468,0.7019287661637337
0.3375,0.565625,1.625,0.7715179235808826,1.4994692517264212,True,-0.7880081580569874,-1.531518538975528,0.7435103809185405
0.3375,0.565625,1.75,0.7715179235808826,1.5608930609248883,True,-0.7665989108250144,-1.5509411821122756,0.7843422712872612
0.3375,0.565625,1.875,0.7715179235808826,1.6238948292057716,True,-0.7463222210696777,-1.5708627870773775,0.8245405660076998
0.3375,0.565625,2.0,0.7715179235808826,1.688536153712491,True,-0.7270905354983085,-1.591302831323478,0.8642122958251696
0.3375,0.575,0.0,0.7553060228689679,0.8239674089073887,True,-1.2476948187901107,-1.361116998697641,0.11342217990753034
0.3375,0.575,0.125,0.7553060228689679,0.8693718305465071,True,-1.1922819385119874,-1.3723395551309208,0.18005761661893338
0.3375,0.575,0.25,0.7553060228689679,0.9155312055630328,True,-1.1415817727745168,-1.3837487124849168,0.24216693971040004
0.3375,0.575,0.375,0.7553060228689679,0.9624645210746581,True,-1.0950176389187907,-1.395349163782734,0.3003315248639433
0.3375,0.575,0.5,0.7553060228689679,1.0101914062845996,True,-1.0521032564103272,-1.4071457607509856,0.3550425043406584
0.3375,0.575,0.625,0.7553060228689679,1.058732159854697,True,-1.0124257003403583,-1.4191435205855698,0.4067178202452115
0.3375,0.575,0.75,0.7553060228689679,1.1081077786909046,True,-0.975632071955671,-1.4313476330665458,0.45571556111087475
0.3375,0.575,0.875,0.7553060228689679,1.1583399882269299,True,-0.9414189737854918,-1.4437634680433025,0.5023444942578107
0.3375,0.575,1.0,0.7553060228689679,1.209451274297792,True,-0.909524124236052,-1.4563965833127102,0.5468724590766582
0.3375,0.575,1.125,0.7553060228689679,1.2614649167015337,True,-0.8797196208902566,-1.4692527329145257,0.5895331120242692
0.3375,0.575,1.25,0.7553060228689679,1.3144050245543364,True,-0.8518064863234078,-1.4823378758700774,0.6305313895466695
0.3375,0.575,1.375,0.7553060228689679,1.3682965735518438,True,-0.8256102203395017,-1.495658185392098,0.6700479650525963
0.3375,0.575,1.5,0.7553060228689679,1.423165445257687,True,-0.8009771484337376,-1.5092200585956255,0.7082429101618879
0.3375,0.575,1.625,0.7553060228689679,1.4790384685490585,True,-0.7777714050045373,-1.5230301267420534,0.7452587217375161
0.3375,0.575,1.75,0.7553060228689679,1.5359434633587818,True,-0.7558724262107559,-1.5370952660508077,0.7812228398400518
0.3375,0.575,1.875,0.7553060228689679,1.5939092868637077,True,-0.7351728547776237,-1.5514226091156758,0.816249754338052
0.3375,0.575,2.0,0.7553060228689679,1.652965882280566,True,-0.7155767798878009,-1.5660195569656195,0.8504427770778186
0.3375,0.584375,0.0,0.740259594568395,0.8274565121772645,True,-1.2577139897024134,-1.4058630767798268,0.14814908707741337
0.3375,0.584375,0.125,0.740259594568395,0.8728242783592077,True,-1.198986303041146,-1.4136991433722954,0.21471284033114935
0.3375,0.584375,0.25,0.740259594568395,0.918700625325875,True,-1.1454984097448393,-1.4216230536747843,0.27612464392994496
0.3375,0.584375,0.375,0.740259594568395,0.9650941532042815,True,-1.0965790013524823,-1.429636293128911,0.33305729177642873
0.3375,0.584375,0.5,0.740259594568395,1.0120136571254001,True,-1.0516667477113673,-1.437740380858005,0.3860736331466377
0.3375,0.584375,0.625,0.740259594568395,1.0594681327827031,True,-1.0102886613594009,-1.4459368706271951,0.43564820926779424
0.3375,0.584375,0.75,0.740259594568395,1.1074667821819275,True,-0.9720433761090799,-1.4542273518365294,0.48218397572744953
0.3375,0.584375,0.875,0.740259594568395,1.156019019589784,True,-0.9365880851142773,-1.4626134505484545,0.5260253654341772
0.3375,0.584375,1.0,0.740259594568395,1.2051344776896873,True,-0.9036282369435126,-1.4710968305510528,0.5674685936075402
0.3375,0.584375,1.125,0.740259594568395,1.2548230139529584,True,-0.8729093333493797,-1.479679194458497,0.6067698611091173
0.3375,0.584375,1.25,0.740259594568395,1.305094717234356,True,-0.8442103450460083,-1.4883622848502531,0.6441519398042448
0.3375,0.584375,1.375,0.740259594568395,1.355959914601201,True,-0.8173383849761989,-1.497147885450626,0.679809500474427
0.3375,0.584375,1.5,0.740259594568395,1.4074291784058066,True,-0.7921243675227246,-1.506037822350335,0.7139134548276104
0.3375,0.584375,1.625,0.740259594568395,1.4595133336113857,True,-0.7684194471279278,-1.5150339652718667,0.746614518143939
0.3375,0.584375,1.75,0.740259594568395,1.5122234653821003,True,-0.7460920777949664,-1.524138228880453,0.7780461510854866
0.3375,0.584375,1.875,0.740259594568395,1.565570926948427,True,-0.7250255707530773,-1.5333525741426026,0.8083270033895253
0.3375,0.584375,2.0,0.740259594568395,1.6195673477595678,True,-0.7051160545282572,-1.5426790097342113,0.8375629552059541
0.3375,0.59375,0.0,0.7263357103499558,0.8318393951358131,True,-1.2672576635308654,-1.4513328111113197,0.1840751475804543
0.3375,0.59375,0.125,0.7263357103499558,0.8770818940275196,True,-1.205342779953572,-1.4555037200149676,0.25016094006139555
0.3375,0.59375,0.25,0.7263357103499558,0.9225851824565446,True,-1.1491960757096995,-1.4596986711229551,0.31050259541325564
0.3375,0.59375,0.375,0.7263357103499558,0.9683515218286929,True,-1.0980473558912853,-1.4639178729144293,0.365870517023144
0.3375,0.59375,0.5,0.7263357103499558,1.0143831997715833,True,-1.0512577028157086,-1.468161536285929,0.4169038334702204
0.3375,0.59375,0.625,0.7263357103499558,1.0606825305158152,True,-1.0082926494303683,-1.4724298745865232,0.46413722515615485
0.3375,0.59375,0.75,0.7263357103499558,1.1072518552828066,True,-0.9687016728533265,-1.4767231036535657,0.5080214308002392
0.3375,0.59375,0.875,0.7263357103499558,1.154093542679438,True,-0.9321023365451493,-1.4810414418490785,0.5489391053039292
0.3375,0.59375,1.0,0.7263357103499558,1.2012099890996377,True,-0.8981678964342142,-1.4853851100967732,0.587217213662559
0.3375,0.59375,1.125,0.7263357103499558,1.2486036191330563,True,-0.8666175192357258,-1.4897543319197262,0.6231368126840003
0.3375,0.59375,1.25,0.7263357103499558,1.2962768859809757,True,-0.837208492443264,-1.4941493334787233,0.6569408410354592
0.3375,0.59375,1.375,0.7263357103499558,1.3442322718796007,True,-0.8097299684036806,-1.4985703436112805,0.6888403752075999
0.3375,0.59375,1.5,0.7263357103499558,1.392472288530889,True,-0.7839979012184286,-1.5030175938713646,0.719019692652936
0.3375,0.59375,1.625,0.7263357103499558,1.4409994775410717,True,-0.7598509192995816,-1.5074913185698178,0.7476403992702362
0.3375,0.59375,1.75,0.7263357103499558,1.4898164108670369,True,-0.7371469378821436,-1.5119917548155126,0.774844816933369
0.3375,0.59375,1.875,0.7263357103499558,1.5389256912707225,True,-0.7157603612160682,-1.5165191425572413,0.8007587813411731
0.3375,0.59375,2.0,0.7263357103499558,1.5883299527817043,True,-0.6955797580573503,-1.5210737246263601,0.8254939665690099
0.3375,0.603125,0.0,0.7134935289714766,0.8371334939023778,True,-1.2763499037552095,-1.4975262016921205,0.22117629793691096
0.3375,0.603125,0.125,0.7134935289714766,0.8821659110624956,True,-1.2113718061201797,-1.4977443657013885,0.2863725595812088
0.3375,0.603125,0.25,0.7134935289714766,0.9272114510436061,True,-1.152689190526666,-1.4979625932854634,0.34527340275879737
0.3375,0.603125,0.375,0.7134935289714766,0.972270119582694,True,-1.0994294124336899,-1.4981808844721394,0.3987514720384495
0.3375,0.603125,0.5,0.7134935289714766,1.0173419224200888,True,-1.0508739859116756,-1.4983992392892256,0.44752525337755
0.3375,0.603125,0.625,0.7134935289714766,1.0624268652994662,True,-1.0064259820048929,-1.4986176577645476,0.4921916757596547
0.3375,0.603125,0.75,0.7134935289714766,1.1075249539678524,True,-0.9655853649115984,-1.4988361399259476,0.5332507750143491
0.3375,0.603125,0.875,0.7134935289714766,1.1526361941756251,True,-0.9279300991051632,-1.499054685801284,0.5711245866961209
0.3375,0.603125,1.0,0.7134935289714766,1.1977605916765164,True,-0.8931015111655095,-1.4992732954184314,0.6061717842529218
0.3375,0.603125,1.125,0.7134935289714766,1.242898152227615,True,-0.8607928288973249,-1.4994919688052804,0.6386991399079555
0.3375,0.603125,1.25,0.7134935289714766,1.288048881589369,True,-0.8307401212386988,-1.4997107059897383,0.6689705847510395
0.3375,0.603125,1.375,0.7134935289714766,1.333212785525588,True,-0.8027150720248948,-1.499929506999728,0.6972144349748333
0.3375,0.603125,1.5,0.7134935289714766,1.3783898698034462,True,-0.7765191686834653,-1.5001483718631896,0.7236292031797243
0.3375,0.603125,1.625,0.7134935289714766,1.4235801401934838,True,-0.7519789928502167,-1.5003673006080787,0.7483883077578619
0.3375,0.603125,1.75,0.7134935289714766,1.4687836024696106,True,-0.7289423766072755,-1.5005862932623675,0.771643916655092
0.3375,0.603125,1.875,0.7134935289714766,1.5140002624091078,True,-0.7072752442345894,-1.5008053498540455,0.793530105619456
0.3375,0.603125,2.0,0.7134935289714766,1.5592301257926302,True,-0.6868590009584018,-1.5010244704111166,0.8141654694527148
0.3375,0.6125,0.0,0.7016944638724067,0.8433585464091293,True,-1.285013689453296,-1.5444432485222295,0.2594295590689335
0.3375,0.6125,0.125,0.7016944638724067,0.8880989824880976,True,-1.217092572088729,-1.540412145908519,0.32331957381979004
0.3375,0.6125,0.25,0.7016944638724067,0.9326064753624411,True,-1.155991115451055,-1.5364020314219549,0.38041091597089993
0.3375,0.6125,0.375,0.7016944638724067,0.9768828395532467,True,-1.1007313196556954,-1.5324127415746205,0.4316814219189251
0.3375,0.6125,0.5,0.7016944638724067,1.0209298707846872,True,-1.050513658405692,-1.5284441145721959,0.47793045616650387
0.3375,0.6125,0.625,0.7016944638724067,1.0647493462267945,True,-1.0046781436161436,-1.5244959902920854,0.5198178466759418
0.3375,0.6125,0.75,0.7016944638724067,1.108343024734477,True,-0.9626751567609211,-1.5205682102618818,0.5578930535009607
0.3375,0.6125,0.875,0.7016944638724067,1.1517126470828527,True,-0.9240433033930588,-1.516660617638162,0.5926173142451032
0.3375,0.6125,1.0,0.7016944638724067,1.1948599361989647,True,-0.888392394090382,-1.5127730571856115,0.6243806630952295
0.3375,0.6125,1.125,0.7016944638724067,1.2377865973899382,True,-0.8553902187642026,-1.508905375256464,0.6535151564922614
0.3375,0.6125,1.25,0.7016944638724067,1.2804943185676505,True,-0.824752163246,-1.505057419770263,0.6803052565242631
0.3375,0.6125,1.375,0.7016944638724067,1.3229847704699702,True,-0.7962329801682886,-1.5012290401939248,0.7049960600256362
0.3375,0.6125,1.5,0.7016944638724067,1.3652596068786291,True,-0.7696202101136426,-1.4974200875221102,0.7277998774084676
0.3375,0.6125,1.625,0.7016944638724067,1.407320464833784,True,-0.7447288794169553,-1.4936304142578924,0.7489015348409371
0.3375,0.6125,1.75,0.7016944638724067,1.44916896484533,True,-0.7213971946461659,-1.4898598743937155,0.7684626797475496
0.3375,0.6125,1.875,0.7016944638724067,1.490806711101023,True,-0.6994830218259327,-1.486108323392646,0.7866253015667133
0.3375,0.6125,2.0,0.7016944638724067,1.5322352916714623,True,-0.6788609884546949,-1.4823756181699017,0.8035146297152068
0.3375,0.621875,0.0,0.6909023048252715,0.8505367644280141,True,-1.2932709291839195,-1.5920839516016447,0.2988130224177252
0.3375,0.621875,0.125,0.6909023048252715,0.8949053859350432,True,-1.2225230895834054,-1.5834981149394503,0.36097502535604487
0.3375,0.621875,0.25,0.6909023048252715,0.938798029523354,True,-1.159114235226622,-1.5750043854585496,0.41589015023192766
0.3375,0.621875,0.375,0.6909023048252715,0.982222313625846,True,-1.1019587177276506,-1.5666012889048815,0.46464257117723085
0.3375,0.621875,0.5,0.6909023048252715,1.0251856949522264,True,-1.050174957888943,-1.5582873823196732,0.5081124244307302
0.3375,0.621875,0.625,0.6909023048252715,1.0676954727576622,True,-1.0030396492170661,-1.550061253213412,0.5470216039963458
0.3375,0.621875,0.75,0.6909023048252715,1.109758792976929,True,-0.9599537646530245,-1.5419215187658364,0.5819677541128119
0.3375,0.621875,0.875,0.6909023048252715,1.1513826522289914,True,-0.9204169636142767,-1.5338668250510052,0.6134498614367285
0.3375,0.621875,1.0,0.6909023048252715,1.1925739016967163,True,-0.8840080733133269,-1.5258958462865293,0.6418877729732024
0.3375,0.621875,1.125,0.6909023048252715,1.2333392508862453,True,-0.8503700263952608,-1.518007284106089,0.6676372577108282
0.3375,0.621875,1.25,0.6909023048252715,1.2736852712703512,True,-0.8191981114108792,-1.5101998668544028,0.6910017554435236
0.3375,0.621875,1.375,0.6909023048252715,1.3136183998199464,True,-0.7902307161167863,-1.502472348903841,0.7122416327870547
0.3375,0.621875,1.5,0.6909023048252715,1.353144942427713,True,-0.763241967639832,-1.494823509991913,0.731581542352081
0.3375,0.621875,1.625,0.6909023048252715,1.3922710772276936,True,-0.7380358309970548,-1.4872521545788893,0.7492163235818344
0.3375,0.621875,1.75,0.6909023048252715,1.4310028578145046,True,-0.7144413396128642,-1.4797571112248462,0.765315771611982
0.3375,0.621875,1.875,0.6909023048252715,1.4693462163656978,True,-0.6923087123570295,-1.4723372319854526,0.7800285196284231
0.3375,0.621875,2.0,0.6909023048252715,1.5073069666706544,True,-0.67150617063579,-1.4649913918258461,0.7934852211900562
0.3375,0.6312500000000001,0.0,0.6810833025633801,0.8586930092940669,True,-1.3011424818882524,-1.640448310930369,0.3393058290421165
0.3375,0.6312500000000001,0.125,0.6810833025633801,0.9026112268141102,True,-1.2276802576985624,-1.6269933198569984,0.399313062158436
0.3375,0.6312500000000001,0.25,0.6810833025633801,0.9458148690334396,True,-1.1620700339553052,-1.6137572494237464,0.45168721546844126
0.3375,0.6312500000000001,0.375,0.6810833025633801,0.988321235061069,True,-1.1031167856114819,-1.6007347997944517,0.4976180141829698
0.3375,0.6312500000000001,0.5,0.6810833025633801,1.0301470700852178,True,-1.0498562796431266,-1.5879208408347247,0.5380645611915982
0.3375,0.6312500000000001,0.625,0.6810833025633801,1.071308587368055,True,-1.0015019258738165,-1.5753104053735356,0.5738084794997191
0.3375,0.6312500000000001,0.75,0.6810833025633801,1.111821489200676,True,-0.9574056687888963,-1.5628986827833489,0.6054930139944525
0.3375,0.6312500000000001,0.875,0.6810833025633801,1.1517009868752097,True,-0.9170287752617761,-1.5506810128613746,0.6336522375995985
0.3375,0.6312500000000001,1.0,0.6810833025633801,1.1909618197274208,True,-0.8799197150131136,-1.538652879995588,0.6587331649824745
0.3375,0.6312500000000001,1.125,0.6810833025633801,1.229618273299894,True,-0.845697202810839,-1.5268099076001715,0.6811127047893325
0.3375,0.6312500000000001,1.25,0.6810833025633801,1.267684196672808,True,-0.8140370497394899,-1.5151478528059754,0.7011108030664855
0.3375,0.6312500000000001,1.375,0.6810833025633801,1.3051730190064863,True,-0.7846618613653211,-1.5036626013924677,0.7190007400271465
0.3375,0.6312500000000001,1.5,0.6810833025633801,1.342097765337216,True,-0.7573328887158564,-1.4923501629484506,0.7350172742325942
0.3375,0.6312500000000001,1.625,0.6810833025633801,1.3784710716653796,True,-0.7318435248767087,-1.4812066662495906,0.749363141372882
0.3375,0.6312500000000001,1.75,0.6810833025633801,1.4143051993726112,True,-0.7080140721267103,-1.470228354841511,0.7622142827148006
0.3375,0.6312500000000001,1.875,0.6810833025633801,1.44961204900253,True,-0.6856874991545434,-1.4594115828178602,0.7737240836633168
0.3375,0.6312500000000001,2.0,0.6810833025633801,1.4844031734375949,True,-0.6647259764887687,-1.448752810783392,0.7840268342946233
0.3375,0.640625,0.0,0.6722062240234923,0.8678549734940382,True,-1.3086481832560881,-1.6895363265083996,0.38088814325231146
0.3375,0.640625,0.125,0.6722062240234923,0.9112446415040062,True,-1.2325799272586804,-1.6708888043568861,0.43830887709820576
0.3375,0.640625,0.25,0.6722062240234923,0.9536869761271173,True,-1.1648691651227692,-1.652648416463976,0.4877792513412069
0.3375,0.640625,0.375,0.6722062240234923,0.9952126672511302,True,-1.1042102835339083,-1.6348019732758414,0.5305916897419332
0.3375,0.640625,0.5,0.6722062240234923,1.0358510932833527,True,-1.049556160343656,-1.6173368488719304,0.5677806885282743
0.3375,0.640625,0.625,0.6722062240234923,1.0756303904650053,True,-1.0000572100353446,-1.6002409511758227,0.600183741140478
0.3375,0.640625,0.75,0.6722062240234923,1.1145775178354878,True,-0.9550169007139648,-1.5835026940356196,0.6284857933216548
0.3375,0.640625,0.875,0.6722062240234923,1.1527183181617553,True,-0.9138587735357675,-1.5671109710384046,0.6532521975026371
0.3375,0.640625,1.0,0.6722062240234923,1.1900775751221804,True,-0.876101637921073,-1.5510551309344067,0.6749534930133337
0.3375,0.640625,1.125,0.6722062240234923,1.2266790670108023,True,-0.8413406718241813,-1.5353249545565946,0.6939842827324133
0.3375,0.640625,1.25,0.6722062240234923,1.2625456172065044,True,-0.8092328495903905,-1.5199106331306027,0.7106777835402122
0.3375,0.640625,1.375,0.6722062240234923,1.2976991416322132,True,-0.7794855838304161,-1.5048027478782526,0.7253171640478365
0.3375,0.640625,1.5,0.6722062240234923,1.3321606934114962,True,-0.7518477836084297,-1.4899922508255428,0.738144467217113
0.3375,0.640625,1.625,0.6722062240234923,1.3659505049137561,True,-0.7261027497619518,-1.4754704467329396,0.7493676969709878
0.3375,0.640625,1.75,0.6722062240234923,1.3990880273644675,True,-0.7020624815791426,-1.4612289760721373,0.7591664944929947
0.3375,0.640625,1.875,0.6722062240234923,1.4315919681833973,True,-0.679563078219377,-1.4472597989792584,0.7676967207598814
0.3375,0.640625,2.0,0.6722062240234923,1.4634803262014104,True,-0.6584609969160651,-1.4335551801197712,0.7750941832037062
0.3375,0.65,0.0,0.6642423847161093,0.8780533702360931,True,-1.3158068762438315,-1.7393479983357383,0.42354112209190675
0.3375,0.65,0.125,0.6642423847161093,0.9208360024904961,True,-1.2372369629603786,-1.71517561257829,0.47793864961791144
0.3375,0.65,0.25,0.6642423847161093,0.9624458007931048,True,-1.167521516159349,-1.6916658834461653,0.5241443672868162
0.3375,0.65,0.375,0.6642423847161093,1.0029303407595802,True,-1.1052435911630414,-1.6687919304957421,0.5635483393327008
0.3375,0.65,0.5,0.6642423847161093,1.042334659149683,True,-1.0492732636693007,-1.6465283077487596,0.5972550440794588
0.3375,0.65,0.625,0.6642423847161093,1.080701420994045,True,-0.9986984580676507,-1.6248509092649244,0.6261524511972737
0.3375,0.65,0.75,0.6642423847161093,1.1180710736906236,True,-0.952774860270257,-1.6037368820766928,0.6509620218064358
0.3375,0.65,0.875,0.6642423847161093,1.1544819892408926,True,-0.9108890421134825,-1.5831645458251662,0.6722755037116837
0.3375,0.65,1.0,0.6642423847161093,1.189970595677264,True,-0.8725309028942867,-1.563113318502987,0.6905824156087004
0.3375,0.65,1.125,0.6642423847161093,1.2245714986280258,True,-0.8372727925680786,-1.543563647769583,0.7062908552015045
0.3375,0.65,1.25,0.6642423847161093,1.258317593872579,True,-0.8047535000192853,-1.5244969473569412,0.7197434473376559
0.3375,0.65,1.375,0.6642423847161093,1.2912401716564952,True,-0.774665833156605,-1.5058955381311092,0.7312297049745042
0.3375,0.65,1.5,0.6642423847161093,1.3233690134617355,True,-0.7467468846876778,-1.4877425934165776,0.7409957087288997
0.3375,0.65,1.625,0.6642423847161093,1.3547324818610804,True,-0.7207703295993775,-1.4700220882281085,0.7492517586287311
0.3375,0.65,1.75,0.6642423847161093,1.3853576040266133,True,-0.6965402762464227,-1.4527187520880542,0.7561784758416316
0.3375,0.65,1.875,0.6642423847161093,1.4152701494090452,True,-0.6738863173463606,-1.4358180251371802,0.7619317077908195
0.3375,0.65,2.0,0.6642423847161093,1.4444947020571337,True,-0.6526595163092677,-1.4193060172738547,0.7666465009645871
0.35125,0.5,0.0,0.9255549281730687,0.8393108054176085,True,-1.1138436247785237,-1.0100545752237866,0.10378904955473711
0.35125,0.5,0.125,0.9255549281730687,0.8783591200339889,True,-1.0958229467242138,-1.0399448481114362,0.055878098612777594
0.35125,0.5,0.25,0.9255549281730687,0.9197890043053844,True,-1.0783760915861746,-1.0716581386526949,0.006717952933479765
0.35125,0.5,0.375,0.9255549281730687,0.9638251905658903,True,-1.061476080984291,-1.1053664724742456,0.04389039148995466
0.35125,0.5,0.5,0.9255549281730687,1.0107216046713037,True,-1.0450976016342501,-1.141264221937548,0.09616662030329781
0.35125,0.5,0.625,0.9255549281730687,1.0607662655427257,True,-1.0292168788381855,-1.1795718565873976,0.15035497774921214
0.35125,0.5,0.75,0.9255549281730687,1.114287205729098,True,-1.0138115613368723,-1.2205404751587905,0.20672891382191816
0.35125,0.5,0.875,0.9255549281730687,1.171659670153006,True,-0.9988606163506139,-1.2644573159934065,0.26559669964279264
0.35125,0.5,1.0,0.9255549281730687,1.2333149269922505,True,-0.9843442337723127,-1.3116525014959854,0.3273082677236727
0.35125,0.5,1.125,0.9255549281730687,1.299751128232623,True,-0.970243738595013,-1.3625073515503976,0.3922636129553846
0.35125,0.5,1.25,0.9255549281730687,1.3715467986128695,True,-0.9565415107598713,-1.4174647088883525,0.46092319812848126
0.35125,0.5,1.375,0.9255549281730687,1.4493777262756213,True,-0.9432209117012105,-1.4770418683584485,0.533820956657238
0.35125,0.5,1.5,0.9255549281730687,1.534038299870477,True,-0.9302662169447908,-1.5418469098163363,0.6115806928715455
0.35125,0.5,1.625,0.9255549281730687,1.6264687203878272,True,-0.9176625541852104,-1.6125995279389336,0.6949369737537232
0.35125,0.5,1.75,0.9255549281730687,1.7277900655490972,True,-0.9053958463297512,-1.6901578729268543,0.784762026597103
0.35125,0.5,1.875,0.9255549281730687,1.8393499840202387,True,-0.8934527590500787,-1.7755535280066141,0.8821007689565354
0.35125,0.5,2.0,0.9255549281730687,1.962782979028873,True,-0.8818206524309755,-1.8700376546685185,0.9882170022375429
0.35125,0.509375,0.0,0.901309695661872,0.8364248568382041,True,-1.1296065343342971,-1.0482867191062808,0.08131981522801635
0.35125,0.509375,0.125,0.901309695661872,0.8767080535152559,True,-1.1070388732926486,-1.0768217633090051,0.030217109983643464
0.35125,0.509375,0.25,0.901309695661872,0.9192456868872323,True,-1.0853552787870058,-1.1069537624718249,0.021598483684819092
0.35125,0.509375,0.375,0.901309695661872,0.9642324584414252,True,-1.0645048000987567,-1.1388206355287998,0.07431583543004305
0.35125,0.509375,0.5,0.901309695661872,1.0118861544134963,True,-1.044440327917148,-1.1725766537486961,0.12813632583154821
0.35125,0.509375,0.625,0.901309695661872,1.0624511715957166,True,-1.0251182390101088,-1.2083949382799273,0.1832766992698185
0.35125,0.509375,0.75,0.901309695661872,1.1162027097164304,True,-1.0064980796200869,-1.2464704298685267,0.23997235024843988
0.35125,0.509375,0.875,0.901309695661872,1.173451782195606,True,-0.9885422827489518,-1.2870234382818055,0.2984811555328537
0.35125,0.509375,1.0,0.901309695661872,1.2345512379209225,True,-0.9712159151741006,-1.330303907899489,0.3590879927253884
0.35125,0.509375,1.125,0.901309695661872,1.2999030403188263,True,-0.9544864506108744,-1.3765965739235393,0.42211012331266484
0.35125,0.509375,1.25,0.901309695661872,1.3699671210267823,True,-0.9383235659220268,-1.426227233974004,0.48790366805197727
0.35125,0.509375,1.375,0.901309695661872,1.445272220415038,True,-0.922698957687846,-1.4795704270915093,0.5568714694036633
0.35125,0.509375,1.5,0.901309695661872,1.5264292553489847,True,-0.9075861768025413,-1.53705890293835,0.6294727261358086
0.35125,0.509375,1.625,0.901309695661872,1.614147929348132,True,-0.8929604790634438,-1.5991953877867817,0.7062349087233379
0.35125,0.509375,1.75,0.901309695661872,1.7092575413261477,True,-0.8787986899775758,-1.6665673246182673,0.7877686346406915
0.35125,0.509375,1.875,0.901309695661872,1.8127332855320697,True,-0.8650790822318746,-1.7398655029752956,0.8747864207434211
0.35125,0.509375,2.0,0.901309695661872,1.9257298110475765,True,-0.8517812644644317,-1.8199078311993633,0.9681265667349316
0.35125,0.51875,0.0,0.8783737235123739,0.8343063642301379,True,-1.1446555804793728,-1.0872290576119794,0.05742652286739336
0.35125,0.51875,0.125,0.8783737235123739,0.8756569484426149,True,-1.117666319476541,-1.1142094219034657,0.0034568975730753237
0.35125,0.51875,0.25,0.8783737235123739,0.9191120461201819,True,-1.0919204731736067,-1.1425629358378375,0.05064246266423078
0.35125,0.51875,0.375,0.8783737235123739,0.9648365143624397,True,-1.067334048856361,-1.172397165116716,0.10506311626035503
0.35125,0.51875,0.5,0.8783737235123739,1.0130128907133917,True,-1.043830452172453,-1.203831211550339,0.16000075937788583
0.35125,0.51875,0.625,0.8783737235123739,1.0638438286823693,True,-1.0213396900920049,-1.236997302182431,0.2156576120904261
0.35125,0.51875,0.75,0.8783737235123739,1.1175549472691328,True,-0.999797674734773,-1.2720426485438698,0.27224497380909685
0.35125,0.51875,0.875,0.8783737235123739,1.1743981789910636,True,-0.9791456134791932,-1.3091316311682146,0.32998601768902147
0.35125,0.51875,1.0,0.8783737235123739,1.2346557212119662,True,-0.959329473129978,-1.348448377748521,0.38911890461854304
0.35125,0.51875,1.125,0.8783737235123739,1.2986447215309047,True,-0.9402995078607094,-1.3901998202524959,0.4499003123917865
0.35125,0.51875,1.25,0.8783737235123739,1.3667228614133387,True,-0.9220098422480617,-1.4346193381213779,0.5126094958733162
0.35125,0.51875,1.375,0.8783737235123739,1.439295045599485,True,-0.9044181020397049,-1.481971122964608,0.5775530209249031
0.35125,0.51875,1.5,0.8783737235123739,1.5168214614953912,True,-0.8874850864000089,-1.5325554371386674,0.6450703507386585
0.35125,0.51875,1.625,0.8783737235123739,1.5998273474470275,True,-0.8711744762974685,-1.5867149873352269,0.7155405110377584
0.35125,0.51875,1.75,0.8783737235123739,1.688914908119913,True,-0.8554525744681509,-1.644842699109347,0.7893901246411961
0.35125,0.51875,1.875,0.8783737235123739,1.7847779485213633,True,-0.8402880730369562,-1.7073912652633456,0.8671031922263894
0.35125,0.51875,2.0,0.8783737235123739,1.8882199789467158,True,-0.8256518454244642,-1.774884958933698,0.9492331135092337
0.35125,0.528125,0.0,0.8567200795858189,0.8329644979451667,True,-1.1590194882073774,-1.1268815907408816,0.03213789746649587
0.35125,0.528125,0.125,0.8567200795858189,0.8752275019837287,True,-1.1277373543389837,-1.1520994675519054,0.0243621132129217
0.35125,0.528125,0.25,0.8567200795858189,0.919425367298072,True,-1.0980994623689648,-1.1784718551320772,0.08037239276311237
0.35125,0.528125,0.375,0.8567200795858189,0.9656940777666697,True,-1.0699794957964825,-1.2060798935890076,0.13610039779252503
0.35125,0.528125,0.5,0.8567200795858189,1.0141826657211372,True,-1.0432637538355058,-1.2350125089009847,0.19174875506547884
0.35125,0.528125,0.625,0.8567200795858189,1.0650548155088544,True,-1.0178496148065979,-1.265367369745426,0.2475177549388281
0.35125,0.528125,0.75,0.8567200795858189,1.1184907094941947,True,-0.9936442187804098,-1.2972519889878182,0.3036077702074085
0.35125,0.528125,0.875,0.8567200795858189,1.174689160366374,True,-0.9705633338226275,-1.3307849960067204,0.3602216621840929
0.35125,0.528125,1.0,0.8567200795858189,1.233870082934297,True,-0.9485303766645538,-1.366097611586978,0.4175672349224243
0.35125,0.528125,1.125,0.8567200795858189,1.2962773701857158,True,-0.9274755638045004,-1.403335364033077,0.47585980022857666
0.35125,0.528125,1.25,0.8567200795858189,1.3621822529096976,True,-0.9073351732136016,-1.4426600938194856,0.535324920605884
0.35125,0.528125,1.375,0.8567200795858189,1.4318872404710685,True,-0.8880509001907375,-1.4842523050080871,0.5962014048173496
0.35125,0.528125,1.5,0.8567200795858189,1.5057307635016952,True,-0.8695692936509282,-1.5283139354917896,0.6587446418408615
0.35125,0.528125,1.625,0.8567200795858189,1.5840926688312,True,-0.8518412613685368,-1.575071635760173,0.7232303743916363
0.35125,0.528125,1.75,0.8567200795858189,1.667400754932984,True,-0.834821634531355,-1.6247806685293549,0.7899590339979998
0.35125,0.528125,1.875,0.8567200795858189,1.756138585246212,True,-0.8184687834729174,-1.6777295708666025,0.859260787393685
0.35125,0.528125,2.0,0.8567200795858189,1.8508548807004734,True,-0.8027442777003565,-1.7342457586080777,0.9315014809077212
0.35125,0.5375,0.0,0.8363186228742303,0.8324088449787804,True,-1.1727267999233122,-1.1672443184929884,0.005482481430323816
0.35125,0.5375,0.125,0.8363186228742303,0.8754407211379438,True,-1.1372826195600279,-1.1904834944169445,0.0532008748569166
0.35125,0.5375,0.25,0.8363186228742303,0.9202208854877616,True,-1.103918095043678,-1.2146668257079154,0.1107487306642374
0.35125,0.5375,0.375,0.8363186228742303,0.9668580907331807,True,-1.0724554100386365,-1.2398530437870718,0.1673976337484353
0.35125,0.5375,0.5,0.8363186228742303,1.015470300555186,True,-1.0427364581760286,-1.266105854422782,0.22336939624675334
0.35125,0.5375,0.625,0.8363186228742303,1.0661856858779513,True,-1.0146201857629558,-1.2934944757603153,0.2788742899973595
0.35125,0.5375,0.75,0.8363186228742303,1.119143753303609,True,-0.9879803531101315,-1.32209424772809,0.3341138946179584
0.35125,0.5375,0.875,0.8363186228742303,1.1744966266331682,True,-0.962703639507725,-1.3519873241174203,0.3892836846096953
0.35125,0.5375,1.0,0.8363186228742303,1.2324105062634645,True,-0.9386880318408755,-1.3832634607234389,0.4445754288825634
0.35125,0.5375,1.125,0.8363186228742303,1.2930673359464742,True,-0.9158414485206362,-1.41602091547115,0.5001794669505139
0.35125,0.5375,1.25,0.8363186228742303,1.3566667121190057,True,-0.8940805595917969,-1.450367479540553,0.5562869199487561
0.35125,0.5375,1.375,0.8363186228742303,1.4234280780125845,True,-0.8733297711459862,-1.4864216622860593,0.6130918911400731
0.35125,0.5375,1.5,0.8363186228742303,1.4935932533615668,True,-0.8535203479519162,-1.5243140573942613,0.6707937094423451
0.35125,0.5375,1.625,0.8363186228742303,1.5674293611623868,True,-0.8345896528436103,-1.5641889234674209,0.7295992706238106
0.35125,0.5375,1.75,0.8363186228742303,1.6452322261427996,True,-0.8164804851324788,-1.6062060193518772,0.7897255342193984
0.35125,0.5375,1.875,0.8363186228742303,1.7273303360866648,True,-0.7991405033221243,-1.650542743434113,0.8514022401119886
0.35125,0.5375,2.0,0.8363186228742303,1.8140894778585817,True,-0.782521719853868,-1.697396637305521,0.914874917451653
0.35125,0.546875,0.0,0.8171369727007423,0.8326496503170914,True,-1.1858056889704178,-1.2083172408682996,0.022511551897881787
0.35125,0.546875,0.125,0.8171369727007423,0.8763171848167837,True,-1.1463313148907353,-1.2293530513155038,0.08302173642476851
0.35125,0.546875,0.25,0.8171369727007423,0.9215320895606252,True,-1.109400402107736,-1.251134271081565,0.141733868973829
0.35125,0.546875,0.375,0.8171369727007423,0.9683780952480245,True,-1.074774797965691,-1.2737012354668733,0.19892643750118233
0.35125,0.546875,0.5,0.8171369727007423,1.0169450846148356,True,-1.0422451819491811,-1.2970972433710708,0.25485206142188965
0.35125,0.546875,0.625,0.8171369727007423,1.0673296680251814,True,-1.0116268306306528,-1.3213688345709096,0.30974200394025675
0.35125,0.546875,0.75,0.8171369727007423,1.1196358249192544,True,-0.9827561078005482,-1.3465660987226835,0.3638099909221353
0.35125,0.546875,0.875,0.8171369727007423,1.1739756200786657,True,-0.9554875389283465,-1.3727430204062592,0.4172554814779127
0.35125,0.546875,1.0,0.8171369727007423,1.2304700050922277,True,-0.9296913595244647,-1.399957865212417,0.47026650568795225
0.35125,0.546875,1.125,0.8171369727007423,1.2892497170851045,True,-0.9052514501970256,-1.4282736126845377,0.5230221624875121
0.35125,0.546875,1.25,0.8171369727007423,1.3504562887664493,True,-0.882063589067634,-1.4577584428853605,0.5756948538177264
0.35125,0.546875,1.375,0.8171369727007423,1.4142431862207732,True,-0.8600339660636572,-1.4884862845012838,0.6284523184376266
0.35125,0.546875,1.5,0.8171369727007423,1.4807770936977336,True,-0.8390779144198397,-1.5205374337597113,0.6814595193398716
0.35125,0.546875,1.625,0.8171369727007423,1.550239368044853,True,-0.8191188232220467,-1.553999255067896,0.7348804318458494
0.35125,0.546875,1.75,0.8171369727007423,1.6228276895040379,True,-0.8000872015484689,-1.5889669762454428,0.7888797746969739
0.35125,0.546875,1.875,0.8171369727007423,1.698757940513599,True,-0.7819198701123589,-1.6255445935931092,0.8436247234807503
0.35125,0.546875,2.0,0.8171369727007423,1.778266350121866,True,-0.7645592605902861,-1.6638459049137646,0.8992866443234785
0.35125,0.55625,0.0,0.7991413317279287,0.8336980421896449,True,-1.1982838080744806,-1.2501003578668148,0.05181654979233419
0.35125,0.55625,0.125,0.7991413317279287,0.8778772970030693,True,-1.1549112022809496,-1.2686996458370416,0.11378844355609208
0.35125,0.55625,0.25,0.7991413317279287,0.9233910251720938,True,-1.1145687148233931,-1.2878607417040795,0.17329202688068635
0.35125,0.55625,0.375,0.7991413317279287,0.9703006172922287,True,-1.0769495258726487,-1.3076094906608673,0.2306599647882186
0.35125,0.55625,0.5,0.7991413317279287,1.0186712881873368,True,-1.041786886539681,-1.3279733478850462,0.2861864613453651
0.35125,0.55625,0.625,0.7991413317279287,1.0685723794006179,True,-1.0088477840828376,-1.3489815058864427,0.3401337218036051
0.35125,0.55625,0.75,0.7991413317279287,1.1200776908590366,True,-0.9779277720393105,-1.3706650341364546,0.3927372620971441
0.35125,0.55625,0.875,0.7991413317279287,1.1732658450473497,True,-0.948846722787925,-1.3930570323838463,0.4442103095959212
0.35125,0.55625,1.0,0.7991413317279287,1.2282206874711523,True,-0.9214453160732904,-1.4161927992480752,0.4947474831747848
0.35125,0.55625,1.125,0.7991413317279287,1.2850317276989878,True,-0.8955821188921754,-1.4401100178962398,0.5445278990040644
0.35125,0.55625,1.25,0.7991413317279287,1.343794625863128,True,-0.8711311437254733,-1.4648489608579456,0.5937178171324723
0.35125,0.55625,1.375,0.7991413317279287,1.4046117301809646,True,-0.8479797961275256,-1.4904527163196395,0.6424729201921139
0.35125,0.55625,1.5,0.7991413317279287,1.4675926718504964,True,-0.8260271411145301,-1.5169674385732104,0.6909402974586802
0.35125,0.55625,1.625,0.7991413317279287,1.532855024594001,True,-0.8051824320379986,-1.5444426256812134,0.7392601936432148
0.35125,0.55625,1.75,0.7991413317279287,1.6005250371973978,True,-0.7853638567180374,-1.5729314278729836,0.7875675711549461
0.35125,0.55625,1.875,0.7991413317279287,1.6707384486477788,True,-0.766497464302606,-1.6024909907142482,0.8359935264116422
0.35125,0.55625,2.0,0.7991413317279287,1.743641396942898,True,-0.7485162431752642,-1.6331828377122533,0.884666594536989
0.35125,0.565625,0.0,0.7822971795081881,0.8355662436293158,True,-1.210188168323872,-1.2925936694885347,0.08240550116466272
0.35125,0.565625,0.125,0.7822971795081881,0.8801415308351518,True,-1.1630486247693206,-1.308514748428124,0.14546612365880351
0.35125,0.565625,0.25,0.7822971795081881,0.9258285935605891,True,-1.1194437787252718,-1.3248329233130283,0.20538914458775648
0.35125,0.565625,0.375,0.7822971795081881,0.972669551126479,True,-1.0789904300158204,-1.3415632380178735,0.26257280800205307
0.35125,0.565625,0.5,0.7822971795081881,1.0207086776372156,True,-1.0413588374485323,-1.3587215060472992,0.31736266859876694
0.35125,0.565625,0.625,0.7822971795081881,1.069992541561733,True,-1.0062637106333248,-1.3763243603904902,0.37006064975716546
0.35125,0.565625,0.75,0.7822971795081881,1.1205701563069261,True,-0.9734569639385208,-1.3943893073019018,0.42093234336338103
0.35125,0.565625,0.875,0.7822971795081881,1.1724931428068968,True,-0.942721843130309,-1.412934784373714,0.47021294124340485
0.35125,0.565625,1.0,0.7822971795081881,1.2258159052617796,True,-0.9138681306013384,-1.4319802233049526,0.5181120927036141
0.35125,0.565625,1.125,0.7822971795081881,1.2805958212838375,True,-0.886728204965945,-1.451546117816499,0.564817912850554
0.35125,0.565625,1.25,0.7822971795081881,1.336893447847893,True,-0.8611537825345099,-1.4716540972109762,0.6105003146764663
0.35125,0.565625,1.375,0.7822971795081881,1.3947727446001632,True,-0.8370132068619457,-1.4923270061325855,0.6553137992706398
0.35125,0.565625,1.5,0.7822971795081881,1.454301316256703,True,-0.8141891817545134,-1.5135889911452292,0.6993998093907158
0.35125,0.565625,1.625,0.7822971795081881,1.5155506760228288,True,-0.7925768653350419,-1.5354655948187586,0.7428887294837166
0.35125,0.565625,1.75,0.7822971795081881,1.5785965321914976,True,-0.7720822598123221,-1.5579838580941088,0.7859015982817866
0.35125,0.565625,1.875,0.7822971795081881,1.6435191003355631,True,-0.7526208447792129,-1.5811724317898768,0.8285515870106639
0.35125,0.565625,2.0,0.7822971795081881,1.7104034438007165,True,-0.7341164121265513,-1.6050616982171249,0.8709452860905735
0.35125,0.575,0.0,0.7665698524402913,0.8382677727502086,True,-1.2215450446492184,-1.3357971757334577,0.11425213108423926
0.35125,0.575,0.125,0.7665698524402913,0.8831306639164676,True,-1.170768536837941,-1.348789796440288,0.17802125960234694
0.35125,0.575,0.25,0.7665698524402913,0.9288748440479332,True,-1.1240448625898813,-1.3620376448633975,0.23799278227351617
0.35125,0.575,0.375,0.7665698524402913,0.975526538863637,True,-1.0809074153671125,-1.375548316162422,0.29464090079530947
0.35125,0.575,0.5,0.7665698524402913,1.0231130250873786,True,-1.0409585691662284,-1.3893297098756494,0.348371140709421
0.35125,0.575,0.625,0.7665698524402913,1.071662683629771,True,-1.0038573857165864,-1.4033900453219266,0.3995326596053401
0.35125,0.575,0.75,0.7665698524402913,1.1212050560325897,True,-0.9693098600025644,-1.4177378779473566,0.44842801794479226
0.35125,0.575,0.875,0.7665698524402913,1.1717709044113074,True,-0.9370611129630707,-1.4323821166850927,0.49532100372202204
0.35125,0.575,1.0,0.7665698524402913,1.223392275151386,True,-0.906889092494154,-1.4473320424022507,0.5404429499080967
0.35125,0.575,1.125,0.7665698524402913,1.2761025666354684,True,-0.8785994534030269,-1.4625973275141968,0.5839978741111699
0.35125,0.575,1.25,0.7665698524402913,1.3299366013022509,True,-0.8520213666662814,-1.4781880568533239,0.6261666901870425
0.35125,0.575,1.375,0.7665698524402913,1.3849307023637296,True,-0.8270040669867953,-1.4941147498869256,0.6671106829001303
0.35125,0.575,1.5,0.7665698524402913,1.4411227755359899,True,-0.8034139912308812,-1.5103883843870294,0.7069743931561482
0.35125,0.575,1.625,0.7665698524402913,1.4985523961700005,True,-0.7811323930348417,-1.5270204216641106,0.7458880286292688
0.35125,0.575,1.75,0.7665698524402913,1.557260902203282,True,-0.7600533436340896,-1.544022833486574,0.7839694898524844
0.35125,0.575,1.875,0.7665698524402913,1.6172914933912481,True,-0.7400820478756699,-1.561408130818874,0.8213260829432042
0.35125,0.575,2.0,0.7665698524402913,1.678689337318808,True,-0.7211334189257779,-1.5791893945232498,0.8580559755974719
0.35125,0.584375,0.0,0.7519250248980714,0.8418176341284505,True,-1.2323799041283656,-1.3797108766015858,0.14733097247322013
0.35125,0.584375,0.125,0.7519250248980714,0.8868660055093036,True,-1.1780945434720893,-1.389516198138278,0.21142165466618867
0.35125,0.584375,0.25,0.7519250248980714,0.9325592589617135,True,-1.128389861974934,-1.399461886038305,0.27107202406337105
0.35125,0.584375,0.375,0.7519250248980714,0.978911341860827,True,-1.082709544254023,-1.4095509761161407,0.32684143186211756
0.35125,0.584375,0.5,0.7519250248980714,1.025936606703655,True,-1.0405838546348567,-1.4197865923659223,0.3792027377310656
0.35125,0.584375,0.625,0.7519250248980714,1.0736498259258613,True,-1.0016134248661124,-1.4301719501865,0.42855852532038763
0.35125,0.584375,0.75,0.7519250248980714,1.1220662073736265,True,-0.9654565532820771,-1.4407103597490765,0.47525380646699933
0.35125,0.584375,0.875,0.7519250248980714,1.171201410464631,True,-0.9318191590182473,-1.4514052295148405,0.5195860704965932
0.35125,0.584375,1.0,0.7519250248980714,1.2210715630742297,True,-0.900446765549667,-1.462260069910444,0.561813304360777
0.35125,0.584375,1.125,0.7519250248980714,1.2716932791850712,True,-0.8711180508683565,-1.4732784971696573,0.6021604463013008
0.35125,0.584375,1.25,0.7519250248980714,1.3230836773407373,True,-0.8436396183748364,-1.4844642373500256,0.6408246189751893
0.35125,0.584375,1.375,0.7519250248980714,1.3752603999464585,True,-0.8178417271838507,-1.495821130533901,0.6779794033500504
0.35125,0.584375,1.5,0.7519250248980714,1.4282416334626238,True,-0.7935747825705765,-1.5073531352238063,0.7137783526532299
0.35125,0.584375,1.625,0.7519250248980714,1.4820461295396299,True,-0.770706433223177,-1.5190643329426874,0.7483578997195104
0.35125,0.584375,1.75,0.7519250248980714,1.5366932271456804,True,-0.7491191563263379,-1.530958933050297,0.7818397767239592
0.35125,0.584375,1.875,0.7519250248980714,1.5922028757423785,True,-0.7287082374337804,-1.5430412777876426,0.8143330403538621
0.35125,0.584375,2.0,0.7519250248980714,1.6485956595664615,True,-0.7093800718304171,-1.555315847562197,0.84593577573178
0.35125,0.59375,0.0,0.7383291050737552,0.8462325036216801,True,-1.2427173538053318,-1.424334772092918,0.18161741828758626
0.35125,0.59375,0.125,0.7383291050737552,0.8913696165505559,True,-1.1850489456330944,-1.4306853366658103,0.24563639103271595
0.35125,0.59375,0.25,0.7383291050737552,0.9369110303859842,True,-1.1324953970638447,-1.43709278434104,0.3045973872771952
0.35125,0.59375,0.375,0.7383291050737552,0.9828622016549332,True,-1.0844051159494663,-1.4435578828244835,0.3591527668750172
0.35125,0.59375,0.5,0.7383291050737552,1.0292286855179555,True,-1.0402326786314462,-1.4500814136992666,0.4098487350678204
0.35125,0.59375,0.625,0.7383291050737552,1.0760161380079634,True,-0.9995180528089059,-1.456664172740748,0.4571461199318422
0.35125,0.59375,0.75,0.7383291050737552,1.1232303183302592,True,-0.9618705159166754,-1.4633069702401227,0.5014364543234473
0.35125,0.59375,0.875,0.7383291050737552,1.1708770912257889,True,-0.9269560759341875,-1.4700106313369188,0.5430545554027313
0.35125,0.59375,1.0,0.7383291050737552,1.218962429399652,True,-0.8944875358663731,-1.476775996360678,0.5822884604943048
0.35125,0.59375,1.125,0.7383291050737552,1.26749241601698,True,-0.8642165756324559,-1.483603921182112,0.619387345549656
0.35125,0.59375,1.25,0.7383291050737552,1.3164732472683796,True,-0.8359273890991266,-1.4904952775740483,0.6545678884749218
0.35125,0.59375,1.375,0.7383291050737552,1.365911235007202,True,-0.8094315312111507,-1.4974509535824798,0.6880194223713291
0.35125,0.59375,1.5,0.7383291050737552,1.4158128094610096,True,-0.7845637149782959,-1.5044718539080557,0.7199081389297598
0.35125,0.59375,1.625,0.7383291050737552,1.4661845220196739,True,-0.7611783601331567,-1.5115589002983516,0.750380540165195
0.35125,0.59375,1.75,0.7383291050737552,1.5170330481026502,True,-0.7391467411648408,-1.5187130319512816,0.7795662907864408
0.35125,0.59375,1.875,0.7383291050737552,1.568365190108065,True,-0.7183546167058313,-1.5259352059300193,0.807580589224188
0.35125,0.59375,2.0,0.7383291050737552,1.6201878804463512,True,-0.6987002480823891,-1.5332263975898153,0.8345261495074262
0.35125,0.603125,0.0,0.7257495578063827,0.8515309089011848,True,-1.252581105065493,-1.4696688622074543,0.21708775714196138
0.35125,0.603125,0.125,0.7257495578063827,0.8966645236407117,True,-1.1916527902552285,-1.4722885739661586,0.2806357837109301
0.35125,0.603125,0.25,0.7257495578063827,0.9419593287005622,True,-1.1363769047148964,-1.4749176417709042,0.33854073705600785
0.35125,0.603125,0.375,0.7257495578063827,0.9874161891388268,True,-1.086001738167683,-1.4775561158326682,0.39155437766498524
0.35125,0.603125,0.5,0.7257495578063827,1.0330359762146828,True,-1.0399032145117868,-1.480204046722359,0.44030083221057215
0.35125,0.603125,0.625,0.7257495578063827,1.078819567444062,True,-0.9975589058400477,-1.4828614853740487,0.485302579534001
0.35125,0.603125,0.75,0.7257495578063827,1.1247678466559135,True,-0.9585281468664647,-1.48552848308824,0.5270003362217753
0.35125,0.603125,0.875,0.7257495578063827,1.1708817040490793,True,-0.9224366418672648,-1.488205091535165,0.5657684496679002
0.35125,0.603125,1.0,0.7257495578063827,1.2171620362497826,True,-0.8889644230055629,-1.4908913627581242,0.6019269397525613
0.35125,0.603125,1.125,0.7257495578063827,1.2636097463697418,True,-0.8578363385724742,-1.493587349176858,0.6357510106043839
0.35125,0.603125,1.25,0.7257495578063827,1.3102257440649157,True,-0.8288144720090883,-1.4962931035909581,0.6674786315818698
0.35125,0.603125,1.375,0.7257495578063827,1.3570109455948869,True,-0.8016920494243347,-1.499008679183313,0.6973166297589783
0.35125,0.603125,1.5,0.7257495578063827,1.4039662738828957,True,-0.7762885054426936,-1.5017341295235929,0.7254456240808993
0.35125,0.603125,1.625,0.7257495578063827,1.4510926585765285,True,-0.7524454583418777,-1.5044695085717725,0.7520240502298948
0.35125,0.603125,1.75,0.7257495578063827,1.4983910361090698,True,-0.7300234048095434,-1.5072148706816926,0.7771914658721492
0.35125,0.603125,1.875,0.7257495578063827,1.5458623497615291,True,-0.7088989885555894,-1.5099702706046583,0.8010712820490689
0.35125,0.603125,2.0,0.7257495578063827,1.5935075497253504,True,-0.6889627298108683,-1.5127357634930825,0.8237730336822142
0.35125,0.6125,0.0,0.7141551654008713,0.8577334079041535,True,-1.2619939519458225,-1.5157131469451952,0.2537191949993727
0.35125,0.6125,0.125,0.7141551654008713,0.902774928318246,True,-1.1979259232222033,-1.5143172546549417,0.31639133143273845
0.35125,0.6125,0.25,0.7141551654008713,0.947733563310841,True,-1.1400487247378435,-1.512923931086165,0.3728752063483216
0.35125,0.6125,0.375,0.7141551654008713,0.9926095414602956,True,-1.0875063913234895,-1.5115331691549403,0.4240267778314508
0.35125,0.6125,0.5,0.7141551654008713,1.0374030905052523,True,-1.0395938038421668,-1.5101449618033655,0.47055115796119873
0.35125,0.6125,0.625,0.7141551654008713,1.0821144373484912,True,-0.9957248620669816,-1.5087593019994436,0.513034439932462
0.35125,0.6125,0.75,0.7141551654008713,1.1267438080607615,True,-0.9554083895580618,-1.5073761827369634,0.5519677931789015
0.35125,0.6125,0.875,0.7141551654008713,1.1712914278845923,True,-0.9182296643596347,-1.5059955970353809,0.5877659326757462
0.35125,0.6125,1.0,0.7141551654008713,1.2157575212380798,True,-0.8838361004570388,-1.5046175379397024,0.6207814374826637
0.35125,0.6125,1.125,0.7141551654008713,1.260142311718659,True,-0.8519260309787386,-1.5032419985203678,0.6513159675416291
0.35125,0.6125,1.25,0.7141551654008713,1.3044460221068488,True,-0.8222398365600128,-1.5018689718731333,0.6796291353131205
0.35125,0.6125,1.375,0.7141551654008713,1.348668874369981,True,-0.7945528660941287,-1.500498451118958,0.7059455850248294
0.35125,0.6125,1.5,0.7141551654008713,1.3928110896659063,True,-0.7686697411529224,-1.499130429403887,0.7304606882509646
0.35125,0.6125,1.625,0.7141551654008713,1.4368728883466821,True,-0.7444197385126446,-1.4977648998989381,0.7533451613862935
0.35125,0.6125,1.75,0.7141551654008713,1.4808544899622371,True,-0.7216530199819045,-1.496401855799988,0.7747488358180836
0.35125,0.6125,1.875,0.7141551654008713,1.5247561132640206,True,-0.7002375335223234,-1.49504129032766,0.7948037568053365
0.35125,0.6125,2.0,0.7141551654008713,1.5685779762086272,True,-0.6800564502337144,-1.4936831967272097,0.8136267464934953
0.35125,0.621875,0.0,0.703516236224204,0.8648627673487373,True,-1.2709777610738837,-1.5624676263061394,0.29148986523225573
0.35125,0.621875,0.125,0.703516236224204,0.9097264130515653,True,-1.203887044071773,-1.5567627098426104,0.3528756657708374
0.35125,0.621875,0.25,0.703516236224204,0.9542636363180818,True,-1.143524180511557,-1.551099301658264,0.4075751211467069
0.35125,0.621875,0.375,0.703516236224204,0.9984779867500425,True,-1.0889254863219588,-1.5454769503813672,0.4565514640594084
0.35125,0.621875,0.5,0.703516236224204,1.0423729626693663,True,-1.0393029385196046,-1.5398952111609945,0.5005922726413898
0.35125,0.621875,0.625,0.703516236224204,1.085952012040832,True,-0.9940058950905302,-1.534353645549697,0.5403477504591669
0.35125,0.621875,0.75,0.703516236224204,1.129218533374917,True,-0.9524924072166182,-1.528851821388695,0.5763594141720768
0.35125,0.621875,0.875,0.703516236224204,1.17217587661129,True,-0.9143074319786045,-1.523389312695533,0.6090818807169284
0.35125,0.621875,1.0,0.703516236224204,1.2148273439834243,True,-0.8790660837169431,-1.517965699554133,0.63889961583719
0.35125,0.621875,1.125,0.703516236224204,1.2571761908648103,True,-0.8464406150249136,-1.512580568007192,0.6661399529822783
0.35125,0.621875,1.25,0.703516236224204,1.2992256265972195,True,-0.8161501931029502,-1.5072335099508556,0.6910833168479054
0.35125,0.621875,1.375,0.703516236224204,1.3409788153014603,True,-0.7879527954302611,-1.501924123031623,0.7139713276013618
0.35125,0.621875,1.5,0.703516236224204,1.382438876671064,True,-0.7616387293243296,-1.496652010545422,0.7350132812210923
0.35125,0.621875,1.625,0.703516236224204,1.423608886749304,True,-0.7370254080423272,-1.4914167813387995,0.7543913732964723
0.35125,0.621875,1.75,0.703516236224204,1.4644918786899714,True,-0.7139531080754715,-1.4862180497121824,0.7722649416367109
0.35125,0.621875,1.875,0.703516236224204,1.505090843502293,True,-0.6922814991517577,-1.4810554353251522,0.7887739361733944
0.35125,0.621875,2.0,0.703516236224204,1.5454087307803754,True,-0.6718867875983722,-1.4759285631036878,0.8040417755053156
0.35125,0.6312500000000001,0.0,0.693804769717609,0.8729441433964844,True,-1.2795534712196606,-1.6099323002902892,0.33037882907062865
0.35125,0.6312500000000001,0.125,0.693804769717609,0.9175461454696113,True,-1.2095537614243816,-1.5996162609042432,0.3900624994798616
0.35125,0.6312500000000001,0.25,0.693804769717609,0.9615801901514972,True,-1.1468156541214745,-1.5894315849221996,0.44261593080072514
0.35125,0.6312500000000001,0.375,0.693804769717609,1.005057057275602,True,-1.0902649165639837,-1.5793757790662473,0.48911086250226354
0.35125,0.6312500000000001,0.5,0.693804769717609,1.0479872555887546,True,-1.0390292450419238,-1.5694464127583596,0.5304171677164358
0.35125,0.6312500000000001,0.625,0.693804769717609,1.090381031219375,True,-0.9923929474732636,-1.559641116161771,0.5672481686885074
0.35125,0.6312500000000001,0.75,0.693804769717609,1.1322483758302346,True,-0.9497633060349668,-1.549957578295317,0.6001942722603502
0.35125,0.6312500000000001,0.875,0.693804769717609,1.1735990344693723,True,-0.9106452523603125,-1.540393545217589,0.6297482928572765
0.35125,0.6312500000000001,1.0,0.693804769717609,1.214442513132129,True,-0.8746220535097851,-1.5309468182779031,0.6563247647681181
0.35125,0.6312500000000001,1.125,0.693804769717609,1.2547880860466285,True,-0.8413404076364692,-1.5216152524312363,0.6802748447947671
0.35125,0.6312500000000001,1.25,0.693804769717609,1.2946448026944253,True,-0.8104988178016722,-1.5123967546144115,0.7018979368127393
0.35125,0.6312500000000001,1.375,0.693804769717609,1.3340214945774898,True,-0.7818384325005522,-1.5032892821809567,0.7214508496804045
0.35125,0.6312500000000001,1.5,0.693804769717609,1.3729267817421569,True,-0.7551357631669662,-1.4942908413921754,0.7391550782252092
0.35125,0.6312500000000001,1.625,0.693804769717609,1.4113690790701623,True,-0.7301968447371284,-1.4853994859620852,0.7552026412249567
0.35125,0.6312500000000001,1.75,0.693804769717609,1.449356602346406,True,-0.7068525163308432,-1.4766133156539998,0.7697607993231566
0.35125,0.6312500000000001,1.875,0.693804769717609,1.4868973741126392,True,-0.6849545791455373,-1.4679304749266249,0.7829758957810876
0.35125,0.6312500000000001,2.0,0.693804769717609,1.5239992293158309,True,-0.6643726470499242,-1.4593491516276402,0.7949765045777161
0.35125,0.640625,0.0,0.6849945854027978,0.8820052664989333,True,-1.2877411007089725,-1.658107168897642,0.3703660681886696
0.35125,0.640625,0.125,0.6849945854027978,0.9262630824188066,True,-1.2149426483395267,-1.6428692231943616,0.4279265748548349
0.35125,0.640625,0.25,0.6849945854027978,0.9697148503931032,True,-1.149934656240633,-1.627908799428702,0.4779741431880691
0.35125,0.640625,0.375,0.6849945854027978,1.0123823919983572,True,-1.091530104779548,-1.6132183844418795,0.5216882796623314
0.35125,0.640625,0.5,0.6849945854027978,1.0542867481751181,True,-1.0387714706397397,-1.5987907338477239,0.5600192632079841
0.35125,0.640625,0.625,0.6849945854027978,1.0954482138262025,True,-0.99087782097741,-1.5846188601205111,0.5937410391431012
0.35125,0.640625,0.75,0.6849945854027978,1.1358863705910245,True,-0.947205898202459,-1.5706960213107812,0.6234901231083222
0.35125,0.640625,0.875,0.6849945854027978,1.1756201179071892,True,-0.907221061235376,-1.5570157103508426,0.6497946491154666
0.35125,0.640625,1.0,0.6849945854027978,1.2146677024628822,True,-0.8704752886766709,-1.5435716449143302,0.6730963562376593
0.35125,0.640625,1.125,0.6849945854027978,1.2530467461364743,True,-0.8365903195966413,-1.5303577577966103,0.693767438199969
0.35125,0.640625,1.25,0.6849945854027978,1.2907742725132336,True,-0.8052445844550925,-1.517368187785091,0.7121236033299986
0.35125,0.640625,1.375,0.6849945854027978,1.3278667320629702,True,-0.7761629679803514,-1.5045972709905682,0.7284343030102167
0.35125,0.640625,1.5,0.6849945854027978,1.3643400260568486,True,-0.7491087130240224,-1.49203953261268,0.7429308195886577
0.35125,0.640625,1.625,0.6849945854027978,1.4002095292964178,True,-0.7238769605996135,-1.4796896791143113,0.7558127185146978
0.35125,0.640625,1.75,0.6849945854027978,1.4354901117231214,True,-0.7002895529016241,-1.46754259078145,0.767253037879826
0.35125,0.640625,1.875,0.6849945854027978,1.4701961589720849,True,-0.6781908203178166,-1.4555933146465263,0.7774024943287097
0.35125,0.640625,2.0,0.6849945854027978,1.5043415919298813,True,-0.6574441417238727,-1.4438370577546842,0.7863929160308115
0.35125,0.65,0.0,0.6770614224943252,0.8920766324306059,True,-1.2955597611860845,-1.7069922321281996,0.4114324709421151
0.35125,0.65,0.125,0.6770614224943252,0.9359081754855283,True,-1.220069296976994,-1.6865129097046143,0.46644361272762036
0.35125,0.65,0.25,0.6770614224943252,0.9787004651875606,True,-1.1528918910074168,-1.6665191555045102,0.5136272644970934
0.35125,0.65,0.375,0.6770614224943252,1.0204900298020692,True,-1.0927260452344534,-1.6469939025009965,0.5542678572665432
0.35125,0.65,0.5,0.6770614224943252,1.061311705530748,True,-1.0385284710248601,-1.627920874246638,0.5893924032217779
0.35125,0.65,0.625,0.6770614224943252,1.101198733364807,True,-0.9894530810660856,-1.6092845396209405,0.6198314585548549
0.35125,0.65,0.75,0.6770614224943252,1.1401828493608381,True,-0.9448064982971418,-1.5910700706509386,0.6462635723537968
0.35125,0.65,0.875,0.6770614224943252,1.1782943688546483,True,-0.9040150900779151,-1.5732633031641425,0.6692482130862274
0.35125,0.65,1.0,0.6770614224943252,1.2155622650827023,True,-0.8666001885933446,-1.5558507000543986,0.689250511461054
0.35125,0.65,1.125,0.6770614224943252,1.2520142426397118,True,-0.8321592200950744,-1.5388193169604494,0.706660096865375
0.35125,0.65,1.25,0.6770614224943252,1.2876768061637731,True,-0.8003511619844441,-1.5221567701743215,0.7218056081898774
0.35125,0.65,1.375,0.6770614224943252,1.3225753246069076,True,-0.7708852123917904,-1.5058512066123257,0.7349659942205353
0.35125,0.65,1.5,0.6770614224943252,1.3567340914185388,True,-0.7435118737450515,-1.489891275695659,0.7463794019506076
0.35125,0.65,1.625,0.6770614224943252,1.390176380941934,True,-0.7180158708755345,-1.4742661030004078,0.7562502321248733
0.35125,0.65,1.75,0.6770614224943252,1.4229245012987468,True,-0.6942104778998568,-1.4589652655484115,0.7647547876485548
0.35125,0.65,1.875,0.6770614224943252,1.4549998440141791,True,-0.6719329374200335,-1.4439787686209993,0.7720458312009658
0.35125,0.65,2.0,0.6770614224943252,1.4864229306147396,True,-0.6510407342999401,-1.4292970239872143,0.7782562896872741
0.365,0.5,0.0,0.9258255956594671,0.8505136937480671,True,-1.0799003899880275,-0.9920551709466056,0.08784521904142195
0.365,0.5,0.125,0.9258255956594671,0.8865208366844871,True,-1.0677066018584997,-1.0223784635581639,0.045328138300335885
0.365,0.5,0.25,0.9258255956594671,0.9247985815546967,True,-1.0557851134480385,-1.0546139358437454,0.0011711776042930833
0.365,0.5,0.375,0.9258255956594671,0.9655686961024058,True,-1.0441269043783088,-1.0889483487523148,0.044821444374006036
0.365,0.5,0.5,0.9258255956594671,1.0090827997545586,True,-1.032723348339511,-1.125593602726056,0.09287025438654495
0.365,0.5,0.625,0.9258255956594671,1.0556275613752855,True,-1.021566191803535,-1.1647911149711319,0.14322492316759683
0.365,0.5,0.75,0.9258255956594671,1.1055310222394255,True,-1.0106475341022187,-1.206817144328273,0.19616961022605417
0.365,0.5,0.875,0.9258255956594671,1.1591703390509425,True,-0.9999598087696544,-1.2519893120293246,0.2520295032596702
0.365,0.5,1.0,0.9258255956594671,1.2169813335490705,True,-0.9894957660559544,-1.3006746438654921,0.3111788778095378
0.365,0.5,1.125,0.9258255956594671,1.2794703603603108,True,-0.9792484565275473,-1.35329956465842,0.3740511081308727
0.365,0.5,1.25,0.9258255956594671,1.347229177349899,True,-0.9692112156760546,-1.410362421275963,0.4411512055999083
0.365,0.5,1.375,0.9258255956594671,1.4209537437037294,True,-0.959377649464108,-1.4724493133727594,0.5130716639086514
0.365,0.5,1.5,0.9258255956594671,1.5014682118202656,True,-0.9497416207422406,-1.5402542980801754,0.5905126773379349
0.365,0.5,1.625,0.9258255956594671,1.589755868021439,True,-0.9402972364762132,-1.6146054466204551,0.6743082101442419
0.365,0.5,1.75,0.9258255956594671,1.6869994892091766,True,-0.9310388357289164,-1.6964988305273667,0.7654599947984503
0.365,0.5,1.875,0.9258255956594671,1.7946346371502524,True,-0.9219609783453517,-1.787143403246418,0.8651824249010662
0.365,0.5,2.0,0.9258255956594671,1.914421002360554,True,-0.9130584342931642,-1.8880210821436512,0.9749626478504869
0.365,0.509375,0.0,0.9032049172519563,0.8480669047483057,True,-1.0965469884308163,-1.0296060092531392,0.06694097917767716
0.365,0.509375,0.125,0.9032049172519563,0.8856065250625331,True,-1.0797225448114074,-1.0586848152370758,0.021037729574331587
0.365,0.509375,0.25,0.9032049172519563,0.9253282096569947,True,-1.0634065782284194,-1.0894538840238395,0.026047305795420028
0.365,0.509375,0.375,0.9032049172519563,0.9674279086944368,True,-1.0475763806449148,-1.1220650018253673,0.07448862118045252
0.365,0.509375,0.5,0.9032049172519563,1.0121257581637095,True,-1.0322105763459033,-1.1566886895914255,0.12447811324552216
0.365,0.509375,0.625,0.9032049172519563,1.0596699302139436,True,-1.0172890256386675,-1.1935171855416542,0.17622815990298668
0.365,0.509375,0.75,0.9032049172519563,1.1103412432372233,True,-1.0027927367866574,-1.232768016211266,0.2299752794246086
0.365,0.509375,0.875,0.9032049172519563,1.1644587125465082,True,-0.9887037853672114,-1.2746882960972592,0.2859845107300478
0.365,0.509375,1.0,0.9032049172519563,1.2223862734249598,True,-0.9750052403330935,-1.319559935442763,0.3445546951096694
0.365,0.509375,1.125,0.9032049172519563,1.28454097597633,True,-0.9616810961365649,-1.3677059881026397,0.4060248919660747
0.365,0.509375,1.25,0.9032049172519563,1.3514030419167917,True,-0.9487162103438614,-1.419498441699486,0.4707822313556246
0.365,0.509375,1.375,0.9032049172519563,1.4235282962914557,True,-0.9360962462288428,-1.4753678474352718,0.539271601206429
0.365,0.509375,1.5,0.9032049172519563,1.5015636552388156,True,-0.9238076198882587,-1.5358153171678601,0.6120076972796015
0.365,0.509375,1.625,0.9032049172519563,1.5862665837150005,True,-0.9118374514685171,-1.6014275956835469,0.6895901442150297
0.365,0.509375,1.75,0.9032049172519563,1.678529763378489,True,-0.9001735201358004,-1.6728961688454027,0.7727226487096023
0.365,0.509375,1.875,0.9032049172519563,1.7794126743012602,True,-0.8888042224585778,-1.7510417273050387,0.8622375048464609
0.365,0.509375,2.0,0.9032049172519563,1.8901824620331726,True,-0.8777185339045854,-1.8368458228013733,0.9591272888967879
0.365,0.51875,0.0,0.8817057005396445,0.8463384678180784,True,-1.1124784416569629,-1.067854386351745,0.04462405530521796
0.365,0.51875,0.125,0.8817057005396445,0.8852347350276476,True,-1.0911304151230283,-1.0954976737939448,0.004367258670916474
0.365,0.51875,0.25,0.8817057005396445,0.9261983147202886,True,-1.0705862827469375,-1.124610184822421,0.054023902075483576
0.365,0.51875,0.375,0.8817057005396445,0.9693985209287659,True,-1.0508014757975837,-1.1553122496593637,0.10451077386178009
0.365,0.51875,0.5,0.8817057005396445,1.0150236758285456,True,-1.031734660346211,-1.1877377074724265,0.1560030471262155
0.365,0.51875,0.625,0.8817057005396445,1.0632838542162848,True,-1.0133474490188796,-1.2220358568551497,0.20868840783627007
0.365,0.51875,0.75,0.8817057005396445,1.114414117639639,True,-0.9956041430315198,-1.2583737542989293,0.2627696112674095
0.365,0.51875,0.875,0.8817057005396445,1.1686783432222492,True,-0.978471500859799,-1.296938935310423,0.3184674344506241
0.365,0.51875,1.0,0.8817057005396445,1.226373778796115,True,-0.9619185303896949,-1.3379426517102049,0.37602412132051
0.365,0.51875,1.125,0.8817057005396445,1.2878364903285053,True,-0.9459163018144465,-1.3816237430785014,0.4357074412640549
0.365,0.51875,1.25,0.8817057005396445,1.3534479124468457,True,-0.9304377789014967,-1.4282532921644506,0.4978155132629539
0.365,0.51875,1.375,0.8817057005396445,1.4236427717696825,True,-0.9154576665591146,-1.4781402559384083,0.5626825893792936
0.365,0.51875,1.5,0.8817057005396445,1.498918730843767,True,-0.9009522728948297,-1.531638319466218,0.6306860465713883
0.365,0.51875,1.625,0.8817057005396445,1.5798482049718288,True,-0.8868993841833877,-1.5891542940407064,0.7022549098573188
0.365,0.51875,1.75,0.8817057005396445,1.6670929453902439,True,-0.873278151356355,-1.6511584813374511,0.7778803299810961
0.365,0.51875,1.875,0.8817057005396445,1.7614221750172463,True,-0.8600689867934429,-1.7181975623559762,0.8581285755625333
0.365,0.51875,2.0,0.8817057005396445,1.8637353291717882,True,-0.8472534703410383,-1.7909107590792932,0.9436572887382549
0.365,0.528125,0.0,0.8613187949971242,0.8453409518557581,True,-1.1277200052086913,-1.1068003022424218,0.02091970296626955
0.365,0.528125,0.125,0.8613187949971242,0.8854301542310988,True,-1.1019611715237534,-1.132808961938671,0.030847790414917586
0.365,0.528125,0.25,0.8613187949971242,0.927448806060023,True,-1.0773528010990598,-1.1600693899731755,0.0827165888741157
0.365,0.528125,0.375,0.8613187949971242,0.9715396354535889,True,-1.0538195030465727,-1.188674184019365,0.1348546809727924
0.365,0.528125,0.5,0.8613187949971242,1.0178598038802429,True,-1.0312923329080523,-1.2187253056755751,0.1874329727675228
0.365,0.528125,0.625,0.8613187949971242,1.0665827779504968,True,-1.0097081180591099,-1.2503352948222257,0.24062717676311585
0.365,0.528125,0.75,0.8613187949971242,1.117900500248002,True,-0.9890088660895056,-1.2836286779912414,0.2946198119017358
0.365,0.528125,0.875,0.8613187949971242,1.1720259164719902,True,-0.9691412444916626,-1.3187436078994867,0.34960236340782413
0.365,0.528125,1.0,0.8613187949971242,1.2291959290408374,True,-0.9500561218275787,-1.3558337796572577,0.405777657829679
0.365,0.528125,1.125,0.8613187949971242,1.2896748635472033,True,-0.9317081620630266,-1.395070679699334,0.4633625176363073
0.365,0.528125,1.25,0.8613187949971242,1.353758555051886,True,-0.9140554650176653,-1.436646236848606,0.5225907718309406
0.365,0.528125,1.375,0.8613187949971242,1.421779187494293,True,-0.8970592469286158,-1.4807759619789422,0.5837167150503264
0.365,0.528125,1.5,0.8613187949971242,1.4941110532867043,True,-0.8806835560016385,-1.527702684665417,0.6470191286637784
0.365,0.528125,1.625,0.8613187949971242,1.5711774439014192,True,-0.8648950185592117,-1.5777010235884497,0.712806005029238
0.365,0.528125,1.75,0.8613187949971242,1.6534589393219514,True,-0.8496626120134272,-1.6310827644785466,0.7814201524651194
0.365,0.528125,1.875,0.8613187949971242,1.741503439276302,True,-0.8349574614139013,-1.688203368076479,0.8532459066625777
0.365,0.528125,2.0,0.8613187949971242,1.8359383787289651,True,-0.8207526567631904,-1.7494698951743342,0.9287172384111437
0.365,0.5375,0.0,0.8420304954503932,0.8450870609952308,True,-1.1422972249898873,-1.1464437569251709,0.004146531935283582
0.365,0.5375,0.125,0.8420304954503932,0.8862166987151568,True,-1.112244651686806,-1.1706105523580066,0.05836590067120051
0.365,0.5375,0.25,0.8420304954503932,0.9291176844625468,True,-1.0837328423493129,-1.195818149698984,0.11208530734967104
0.365,0.5375,0.375,0.8420304954503932,0.9739069677204584,True,-1.056646268457723,-1.2221352656786582,0.16548899722093524
0.365,0.5375,0.5,0.8420304954503932,1.0207120247625046,True,-1.0308806698290025,-1.2496368023189708,0.21875613248996828
0.365,0.5375,0.625,0.8420304954503932,1.069672070333512,True,-1.006341713466286,-1.278404558887943,0.27206284542165693
0.365,0.5375,0.75,0.8420304954503932,1.1209394406376603,True,-0.9829438395023192,-1.3085280445105634,0.32558420500824414
0.365,0.5375,0.875,0.8420304954503932,1.1746811765720213,True,-0.9606092644786215,-1.3401054084391049,0.37949614396048337
0.365,0.5375,1.0,0.8420304954503932,1.2310808418681922,True,-0.9392671174913385,-1.37324450834984,0.4339773908585014
0.365,0.5375,1.125,0.8420304954503932,1.290340617835902,True,-0.9188526889893253,-1.4080641411644876,0.4892114521751624
0.365,0.5375,1.25,0.8420304954503932,1.3526837250799357,True,-0.8993067754500176,-1.444695465993395,0.5453886905433775
0.365,0.5375,1.375,0.8420304954503932,1.4183572333251668,True,-0.8805751059538205,-1.4832836551217965,0.602708549167976
0.365,0.5375,1.5,0.8420304954503932,1.487635333906401,True,-0.8626078389596018,-1.5239898168468966,0.6613819778872948
0.365,0.5375,1.625,0.8420304954503932,1.5608231663102594,True,-0.8453591194550971,-1.566993243862735,0.7216341244076379
0.365,0.5375,1.75,0.8420304954503932,1.6382613113852371,True,-0.8287866881970863,-1.612494053363388,0.7837073651663017
0.365,0.5375,1.875,0.8420304954503932,1.7203310907786822,True,-0.81285153603061,-1.66071630086591,0.8478647648353
0.365,0.5375,2.0,0.8420304954503932,1.8074608465772006,True,-0.7975175973344976,-1.7119116699774544,0.9143940726429568
0.365,0.546875,0.0,0.8238235363920365,0.8455898754929163,True,-1.1562357099424048,-1.186784750399992,0.030549040457587218
0.365,0.546875,0.125,0.8238235363920365,0.8876177441580624,True,-1.1220095143020667,-1.2088942716668793,0.0868847573648126
0.365,0.546875,0.25,0.8238235363920365,0.9312412783492036,True,-1.089751348822992,-1.2318432216747985,0.14209187285180658
0.365,0.546875,0.375,0.8238235363920365,0.9765531101153474,True,-1.0592962126729069,-1.2556803311903233,0.19638411851741644
0.365,0.546875,0.5,0.8238235363920365,1.023653182992669,True,-1.0304970485786213,-1.2804581773202341,0.2499611287416128
0.365,0.546875,0.625,0.8238235363920365,1.0726494878991337,True,-1.0032223682202996,-1.3062335706422075,0.3030112024219078
0.365,0.546875,0.75,0.8238235363920365,1.1236588897355857,True,-0.9773542450014776,-1.3330679900532858,0.3557137450518082
0.365,0.546875,0.875,0.8238235363920365,1.1768080580107922,True,-0.9527866095520614,-1.3610280723420307,0.4082414627899693
0.365,0.546875,1.0,0.8238235363920365,1.2322345170904025,True,-0.9294237960021403,-1.3901861646910054,0.4607623686888651
0.365,0.546875,1.125,0.8238235363920365,1.2900878344019673,True,-0.9071792970135986,-1.420620949753537,0.5134416527399384
0.365,0.546875,1.25,0.8238235363920365,1.350530968210741,True,-0.8859746934126741,-1.452418154675581,0.5664434612629069
0.365,0.546875,1.375,0.8238235363920365,1.4137418005399356,True,-0.8657387305078553,-1.4856713575161757,0.6199326270083204
0.365,0.546875,1.5,0.8238235363920365,1.4799148856029618,True,-0.8464065181644111,-1.5204829070418802,0.674076388877469
0.365,0.546875,1.625,0.8238235363920365,1.5492634499442113,True,-0.8279188357134251,-1.5569649749370458,0.7290461392236207
0.365,0.546875,1.75,0.8238235363920365,1.6220216876036837,True,-0.8102215260089907,-1.5952407632167265,0.7850192372077358
0.365,0.546875,1.875,0.8238235363920365,1.6984474023542206,True,-0.7932649655735284,-1.6354458942234142,0.8421809286498858
0.365,0.546875,2.0,0.8238235363920365,1.7788250598257849,True,-0.77700359991296,-1.6777300162522788,0.9007264163393188
0.365,0.55625,0.0,0.8066779587134358,0.8468630790829164,True,-1.1695609405892837,-1.227823282666885,0.05826234207760117
0.365,0.55625,0.125,0.8066779587134358,0.8896563543195964,True,-1.1312832044481287,-1.2476519043330465,0.11636869988491783
0.365,0.55625,0.25,0.8066779587134358,0.9338544895145501,True,-1.0954315954253042,-1.2681314796000367,0.17269988417473248
0.365,0.55625,0.375,0.8066779587134358,0.9795278193744201,True,-1.0617825389348694,-1.289294598641902,0.2275120597070326
0.365,0.55625,0.5,0.8066779587134358,1.0267514533918554,True,-1.0301391124244992,-1.3111760640696848,0.2810369516451856
0.365,0.55625,0.625,0.8066779587134358,1.0756056880209575,True,-1.0003271888653316,-1.333813081916359,0.3334858930510274
0.365,0.55625,0.75,0.8066779587134358,1.126176462299248,True,-0.9721922310453838,-1.3572454727530758,0.38505324170769206
0.365,0.55625,0.875,0.8066779587134358,1.1785558623545682,True,-0.9455966120413204,-1.3815159054566526,0.4359192934153322
0.365,0.55625,1.0,0.8066779587134358,1.2328426810274928,True,-0.9204173637914154,-1.406670156515293,0.48625279272387767
0.365,0.55625,1.125,0.8066779587134358,1.2891430397642287,True,-0.896544276043359,-1.4327573981878592,0.5362131221445002
0.365,0.55625,1.25,0.8066779587134358,1.347571081016556,True,-0.8738782836708775,-1.4598305193331704,0.5859522356622929
0.365,0.55625,1.375,0.8066779587134358,1.40824974065445,True,-0.8523300925847433,-1.4879464833138454,0.635616390729102
0.365,0.55625,1.5,0.8066779587134358,1.4713116113903901,True,-0.8318190040462203,-1.51716672807117,0.6853477240249497
0.365,0.55625,1.625,0.8066779587134358,1.5368999099769491,True,-0.812271904746825,-1.547557614284184,0.7352857095373591
0.365,0.55625,1.75,0.8066779587134358,1.605169563026139,True,-0.793622396012802,-1.5791909284931465,0.7855685324803444
0.365,0.55625,1.875,0.8066779587134358,1.6762884287777504,True,-0.7758100402763493,-1.6121444492161061,0.8363344089397569
0.365,0.55625,2.0,0.8066779587134358,1.7504386750981697,True,-0.7587797067941763,-1.6465025854561675,0.8877228786619912
0.365,0.565625,0.0,0.7905718601065569,0.8489211744488906,True,-1.1822981096475755,-1.2695593537258496,0.08726124407827407
0.365,0.565625,0.125,0.7905718601065569,0.892355505639746,True,-1.1400919380775634,-1.2868751965721075,0.1467832584945441
0.365,0.565625,0.25,0.7905718601065569,0.9369910441780522,True,-1.1007952882559375,-1.3046699213784174,0.2038746331224799
0.365,0.565625,0.375,0.7905718601065569,0.9828783191389755,True,-1.0641173286659242,-1.3229636724292835,0.25884634376335924
0.365,0.565625,0.5,0.7905718601065569,1.0300707339243158,True,-1.0298047393775585,-1.341777739908937,0.31197300053137855
0.365,0.565625,0.625,0.7905718601065569,1.0786247735921535,True,-0.9976358531410262,-1.3611346425568651,0.3634987894158389
0.365,0.565625,0.75,0.7905718601065569,1.1286002303951908,True,-0.9674158613341473,-1.3810582175825474,0.4136423562484002
0.365,0.565625,0.875,0.7905718601065569,1.1800604494212106,True,-0.9389728656095432,-1.4015737185942492,0.462600852984706
0.365,0.565625,1.0,0.7905718601065569,1.2330725964574754,True,-0.9121546061616826,-1.4227079223877668,0.5105533162260841
0.365,0.565625,1.125,0.7905718601065569,1.2877079504607734,True,-0.8868257350942962,-1.4444892455446423,0.5576635104503461
0.365,0.565625,1.25,0.7905718601065569,1.344042223311054,True,-0.8628655317957423,-1.4669478719074456,0.6040823401117033
0.365,0.565625,1.375,0.7905718601065569,1.4021559098649474,True,-0.8401659789264673,-1.4901158921346287,0.6499499132081614
0.365,0.565625,1.5,0.7905718601065569,1.4621346717126815,True,-0.8186301343139601,-1.5140274566918186,0.6953973223778585
0.365,0.565625,1.625,0.7905718601065569,1.5240697584859486,True,-0.7981707469874997,-1.5387189438134399,0.7405481968259402
0.365,0.565625,1.75,0.7905718601065569,1.588058471074592,True,-0.7787090756829381,-1.5642291441720124,0.7855200684890743
0.365,0.565625,1.875,0.7905718601065569,1.6542046716976972,True,-0.7601738760825146,-1.5905994642267596,0.8304255881442449
0.365,0.565625,2.0,0.7905718601065569,1.7226193464531248,True,-0.7425005293291509,-1.6178741504936507,0.8753736211644998
0.365,0.575,0.0,0.7754820405570143,0.851779688584969,True,-1.194471991086407,-1.3119929635768857,0.11752097249047866
0.365,0.575,0.125,0.7754820405570143,0.8957383074517336,True,-1.1484607020047009,-1.3265558602100056,0.17809515820530475
0.365,0.575,0.25,0.7754820405570143,0.9406837460924518,True,-1.105862661221954,-1.3414456769041758,0.23558301568222184
0.365,0.575,0.375,0.7754820405570143,0.9866496111533062,True,-1.0663116457677508,-1.3566735470873146,0.29036190131956374
0.365,0.575,0.5,0.7754820405570143,1.03367105279058,True,-1.029492015236413,-1.3722511155313868,0.3427591002949737
0.365,0.575,0.625,0.7754820405570143,1.0817848543142572,True,-0.9951302702198664,-1.3881905680501172,0.39306029783025076
0.365,0.575,0.75,0.7754820405570143,1.1310295281526042,True,-0.9629882466813949,-1.404504663290761,0.441516416609366
0.365,0.575,0.875,0.7754820405570143,1.181445418663904,True,-0.9328575879649376,-1.4212067667942418,0.4883491788293043
0.365,0.575,1.0,0.7754820405570143,1.2330748123721849,True,-0.9045552231008137,-1.438310887514759,0.5337556644139453
0.365,0.575,1.125,0.7754820405570143,1.2859620562599845,True,-0.8779196439876863,-1.4558317170085844,0.5779120730208981
0.365,0.575,1.25,0.7754820405570143,1.340153684813661,True,-0.8528078214945879,-1.4737846715224556,0.6209768500278677
0.365,0.575,1.375,0.7754820405570143,1.395698556586215,True,-0.8290926361117827,-1.4921859372349955,0.6630933011232127
0.365,0.575,1.5,0.7754820405570143,1.4526480011199747,True,-0.8066607256991223,-1.511052518930213,0.7043917932310908
0.365,0.575,1.625,0.7754820405570143,1.5110559771577883,True,-0.7854106734180104,-1.5304022924107337,0.7449916189927233
0.365,0.575,1.75,0.7754820405570143,1.5709792431677285,True,-0.7652514747263438,-1.5502540609903306,0.7850025862639868
0.365,0.575,1.875,0.7754820405570143,1.6324775413140933,True,-0.7461012345520203,-1.5706276164410329,0.8245263818890126
0.365,0.575,2.0,0.7754820405570143,1.695613796128148,True,-0.7278860553082576,-1.5915438048100574,0.8636577495017999
0.365,0.584375,0.0,0.7613845541525284,0.8554553698931505,True,-1.2061068342265862,-1.3551241122199942,0.14901727799340803
0.365,0.584375,0.125,0.7613845541525284,0.8998282176955203,True,-1.1564132663041726,-1.366685576510238,0.2102723102060653
0.365,0.584375,0.25,0.7613845541525284,0.9449647293227427,True,-1.1106525697021277,-1.378446015454534,0.26779344575240627
0.365,0.584375,0.375,0.7613845541525284,0.9908847900545361,True,-1.0683756307227186,-1.3904106102157499,0.3220349794930313
0.365,0.584375,0.5,0.7613845541525284,1.0376089816142302,True,-1.0291992101288827,-1.4025847234170004,0.37338551328811764
0.365,0.584375,0.625,0.7613845541525284,1.0851586129275759,True,-0.9927942925605178,-1.4149739071559388,0.4221796145954211
0.365,0.584375,0.75,0.7613845541525284,1.1335557525262614,True,-0.9588768241089717,-1.4275839114475781,0.46870708733860644
0.365,0.584375,0.875,0.7613845541525284,1.1828232626996542,True,-0.9272002857993529,-1.4404206931226207,0.5132204073232678
0.365,0.584375,1.0,0.7613845541525284,1.2329848355058095,True,-0.897549692011957,-1.4534904252102208,0.5559407331982638
0.365,0.584375,1.125,0.7613845541525284,1.2840650307609158,True,-0.8697367047538561,-1.4667995068362383,0.5970628020823822
0.365,0.584375,1.25,0.7613845541525284,1.3360893161351608,True,-0.8435956290122854,-1.480354573670323,0.6367589446580376
0.365,0.584375,1.375,0.7613845541525284,1.3890841094925535,True,-0.8189801092244487,-1.4941625089576684,0.6751823997332197
0.365,0.584375,1.5,0.7613845541525284,1.4430768236225877,True,-0.7957603877173939,-1.508230455173967,0.712470067456573
0.365,0.584375,1.625,0.7613845541525284,1.4980959135228924,True,-0.7738210166620766,-1.5225658263450306,0.748744809682954
0.365,0.584375,1.75,0.7613845541525284,1.5541709264042163,True,-0.7530589383652293,-1.537176321075724,0.7841173827104948
0.365,0.584375,1.875,0.7613845541525284,1.6113325546023858,True,-0.7333818665275913,-1.5520699363363168,0.8186880698087255
0.365,0.584375,2.0,0.7613845541525284,1.6696126915963279,True,-0.7147069148215149,-1.5672549820581285,0.8525480672366136
0.365,0.59375,0.0,0.7482551779745354,0.859966378903707,True,-1.217226279727812,-1.3989527996551743,0.18172651992736233
0.365,0.59375,0.125,0.7482551779745354,0.9046492543683019,True,-1.1639722064916584,-1.4072559999630783,0.24328379347141982
0.365,0.59375,0.25,0.7482551779745354,0.9498657090544205,True,-1.1151825805956392,-1.415658352689227,0.3004757720935878
0.365,0.59375,0.375,0.7482551779745354,0.995625357951097,True,-1.0703185854896113,-1.4241616445400282,0.3538430590504169
0.365,0.59375,0.5,0.7482551779745354,1.0419380484568865,True,-1.0289247580458707,-1.4327677054094152,0.40384294736354454
0.365,0.59375,0.625,0.7482551779745354,1.0888138674446874,True,-0.9906134705297385,-1.4414784096916666,0.45086493916192816
0.365,0.59375,0.75,0.7482551779745354,1.1362631485858543,True,-0.9550527549367476,-1.450295677642413,0.4952429227056654
0.365,0.59375,0.875,0.7482551779745354,1.184296479944763,True,-0.9219566589192375,-1.4592214767898954,0.5372648178706579
0.365,0.59375,1.0,0.7482551779745354,1.2329247118555577,True,-0.8910775397682034,-1.4682578233986643,0.5771802836304609
0.365,0.59375,1.125,0.7482551779745354,1.282158965093385,True,-0.8621998567963918,-1.4774067839879992,0.6152069271916074
0.365,0.59375,1.25,0.7482551779745354,1.3320106393530415,True,-0.8351351328756452,-1.4866704769074555,0.6515353440318102
0.365,0.59375,1.375,0.7482551779745354,1.382491422048615,True,-0.8097178360464298,-1.4960510739720565,0.6863332379256267
0.365,0.59375,1.5,0.7482551779745354,1.433613297448382,True,-0.7858019909726315,-1.5055508021597896,0.7197488111871582
0.365,0.59375,1.625,0.7482551779745354,1.4853885561599627,True,-0.7632583736735682,-1.5151719453741836,0.7519135717006155
0.365,0.59375,1.75,0.7482551779745354,1.5378298049815027,True,-0.7419721756657739,-1.5249168462749079,0.782944670609134
0.365,0.59375,1.875,0.7482551779745354,1.5909499771354656,True,-0.7218410483626456,-1.5347879081794664,0.8129468598168208
0.365,0.59375,2.0,0.7482551779745354,1.6447623429024814,True,-0.7027734574197878,-1.5447875970392346,0.8420141396194468
0.365,0.603125,0.0,0.7360698082122378,0.8653324745187542,True,-1.2278532945739318,-1.4434790258824262,0.21562573130849438
0.365,0.603125,0.125,0.7360698082122378,0.9102262032344333,True,-1.1711589332675718,-1.448258762034233,0.2770998287666613
0.365,0.603125,0.25,0.7360698082122378,0.9554182294187537,True,-1.1194690583097286,-1.4530702572587573,0.3336011989490286
0.365,0.603125,0.375,0.7360698082122378,1.0009115360490908,True,-1.0721490501010458,-1.4579138291470133,0.3857647790459675
0.365,0.603125,0.5,0.7360698082122378,1.0467091460089053,True,-1.0286672389429257,-1.4627897995387267,0.434122560595801
0.365,0.603125,0.625,0.7360698082122378,1.0928141227573134,True,-0.988574842630244,-1.4676984945936242,0.47912365196338025
0.365,0.603125,0.75,0.7360698082122378,1.1392295710121771,True,-0.9514904196523872,-1.4726402448641605,0.5211498252117732
0.365,0.603125,0.875,0.7360698082122378,1.1859586374470439,True,-0.9170876951171125,-1.4776153853697187,0.5605276902526062
0.365,0.603125,1.0,0.7360698082122378,1.2330045114022585,True,-0.8850859355594881,-1.4826242556723215,0.5975383201128334
0.365,0.603125,1.125,0.7360698082122378,1.2803704256105937,True,-0.8552422710259728,-1.4876671999538884,0.6324249289279156
0.365,0.603125,1.25,0.7360698082122378,1.3280596569377319,True,-0.8273455198127795,-1.4927445670950719,0.6653990472822924
0.365,0.603125,1.375,0.7360698082122378,1.376075527137969,True,-0.8012111835957614,-1.4978567107557161,0.6966455271599548
0.365,0.603125,1.5,0.7360698082122378,1.424421403625495,True,-0.7766773620825846,-1.5030039894569724,0.7263266273743878
0.365,0.603125,1.625,0.7360698082122378,1.4731007002616374,True,-0.753601395946834,-1.508186766665118,0.7545853707182841
0.365,0.603125,1.75,0.7360698082122378,1.522116878158441,True,-0.7318570909478607,-1.5134054108771084,0.7815483199292478
0.365,0.603125,1.875,0.7360698082122378,1.571473446498999,True,-0.7113324091422878,-1.5186602957079174,0.8073278865656296
0.365,0.603125,2.0,0.7360698082122378,1.621173963374925,True,-0.6919275379926224,-1.5239517999797016,0.8320242619870792
0.365,0.6125,0.0,0.7248047929056564,0.8715751976761702,True,-1.238010123434605,-1.4887027909017503,0.25069266746714525
0.365,0.6125,0.125,0.7248047929056564,0.9165848225484994,True,-1.1779937279627972,-1.4896854748704293,0.31169174690763213
0.365,0.6125,0.25,0.7248047929056564,0.9616539078483541,True,-1.123527246414879,-1.4906694570238646,0.36714221060898544
0.365,0.6125,0.375,0.7248047929056564,1.0067825714798269,True,-1.073874871787926,-1.4916547399362268,0.4177798681483007
0.365,0.6125,0.5,0.7248047929056564,1.051970931658939,True,-1.0284253630510332,-1.4926413261884974,0.46421596313746427
0.365,0.6125,0.625,0.7248047929056564,1.0972191069146737,True,-0.9866667555048324,-1.4936292183684903,0.5069624628636579
0.365,0.6125,0.75,0.7248047929056564,1.1425272160900102,True,-0.9481669919557523,-1.4946184190708747,0.5464514271151224
0.365,0.6125,0.875,0.7248047929056564,1.1878953783429667,True,-0.9125589182263961,-1.4956089308971974,0.5830500126708013
0.365,0.6125,1.0,0.7248047929056564,1.233323713147644,True,-0.8795285372216106,-1.4966007564559074,0.6170722192342968
0.365,0.6125,1.125,0.7248047929056564,1.278812340295274,True,-0.8488057247779505,-1.4975938983623769,0.6487881735844264
0.365,0.6125,1.25,0.7248047929056564,1.324361379895273,True,-0.8201568256655817,-1.4985883592389253,0.6784315335733436
0.365,0.6125,1.375,0.7248047929056564,1.3699709523762975,True,-0.793378700033696,-1.4995841417148408,0.7062054416811447
0.365,0.6125,1.5,0.7248047929056564,1.4156411784873089,True,-0.7682938992817402,-1.500581248426406,0.7322873491446659
0.365,0.6125,1.625,0.7248047929056564,1.4613721792986347,True,-0.7447467290488271,-1.5015796820169194,0.7568329529680923
0.365,0.6125,1.75,0.7248047929056564,1.507164076203042,True,-0.7226000146581898,-1.5025794451367185,0.7799794304785287
0.365,0.6125,1.875,0.7248047929056564,1.5530169909168097,True,-0.7017324270158545,-1.5035805404432052,0.8018481134273507
0.365,0.6125,2.0,0.7248047929056564,1.5989310454808072,True,-0.6820362588480549,-1.5045829706008673,0.8225467117528125
0.365,0.621875,0.0,0.7144372099393009,0.8787180543187589,True,-1.2477182540450724,-1.5346240947131453,0.2869058406680729
0.365,0.621875,0.125,0.7144372099393009,0.9237520457312854,True,-1.184495782137023,-1.5315277349595444,0.3470319528225214
0.365,0.621875,0.25,0.7144372099393009,0.9686046759111525,True,-1.1273713448311986,-1.5284438448894877,0.4010725000582891
0.365,0.621875,0.375,0.7144372099393009,1.013277038225754,True,-1.0755032673790683,-1.5253723493273432,0.4498690819482749
0.365,0.621875,0.5,0.7144372099393009,1.0577702172713732,True,-1.0281979570932036,-1.5223131737005458,0.49411521660734214
0.365,0.621875,0.625,0.7144372099393009,1.102085288960957,True,-0.9848787089478613,-1.5192662440335605,0.5343875350856991
0.365,0.621875,0.75,0.7144372099393009,1.146223320610845,True,-0.9450620779340095,-1.5162314869419236,0.571169409007914
0.365,0.621875,0.875,0.7144372099393009,1.1901853710264545,True,-0.9083397600168728,-1.513208829626347,0.6048690696094743
0.365,0.621875,1.0,0.7144372099393009,1.2339724905869485,True,-0.8743645394031886,-1.5101981998668998,0.6358336604637113
0.365,0.621875,1.125,0.7144372099393009,1.2775857213288901,True,-0.8428392758409697,-1.5071995260172553,0.6643602501762855
0.365,0.621875,1.25,0.7144372099393009,1.3210260970289054,True,-0.8135081913928418,-1.5042127369990066,0.6907045456061648
0.365,0.621875,1.375,0.7144372099393009,1.364294643285365,True,-0.7861499153639727,-1.5012377622960522,0.7150878469320795
0.365,0.621875,1.5,0.7144372099393009,1.4073923775990955,True,-0.7605718869636404,-1.498274531949046,0.7377026449854056
0.365,0.621875,1.625,0.7144372099393009,1.4503203094531405,True,-0.7366058162195007,-1.4953229765499114,0.7587171603304107
0.365,0.621875,1.75,0.7144372099393009,1.4930794403915808,True,-0.7141039768519825,-1.4923830272364267,0.7782790503844442
0.365,0.621875,1.875,0.7144372099393009,1.5356707640974214,True,-0.6929361584792336,-1.4894546156868638,0.7965184572076301
0.365,0.621875,2.0,0.7144372099393009,1.5780952664695702,True,-0.6729871452818545,-1.4865376741146996,0.8135505288328451
0.365,0.6312500000000001,0.0,0.7049450981097,0.8867866995378612,True,-1.2569983944987426,-1.5812429373166135,0.32424454281787085
0.365,0.6312500000000001,0.125,0.7049450981097,0.9317561830878065,True,-1.1906832400489566,-1.5737771267429892,0.38309388669403255
0.365,0.6312500000000001,0.25,0.7049450981097,0.976303016927761,True,-1.1310145825132139,-1.5663814842572474,0.4353669017440336
0.365,0.6312500000000001,0.375,0.7049450981097,1.0204331316547088,True,-1.0770408796522235,-1.5590550252647226,0.4820141456124991
0.365,0.6312500000000001,0.5,0.7049450981097,1.064152347425126,True,-1.0279839521492387,-1.5517967835060233,0.5238128313567847
0.365,0.6312500000000001,0.625,0.7049450981097,1.107466376513871,True,-0.9832012220041414,-1.5446058106322107,0.5614045886280693
0.365,0.6312500000000001,0.75,0.7049450981097,1.1503808258022508,True,-0.9421574090949142,-1.5374811757917277,0.5953237666968135
0.365,0.6312500000000001,0.875,0.7049450981097,1.1929011991975498,True,-0.9044030328355218,-1.530421965228713,0.6260189323931912
0.365,0.6312500000000001,1.0,0.7049450981097,1.2350328999862055,True,-0.869557883606643,-1.5234272818923265,0.6538693982856835
0.365,0.6312500000000001,1.125,0.7049450981097,1.2767812331227477,True,-0.8372981733447348,-1.5164962450567392,0.6791980717120044
0.365,0.6312500000000001,1.25,0.7049450981097,1.318151407456541,True,-0.8073464440165716,-1.5096279899514546,0.702281545934883
0.365,0.6312500000000001,1.375,0.7049450981097,1.3591485378982855,True,-0.7794635672463222,-1.502821667401624,0.7233581001553018
0.365,0.6312500000000001,1.5,0.7049450981097,1.3997776475281771,True,-0.7534423464252497,-1.4960764434780511,0.7426340970528015
0.365,0.6312500000000001,1.625,0.7049450981097,1.440043669647547,True,-0.7291023589261462,-1.4893914991565826,0.7602891402304365
0.365,0.6312500000000001,1.75,0.7049450981097,1.4799514497757391,True,-0.7062857667668861,-1.482766029986584,0.7764802632196978
0.365,0.6312500000000001,1.875,0.7049450981097,1.5195057475939304,True,-0.6848538900134833,-1.4761992457682291,0.7913453557547458
0.365,0.6312500000000001,2.0,0.7049450981097,1.558711238837522,True,-0.6646843856795567,-1.4696903702383273,0.8050059845587706
0.365,0.640625,0.0,0.6963076483062969,0.8958091247463055,True,-1.2658704605860183,-1.6285593187121523,0.36268885812613405
0.365,0.640625,0.125,0.6963076483062969,0.9406271237772387,True,-1.1965732429481002,-1.6164252261781398,0.4198519832300396
0.365,0.640625,0.25,0.6963076483062969,0.9847822009682924,True,-1.134469285678415,-1.6044706141011276,0.47000132842271247
0.365,0.640625,0.375,0.6963076483062969,1.0282889566723703,True,-1.0784938282463172,-1.5926915295595887,0.5141977013132715
0.365,0.640625,0.5,0.6963076483062969,1.0711615656180646,True,-1.0277823729493305,-1.5810841348661637,0.5533017619168332
0.365,0.640625,0.625,0.6963076483062969,1.113413792307003,True,-0.9816257169183703,-1.569644703398958,0.5880189864805877
0.365,0.640625,0.75,0.6963076483062969,1.1550590057475814,True,-0.9394365801570717,-1.5583696156125109,0.6189330354554392
0.365,0.640625,0.875,0.6963076483062969,1.1961101935582117,True,-0.9007244846874995,-1.5472553552194592,0.6465308705319597
0.365,0.640625,1.0,0.6963076483062969,1.2365799754713411,True,-0.8650765989295749,-1.536298505534441,0.671221906604866
0.365,0.640625,1.125,0.6963076483062969,1.2764806162677316,True,-0.832142957630627,-1.5254957459722474,0.6933527883416204
0.365,0.640625,1.25,0.6963076483062969,1.3158240381688566,True,-0.8016249340621219,-1.514843848692687,0.7132189146305651
0.365,0.640625,1.375,0.6963076483062969,1.354621832713707,True,-0.7732661591041969,-1.5043396753850413,0.7310735162808444
0.365,0.640625,1.5,0.6963076483062969,1.3928852721448712,True,-0.7468453019833912,-1.4939801741853809,0.7471348722019897
0.365,0.640625,1.625,0.6963076483062969,1.4306253203273727,True,-0.7221702821134972,-1.4837623767203822,0.761592094606885
0.365,0.640625,1.75,0.6963076483062969,1.4678526432224908,True,-0.6990735916494111,-1.4736833952716308,0.7746098036222198
0.365,0.640625,1.875,0.6963076483062969,1.5045776189375761,True,-0.6774084877979686,-1.4637404200547177,0.7863319322567491
0.365,0.640625,2.0,0.6963076483062969,1.540810347371755,True,-0.6570458718740478,-1.453930716607747,0.7968848447336992
0.365,0.65,0.0,0.6885053610956197,0.9058158497265292,True,-1.2743535715349128,-1.6765732388997636,0.4022196673648508
0.365,0.65,0.125,0.6885053610956197,0.9503965393434671,True,-1.2021819743342068,-1.6594636042487543,0.45728162991454746
0.365,0.65,0.25,0.6885053610956197,0.9940765180613965,True,-1.1377469416826682,-1.6426996536717386,0.5049527119890704
0.365,0.65,0.375,0.6885053610956197,1.0368828099074872,True,-1.0798677556839165,-1.626271015610186,0.5464032599262696
0.365,0.65,0.5,0.6885053610956197,1.078841368544518,True,-1.027592328409264,-1.610167729300999,0.582575400891735
0.365,0.65,0.625,0.6885053610956197,1.1199771297448582,True,-0.9801444182506115,-1.5943802246375096,0.6142358063868981
0.365,0.65,0.75,0.6885053610956197,1.160314060807418,True,-0.936884824208242,-1.5788993032037344,0.6420144789954924
0.365,0.65,0.875,0.6885053610956197,1.199875207123345,True,-0.8972824221530681,-1.5637161204029133,0.6664336982498452
0.365,0.65,1.0,0.6885053610956197,1.238682736080574,True,-0.8608922490064912,-1.5488221686073722,0.687929919600881
0.365,0.65,1.125,0.6885053610956197,1.2767579784829761,True,-0.8273387119747674,-1.5342092612622558,0.7068705492874884
0.365,0.65,1.25,0.6885053610956197,1.3141214676467214,True,-0.7963025770369726,-1.5198695178807236,0.723566940843751
0.365,0.65,1.375,0.6885053610956197,1.3507929763244242,True,-0.7675107801650979,-1.5057953498728238,0.7382845697077259
0.365,0.65,1.5,0.6885053610956197,1.386791551596578,True,-0.7407283717785281,-1.4919794471545,0.7512510753759719
0.365,0.65,1.625,0.6885053610956197,1.4221355478596458,True,-0.7157520909260318,-1.478414765487082,0.7626626745610503
0.365,0.65,1.75,0.6885053610956197,1.4568426580308549,True,-0.6924051970782489,-1.465094514501191,0.7726893174229422
0.365,0.65,1.875,0.6885053610956197,1.4909299430811545,True,-0.6705332814500786,-1.4520121463622773,0.7814788649121986
0.365,0.65,2.0,0.6885053610956197,1.5244138599999113,True,-0.6500008478933224,-1.4391613450380418,0.7891604971447195
0.37875000000000003,0.5,0.0,0.9225213227909945,0.8603746222776997,True,-1.0455451786769732,-0.975110835874169,0.07043434280280414
0.37875000000000003,0.5,0.125,0.9225213227909945,0.893032643344446,True,-1.0389765288342825,-1.0057653227034695,0.033211206130812965
0.37875000000000003,0.5,0.25,0.9225213227909945,0.9278106456632091,True,-1.0324898989395976,-1.03840973223003,0.005919833290432441
0.37875000000000003,0.5,0.375,0.9225213227909945,0.9649219805305512,True,-1.026083762301972,-1.073244326879339,0.04716056457736695
0.37875000000000003,0.5,0.5,0.9225213227909945,1.004609621363613,True,-1.019756629886549,-1.1104971739124343,0.09074054402588527
0.37875000000000003,0.5,0.625,0.9225213227909945,1.0471514895563012,True,-1.0135070491606848,-1.1504291445465793,0.1369220953858945
0.37875000000000003,0.5,0.75,0.9225213227909945,1.0928669722587647,True,-1.0073336029822435,-1.1933400318760239,0.18600642889378038
0.37875000000000003,0.5,0.875,0.9225213227909945,1.142124955348329,True,-1.0012349085282737,-1.2395760910288696,0.23834118250059588
0.37875000000000003,0.5,1.0,0.9225213227909945,1.1953537990992373,True,-0.995209616262367,-1.2895394028402696,0.29432978657790254
0.37875000000000003,0.5,1.125,0.9225213227909945,1.2530538276997842,True,-0.9892564089390818,-1.343699597151209,0.35444318821212706
0.37875000000000003,0.5,1.25,0.9225213227909945,1.3158131040829983,True,-0.9833740006438849,-1.4026086598704013,0.41923465922651637
0.37875000000000003,0.5,1.375,0.9225213227909945,1.3843275445176109,True,-0.9775611358671443,-1.4669198135568782,0.48935867768973385
0.37875000000000003,0.5,1.5,0.9225213227909945,1.4594268327729398,True,-0.9718165886107709,-1.5374118417789113,0.5655952531681404
0.37875000000000003,0.5,1.625,0.9225213227909945,1.542108183205412,True,-0.9661391615261753,-1.615020780871727,0.6488816193455517
0.37875000000000003,0.5,1.75,0.9225213227909945,1.633580873726356,True,-0.9605276850822655,-1.7008817208559364,0.7403540357736709
0.37875000000000003,0.5,1.875,0.9225213227909945,1.7353257816846264,True,-0.954981016762272,-1.7963846888582145,0.8414036720959425
0.37875000000000003,0.5,2.0,0.9225213227909945,1.8491761702615508,True,-0.9494980402882398,-1.9032504793483724,0.9537524390601326
0.37875000000000003,0.509375,0.0,0.901676240644683,0.8584315617166223,True,-1.063002229209162,-1.0120203046226874,0.05098192458647466
0.37875000000000003,0.509375,0.125,0.901676240644683,0.8929061662323863,True,-1.0517625749222017,-1.0415326990195812,0.010229875902620478
0.37875000000000003,0.509375,0.25,0.901676240644683,0.9294518545828082,True,-1.0407581187417971,-1.0728180693161553,0.032059950574358176
0.37875000000000003,0.509375,0.375,0.901676240644683,0.9682610389312477,True,-1.029981554568356,-1.1060411322287165,0.07605957766036053
0.37875000000000003,0.509375,0.5,0.901676240644683,1.0095507276400417,True,-1.0194258758060595,-1.1413876603416553,0.12196178453559581
0.37875000000000003,0.509375,0.625,0.901676240644683,1.0535665852061542,True,-1.0090843601713546,-1.1790679576635468,0.16998359749219216
0.37875000000000003,0.509375,0.75,0.901676240644683,1.100587823828041,True,-0.9989505554168192,-1.2193210471110278,0.22037049169420864
0.37875000000000003,0.509375,0.875,0.901676240644683,1.1509331323703413,True,-0.9890182659066877,-1.2624197460693949,0.27340148016270716
0.37875000000000003,0.509375,1.0,0.901676240644683,1.2049679088099972,True,-0.9792815399853496,-1.3086768578139516,0.329395317828602
0.37875000000000003,0.509375,1.125,0.901676240644683,1.2631131432119616,True,-0.9697346580847032,-1.3584527758868026,0.3887181178020994
0.37875000000000003,0.509375,1.25,0.901676240644683,1.325856408058663,True,-0.9603721215204318,-1.4121648924988406,0.45179277097840875
0.37875000000000003,0.509375,1.375,0.901676240644683,1.393765563205647,True,-0.9511886419310889,-1.470299330819698,0.5191106888886092
0.37875000000000003,0.509375,1.5,0.901676240644683,1.46750599131866,True,-0.94217913131737,-1.5334256995782405,0.5912465682608705
0.37875000000000003,0.509375,1.625,0.901676240644683,1.5478624724443129,True,-0.9333386926421537,-1.6022158190484264,0.6688771264062726
0.37875000000000003,0.509375,1.75,0.901676240644683,1.6357672229304971,True,-0.9246626109548194,-1.6774677240999414,0.752805113145122
0.37875000000000003,0.509375,1.875,0.901676240644683,1.7323362252389116,True,-0.9161463450060413,-1.760136764765434,0.8439904197593927
0.37875000000000003,0.509375,2.0,0.901676240644683,1.8389168570549057,True,-0.90778551932173,-1.8513763797053366,0.9435908603836066
0.37875000000000003,0.51875,0.0,0.8817675994092042,0.8571579571483612,True,-1.0797506366657643,-1.04961539817768,0.030135238488084415
0.37875000000000003,0.51875,0.125,0.8817675994092042,0.8932681799800772,True,-1.0639262280812276,-1.077802638731507,0.013876410650279336
0.37875000000000003,0.51875,0.25,0.8817675994092042,0.9313713918043379,True,-1.0485589527768546,-1.1075455844499291,0.0589866316730745
0.37875000000000003,0.51875,0.375,0.8817675994092042,0.9716372700655237,True,-1.0336292843876342,-1.1389766836693527,0.10534739928171843
0.37875000000000003,0.51875,0.5,0.8817675994092042,1.0142553159299799,True,-1.019118793023491,-1.1722438589042934,0.15312506588080232
0.37875000000000003,0.51875,0.625,0.8817675994092042,1.0594378364401336,True,-1.00501006937106,-1.2075128346838984,0.2025027653128384
0.37875000000000003,0.51875,0.75,0.8817675994092042,1.1074234817073703,True,-0.9912866550137993,-1.2449698986455813,0.25368324363178196
0.37875000000000003,0.51875,0.875,0.8817675994092042,1.1584814615230845,True,-0.9779329783840781,-1.2848251929749734,0.30689221459089533
0.37875000000000003,0.51875,1.0,0.8817675994092042,1.2129165986749246,True,-0.9649342958232084,-1.3273166589686927,0.3623823631454842
0.37875000000000003,0.51875,1.125,0.8817675994092042,1.271075419292674,True,-0.9522766372803969,-1.3727147910909772,0.42043815381058025
0.37875000000000003,0.51875,1.25,0.8817675994092042,1.3333535373028653,True,-0.9399467562301699,-1.4213284011972835,0.48138164496711366
0.37875000000000003,0.51875,1.375,0.8817675994092042,1.400204665579313,True,-0.9279320834308175,-1.473511652538727,0.5455795691079096
0.37875000000000003,0.51875,1.5,0.8817675994092042,1.4721516877858898,True,-0.9162206841845183,-1.529672702320096,0.6134520181355777
0.37875000000000003,0.51875,1.625,0.8817675994092042,1.5498003624811374,True,-0.9048012187936325,-1.590284398972337,0.6854831801787045
0.37875000000000003,0.51875,1.75,0.8817675994092042,1.6338564197124663,True,-0.8936629059377538,-1.6558976275648982,0.7622347216271445
0.37875000000000003,0.51875,1.875,0.8817675994092042,1.7251470720549948,True,-0.8827954887228834,-1.7271581010847281,0.8443626123618447
0.37875000000000003,0.51875,2.0,0.8817675994092042,1.8246483297051888,True,-0.8721892031780056,-1.804827682296256,0.9326384791182503
0.37875000000000003,0.528125,0.0,0.8628019519514388,0.8565694803493262,True,-1.0958117402076588,-1.087896116539146,0.007915623668512728
0.37875000000000003,0.528125,0.125,0.8628019519514388,0.8941457124095961,True,-1.0754968188914562,-1.1145673316419202,0.039070512750464026
0.37875000000000003,0.528125,0.25,0.8628019519514388,0.9336107123769791,True,-1.05592141225994,-1.142579174379978,0.08665776212003795
0.37875000000000003,0.528125,0.375,0.8628019519514388,0.9751105598676284,True,-1.0370458618312532,-1.172035330531561,0.1349894687003077
0.37875000000000003,0.528125,0.5,0.8628019519514388,1.0188067970976566,True,-1.018833295047579,-1.2030504610660608,0.18421716601848193
0.37875000000000003,0.528125,0.625,0.8628019519514388,1.064878530399637,True,-1.0012493848656534,-1.235751693778374,0.2345023089127205
0.37875000000000003,0.528125,0.75,0.8628019519514388,1.1135248840553846,True,-0.9842621338200794,-1.2702803649936525,0.28601823117357306
0.37875000000000003,0.528125,0.875,0.8628019519514388,1.1649678773353342,True,-0.967841679701483,-1.3067940616596572,0.3389523819581741
0.37875000000000003,0.528125,1.0,0.8628019519514388,1.2194558124190062,True,-0.951960120366729,-1.3454690260571431,0.3935089056904142
0.37875000000000003,0.528125,1.125,0.8628019519514388,1.2772672822621554,True,-0.9365913555190714,-1.3865030005418935,0.4499116450228221
0.37875000000000003,0.528125,1.25,0.8628019519514388,1.3387159349234292,True,-0.9217109435709353,-1.4301186092137737,0.5084076656428383
0.37875000000000003,0.528125,1.375,0.8628019519514388,1.4041561663337694,True,-0.9072959719381447,-1.476567398584699,0.5692714266465543
0.37875000000000003,0.528125,1.5,0.8628019519514388,1.4739899596785722,True,-0.89332493931783,-1.526134692100305,0.632809752782475
0.37875000000000003,0.528125,1.625,0.8628019519514388,1.5486751501882865,True,-0.8797776486778793,-1.5791454564015606,0.6993678077236812
0.37875000000000003,0.528125,1.75,0.8628019519514388,1.6287354743933986,True,-0.8666351098378416,-1.6359714341804792,0.7693363243426375
0.37875000000000003,0.528125,1.875,0.8628019519514388,1.714772870124087,True,-0.8538794506530665,-1.6970398745907658,0.8431604239376993
0.37875000000000003,0.528125,2.0,0.8628019519514388,1.8074826381786833,True,-0.8414938359285464,-1.7628442948409495,0.9213504589124031
0.37875000000000003,0.5375,0.0,0.8447803564281572,0.8566817260439257,True,-1.1112076298777638,-1.1268624597070864,0.015654829829322647
0.37875000000000003,0.5375,0.125,0.8447803564281572,0.8955650265327989,True,-1.0865028964947434,-1.1518189170986335,0.06531602060389008
0.37875000000000003,0.5375,0.25,0.8447803564281572,0.9362096195999031,True,-1.0628727598346146,-1.1779058243910383,0.1150330645564237
0.37875000000000003,0.5375,0.375,0.8447803564281572,0.9787379500432974,True,-1.0402485987502048,-1.2052017702932623,0.16495317154305744
0.37875000000000003,0.5375,0.5,0.8447803564281572,1.0232840817046325,True,-1.018567512961375,-1.2337928009616201,0.2152252880002452
0.37875000000000003,0.5375,0.625,0.8447803564281572,1.069995109152814,True,-0.9977717390492663,-1.2637733260602937,0.2660015870110274
0.37875000000000003,0.5375,0.75,0.8447803564281572,1.119032780312601,True,-0.9778081365599224,-1.29524716021257,0.31743902365264753
0.37875000000000003,0.5375,0.875,0.8447803564281572,1.170575367751964,True,-0.9586277345905684,-1.3283287240486605,0.36970098945809216
0.37875000000000003,0.5375,1.0,0.8447803564281572,1.2248198342499035,True,-0.9401853307134467,-1.3631444341314611,0.42295910341801446
0.37875000000000003,0.5375,1.125,0.8447803564281572,1.281984348089923,True,-0.9224391353220336,-1.3998343173466266,0.47739518202459297
0.37875000000000003,0.5375,1.25,0.8447803564281572,1.3423112157933197,True,-0.9053504555093189,-1.4385538932179223,0.5332034377086033
0.37875000000000003,0.5375,1.375,0.8447803564281572,1.4060703154165426,True,-0.8888834134449228,-1.4794763774994637,0.5905929640545409
0.37875000000000003,0.5375,1.5,0.8447803564281572,1.4735631330078278,True,-0.8730046949371186,-1.5227952728934997,0.6497905779563811
0.37875000000000003,0.5375,1.625,0.8447803564281572,1.5451275295749778,True,-0.8576833244715141,-1.5687274286319493,0.7110441041604352
0.37875000000000003,0.5375,1.75,0.8447803564281572,1.6211433976025058,True,-0.8428904635298033,-1.6175166709971474,0.774626207467344
0.37875000000000003,0.5375,1.875,0.8447803564281572,1.7020394069967106,True,-0.8285992294255912,-1.669438133069802,0.8408389036442109
0.37875000000000003,0.5375,2.0,0.8447803564281572,1.7883010933675019,True,-0.814784532262812,-1.7248034460285535,0.9100189137657415
0.37875000000000003,0.546875,0.0,0.8276993392223106,0.8575104445037268,True,-1.1259608873266314,-1.166514427681501,0.04055354035486958
0.37875000000000003,0.546875,0.125,0.8276993392223106,0.8975518153460036,True,-1.0969721281325249,-1.1895494877577362,0.0925773596252113
0.37875000000000003,0.546875,0.25,0.8276993392223106,0.9392064297832536,True,-1.0694385807082913,-1.2135126170370512,0.1440740363287598
0.37875000000000003,0.546875,0.375,0.8276993392223106,0.9825737871735748,True,-1.043253352372598,-1.2384610556599083,0.1952077032873103
0.37875000000000003,0.546875,0.5,0.8276993392223106,1.0277617410007354,True,-1.0183197693139285,-1.2644568497407587,0.24613708042683013
0.37875000000000003,0.546875,0.625,0.8276993392223106,1.0748873944550108,True,-0.9945501839480276,-1.2915673665791316,0.297017182631104
0.37875000000000003,0.546875,0.75,0.8276993392223106,1.124078113748201,True,-0.9718649454971575,-1.3198658776010241,0.3480009321038666
0.37875000000000003,0.546875,0.875,0.8276993392223106,1.1754726776243867,True,-0.9501915083112474,-1.3494322196511785,0.3992407113399311
0.37875000000000003,0.546875,1.0,0.8276993392223106,1.2292225849122596,True,-0.9294636568976419,-1.3803535472037554,0.4508898903061135
0.37875000000000003,0.546875,1.125,0.8276993392223106,1.2854935460634402,True,-0.9096208302184204,-1.4127251904167388,0.5031043601983184
0.37875000000000003,0.546875,1.25,0.8276993392223106,1.3444671896056004,True,-0.8906075307307506,-1.4466516368228604,0.5560441060921097
0.37875000000000003,0.546875,1.375,0.8276993392223106,1.406343020527461,True,-0.8723728060247813,-1.4822476579522654,0.6098748519274841
0.37875000000000003,0.546875,1.5,0.8276993392223106,1.4713406750831988,True,-0.8548697928630619,-1.5196396064797866,0.6647698136167247
0.37875000000000003,0.546875,1.625,0.8276993392223106,1.539702525714302,True,-0.838055315029832,-1.5589669147883087,0.7209115997584767
0.37875000000000003,0.546875,1.75,0.8276993392223106,1.611696701199602,True,-0.8218895277243742,-1.6003838324052233,0.7784943046808491
0.37875000000000003,0.546875,1.875,0.8276993392223106,1.687620601360241,True,-0.8063356023326311,-1.6440614479471933,0.8377258456145622
0.37875000000000003,0.546875,2.0,0.8276993392223106,1.7678050034521253,True,-0.7913594463274459,-1.690190051451781,0.898830605124335
0.37875000000000003,0.55625,0.0,0.8115517541979756,0.8590717638841958,True,-1.1400943616576031,-1.2068520204623896,0.06675765880478646
0.37875000000000003,0.55625,0.125,0.8115517541979756,0.9001313996040626,True,-1.1069312257560533,-1.2277510933235838,0.12081986756753049
0.37875000000000003,0.55625,0.25,0.8115517541979756,0.9426381556676146,True,-1.0756428591785652,-1.2493867405106662,0.17374388133210106
0.37875000000000003,0.55625,0.375,0.8115517541979756,0.9866699086627694,True,-1.0460746560733647,-1.2717986006725575,0.22572394459919276
0.37875000000000003,0.55625,0.5,0.8115517541979756,1.0323102251364689,True,-1.0180885555451398,-1.2950292086082797,0.27694065306314
0.37875000000000003,0.55625,0.625,0.8115517541979756,1.079648890925913,True,-0.9915608861493471,-1.3191242646929253,0.3275633785435782
0.37875000000000003,0.55625,0.75,0.8115517541979756,1.1287825007018792,True,-0.9663805388164728,-1.3441329349511604,0.3777523961346876
0.37875000000000003,0.55625,0.875,0.8115517541979756,1.1798151158692782,True,-0.9424474112695659,-1.3701081859240933,0.42766077465452745
0.37875000000000003,0.55625,1.0,0.8115517541979756,1.2328590002541464,True,-0.9196710780063934,-1.3971071591289077,0.47743608112251434
0.37875000000000003,0.55625,1.125,0.8115517541979756,1.2880354445226398,True,-0.8979696485877513,-1.4251915906824713,0.52722194209472
0.37875000000000003,0.55625,1.25,0.8115517541979756,1.345475692073891,True,-0.8772687838448303,-1.4544282825744501,0.5771594987296198
0.37875000000000003,0.55625,1.375,0.8115517541979756,1.4053219812835225,True,-0.8575008450963469,-1.484889633162103,0.6273887880657562
0.37875000000000003,0.55625,1.5,0.8115517541979756,1.46772872152054,True,-0.838604155857547,-1.5166542357548136,0.6780500798972666
0.37875000000000003,0.55625,1.625,0.8115517541979756,1.5328638234071517,True,-0.8205223590624112,-1.5498075557072104,0.7292851966447992
0.37875000000000003,0.55625,1.75,0.8115517541979756,1.6009102074506882,True,-0.8032038556872929,-1.584442698302462,0.7812388426151691
0.37875000000000003,0.55625,1.875,0.8115517541979756,1.6720675195893304,True,-0.7866013129977907,-1.6206612819532824,0.8340599689554917
0.37875000000000003,0.55625,2.0,0.8115517541979756,1.7465540875348948,True,-0.7706712325488918,-1.6585744339669868,0.887903201418095
0.37875000000000003,0.565625,0.0,0.7963275441548034,0.8613824032220607,True,-1.1536309773808717,-1.2478752380497522,0.09424426066888048
0.37875000000000003,0.565625,0.125,0.7963275441548034,0.903328926881531,True,-1.11640589545746,-1.2664157442628363,0.15000984880537627
0.37875000000000003,0.565625,0.25,0.7963275441548034,0.9465407036285209,True,-1.0815080582306313,-1.2855154966466096,0.20400743841597824
0.37875000000000003,0.565625,0.375,0.7963275441548034,0.9910758567152739,True,-1.0487258382966793,-1.305200185876373,0.2564743475796938
0.37875000000000003,0.565625,0.5,0.7963275441548034,1.0369961248476964,True,-1.0178725124127916,-1.3254971006702514,0.30762458825745975
0.37875000000000003,0.565625,0.625,0.7963275441548034,1.0843671477420878,True,-0.9887827028131769,-1.3464352540062388,0.35765255119306183
0.37875000000000003,0.565625,0.75,0.7963275441548034,1.1332587791809556,True,-0.9613094117925985,-1.368045521493935,0.40673610970133656
0.37875000000000003,0.565625,0.875,0.7963275441548034,1.1837454307078437,True,-0.9353215372892778,-1.3903607932888304,0.45503925599955264
0.37875000000000003,0.565625,1.0,0.7963275441548034,1.2359064495176082,True,-0.9107017808403156,-1.413416141121091,0.5027143602807754
0.37875000000000003,0.565625,1.125,0.7963275441548034,1.2898265345783562,True,-0.887344877466974,-1.4372490022228743,0.5499041247559003
0.37875000000000003,0.565625,1.25,0.7963275441548034,1.345596195575037,True,-0.865156091138978,-1.4618993821829571,0.5967432910439792
0.37875000000000003,0.565625,1.375,0.7963275441548034,1.4033122599054701,True,-0.8440499304647818,-1.4874100790407065,0.6433601485759247
0.37875000000000003,0.565625,1.5,0.7963275441548034,1.4630784337027885,True,-0.823949047895331,-1.5138269312599073,0.6898778833645763
0.37875000000000003,0.565625,1.625,0.7963275441548034,1.5250059237224216,True,-0.804783292560563,-1.5411990926049273,0.7364158000443642
0.37875000000000003,0.565625,1.75,0.7963275441548034,1.5892141279391065,True,-0.7864888922919019,-1.5695793373869438,0.7830904450950419
0.37875000000000003,0.565625,1.875,0.7963275441548034,1.6558314038768436,True,-0.7690077447309885,-1.5990244000684015,0.830016655337413
0.37875000000000003,0.565625,2.0,0.7963275441548034,1.7249959250747777,True,-0.7522868009212058,-1.6295953538238452,0.8773085529026394
0.37875000000000003,0.575,0.0,0.7820144113549125,0.8644598772286024,True,-1.1665935714608913,-1.2895840804435883,0.12299050898269703
0.37875000000000003,0.575,0.125,0.7820144113549125,0.9071695707352173,True,-1.1254208059688766,-1.3055354154898269,0.18011460952095026
0.37875000000000003,0.575,0.25,0.7820144113549125,0.950949080691367,True,-1.0870552003825393,-1.3218863085572874,0.23483110817474806
0.37875000000000003,0.575,0.375,0.7820144113549125,0.9958391129558263,True,-1.0512191305896974,-1.338651962583251,0.2874328319935535
0.37875000000000003,0.575,0.5,0.7820144113549125,1.0418824650264618,True,-1.0176704129783307,-1.35584836169618,0.33817794871784934
0.37875000000000003,0.575,0.625,0.7820144113549125,1.0891241621350867,True,-0.9861968240781139,-1.3734923220448039,0.38729549796668994
0.37875000000000003,0.575,0.75,0.7820144113549125,1.1376116041086164,True,-0.9566116066435609,-1.3916015466482308,0.43498994000466984
0.37875000000000003,0.575,0.875,0.7820144113549125,1.187394724003469,True,-0.9287497610641477,-1.4101946846431654,0.4814449235790177
0.37875000000000003,0.575,1.0,0.7820144113549125,1.2385261596292223,True,-0.9024649665211812,-1.4292913953450403,0.5268264288238591
0.37875000000000003,0.575,1.125,0.7820144113549125,1.29106143920013,True,-0.8776270105666396,-1.4489124175856603,0.5712854070190206
0.37875000000000003,0.575,1.25,0.7820144113549125,1.345059182490989,True,-0.8541196317968495,-1.4690796448414556,0.6149600130446061
0.37875000000000003,0.575,1.375,0.7820144113549125,1.4005813190293177,True,-0.8318387001878059,-1.4898162067245024,0.6579775065366965
0.37875000000000003,0.575,1.5,0.7820144113549125,1.4576933250312463,True,-0.8106906750009985,-1.5111465574739977,0.7004558824729993
0.37875000000000003,0.575,1.625,0.7820144113549125,1.5164644809869479,True,-0.7905912920872706,-1.5330965721599832,0.7425052800727125
0.37875000000000003,0.575,1.75,0.7820144113549125,1.5769681520261523,True,-0.7714644417397766,-1.555693651395035,0.7842292096552584
0.37875000000000003,0.575,1.875,0.7820144113549125,1.6392820934492762,True,-0.7532412055884902,-1.5789668354448803,0.8257256298563901
0.37875000000000003,0.575,2.0,0.7820144113549125,1.7034887840995423,True,-0.7358590268453994,-1.602946928737143,0.8670879018917436
0.37875000000000003,0.584375,0.0,0.768598404550822,0.8683226941723096,True,-1.179004756510335,-1.331978547643899,0.15297379113356402
0.37875000000000003,0.584375,0.125,0.768598404550822,0.9116787292248364,True,-1.1339995729448746,-1.3451020500206226,0.21110247707574792
0.37875000000000003,0.584375,0.25,0.768598404550822,0.9558976081980797,True,-1.092303948364916,-1.3584867278999158,0.2661827795349998
0.37875000000000003,0.584375,0.375,0.768598404550822,1.001005347621177,True,-1.0535657656674675,-1.3721404562634636,0.3185746905959961
0.37875000000000003,0.584375,0.5,0.768598404550822,1.0470290205786077,True,-1.0174811477798311,-1.3860714299032495,0.3685902821234184
0.37875000000000003,0.584375,0.625,0.768598404550822,1.0939968108949272,True,-0.9837864701294445,-1.4002881798228146,0.4165017096933701
0.37875000000000003,0.584375,0.75,0.768598404550822,1.1419380706886546,True,-0.9522519093205938,-1.4147995906583273,0.4625476813377335
0.37875000000000003,0.584375,0.875,0.768598404550822,1.1908833815422755,True,-0.9226761940297722,-1.4296149191942227,0.5069387251644505
0.37875000000000003,0.584375,1.0,0.768598404550822,1.2408646195562325,True,-0.8948823046176224,-1.4447438140544901,0.5498615094368677
0.37875000000000003,0.584375,1.125,0.768598404550822,1.2919150245776971,True,-0.8687139272591657,-1.4601963366576347,0.591482409398469
0.37875000000000003,0.584375,1.25,0.768598404550822,1.344069273920067,True,-0.8440325125336565,-1.4759829835309386,0.6319504709972821
0.37875000000000003,0.584375,1.375,0.768598404550822,1.3973635609167578,True,-0.8207148215801996,-1.4921147100880263,0.6713998885078267
0.37875000000000003,0.584375,1.5,0.768598404550822,1.4518356786832325,True,-0.7986508680657031,-1.5086029559829153,0.7099520879172122
0.37875000000000003,0.584375,1.625,0.768598404550822,1.5075251094946316,True,-0.7777421834285823,-1.5254596721638658,0.7477174887352835
0.37875000000000003,0.584375,1.75,0.768598404550822,1.5644731202232032,True,-0.7579003476661109,-1.5426973497614749,0.784797002095364
0.37875000000000003,0.584375,1.875,0.768598404550822,1.622722864320339,True,-0.739045739423128,-1.5603290509577712,0.8212833115346432
0.37875000000000003,0.584375,2.0,0.768598404550822,1.6823194908728591,True,-0.7211064681195287,-1.5783684419966233,0.8572619738770946
0.37875000000000003,0.59375,0.0,0.7560644301605077,0.872990548259311,True,-1.1908868073059218,-1.3750586396506836,0.18417183234476187
0.37875000000000003,0.59375,0.125,0.7560644301605077,0.9168822224300845,True,-1.1421647561750075,-1.3851075625932252,0.24294280641821775
0.37875000000000003,0.59375,0.25,0.7560644301605077,0.9614201396951927,True,-1.0972726845577876,-1.3953044417752998,0.2980317572175122
0.37875000000000003,0.59375,0.375,0.7560644301605077,1.006618678434631,True,-1.0557760663795301,-1.4056525691021569,0.3498765027226267
0.37875000000000003,0.59375,0.5,0.7560644301605077,1.0524926467583586,True,-1.0173037118797805,-1.4161553348649782,0.3988516229851977
0.37875000000000003,0.59375,0.625,0.7560644301605077,1.0990572986814564,True,-0.9815366334992598,-1.4268162314441535,0.4452795979448937
0.37875000000000003,0.59375,0.75,0.7560644301605077,1.146328351035427,True,-0.9481991807577945,-1.4376388571810912,0.48943967642329667
0.37875000000000003,0.59375,0.875,0.7560644301605077,1.194322001155032,True,-0.9170519223869553,-1.4486269204275908,0.5315749980406355
0.37875000000000003,0.59375,1.0,0.7560644301605077,1.2430549453824686,True,-0.8878858867280361,-1.4597842437823414,0.5718983570543053
0.37875000000000003,0.59375,1.125,0.7560644301605077,1.292544398433301,True,-0.86051786732705,-1.4711147685247192,0.6105969011976692
0.37875000000000003,0.59375,1.25,0.7560644301605077,1.342808113671331,True,-0.8347865707653046,-1.482622559256683,0.6478359884913785
0.37875000000000003,0.59375,1.375,0.7560644301605077,1.3938644043425714,True,-0.810549435551691,-1.4943118087642566,0.6837623732125656
0.37875000000000003,0.59375,1.5,0.7560644301605077,1.4457321658216749,True,-0.7876799895398408,-1.5061868431108092,0.7185068535709684
0.37875000000000003,0.59375,1.625,0.7560644301605077,1.4984308989275916,True,-0.7660656424283362,-1.5182521269751357,0.7521864845467995
0.37875000000000003,0.59375,1.75,0.7560644301605077,1.5519807343688952,True,-0.7456058320036686,-1.530512269248172,0.7849064372445035
0.37875000000000003,0.59375,1.875,0.7560644301605077,1.6064024583831493,True,-0.726210459712808,-1.5429720289030828,0.8167615691902749
0.37875000000000003,0.59375,2.0,0.7560644301605077,1.6617175396389192,True,-0.7077985642169886,-1.5556363211544317,0.8478377569374431
0.37875000000000003,0.603125,0.0,0.7443966951984197,0.8784845080014946,True,-1.2022615679603836,-1.4188243564639422,0.2165627885035586
0.37875000000000003,0.603125,0.125,0.7443966951984197,0.9228064889280783,True,-1.149937867265623,-1.4255438432514485,0.27560597598582537
0.37875000000000003,0.603125,0.25,0.7443966951984197,0.9675502812535567,True,-1.101978588380677,-1.432327279259239,0.330348690878562
0.37875000000000003,0.603125,0.375,0.7443966951984197,1.0127219353243113,True,-1.0578595263934087,-1.4391755817572935,0.3813160553638848
0.37875000000000003,0.603125,0.5,0.7443966951984197,1.058327617755297,True,-1.0171371935243123,-1.4460896856426282,0.4289524921183159
0.37875000000000003,0.603125,0.625,0.7443966951984197,1.104373614236421,True,-0.9794338589762235,-1.4530705438647593,0.47363668488853583
0.37875000000000003,0.603125,0.75,0.7443966951984197,1.1508663324205974,True,-0.9444257971223736,-1.4601191278635501,0.5156933307411765
0.37875000000000003,0.603125,0.875,0.7443966951984197,1.19781230489627,True,-0.9118339690017674,-1.4672364280198644,0.555402459018097
0.37875000000000003,0.603125,1.0,0.7443966951984197,1.2452181922472962,True,-0.8814165689217585,-1.4744234541194623,0.5930068851977038
0.37875000000000003,0.603125,1.125,0.7443966951984197,1.2930907862032062,True,-0.8529630147070604,-1.481681235830601,0.6287182211235407
0.37875000000000003,0.603125,1.25,0.7443966951984197,1.341437012882962,True,-0.8262890655741468,-1.4890108231958075,0.6627217576216606
0.37875000000000003,0.603125,1.375,0.7443966951984197,1.3902639361354738,True,-0.801232828273713,-1.4964132871383218,0.6951804588646088
0.37875000000000003,0.603125,1.5,0.7443966951984197,1.439578760980257,True,-0.7776514685007309,-1.5038897199837222,0.7262382514829914
0.37875000000000003,0.603125,1.625,0.7443966951984197,1.489388837151745,True,-0.7554184864273608,-1.5114412359972642,0.7560227495699035
0.37875000000000003,0.603125,1.75,0.7443966951984197,1.539701662750932,True,-0.7344214465991987,-1.5190689719374932,0.7846475253382945
0.37875000000000003,0.603125,1.875,0.7443966951984197,1.5905248880081384,True,-0.7145600761816463,-1.5267740876267029,0.8122140114450566
0.37875000000000003,0.603125,2.0,0.7443966951984197,1.6418663191608838,True,-0.6957446636620171,-1.5345577665388435,0.8388131028768263
0.37875000000000003,0.6125,0.0,0.7335790893489013,0.8848272021188438,True,-1.2131503772670233,-1.4632756980836752,0.25012532081665184
0.37875000000000003,0.6125,0.125,0.7335790893489013,0.9294787814707922,True,-1.1573393856826615,-1.4664027608901016,0.3090633752074401
0.37875000000000003,0.6125,0.25,0.7335790893489013,0.9743216129866178,True,-1.1064377110532346,-1.4695432175683016,0.363105506515067
0.37875000000000003,0.6125,0.375,0.7335790893489013,1.0193569280637271,True,-1.059824883352103,-1.472697154356143,0.41287227100404
0.37875000000000003,0.6125,0.5,0.7335790893489013,1.0645859686935735,True,-1.0169807641910893,-1.4758646582334223,0.458883894042333
0.37875000000000003,0.6125,0.625,0.7335790893489013,1.1100099875758345,True,-0.9774660549300536,-1.4790458169298604,0.5015797619998068
0.37875000000000003,0.6125,0.75,0.7335790893489013,1.155630248234064,True,-0.9409071789635653,-1.4822407189332003,0.541333539969635
0.37875000000000003,0.6125,0.875,0.7335790893489013,1.2014480251328512,True,-0.9069844342621166,-1.4854494534974143,0.5784650192352977
0.37875000000000003,0.6125,1.0,0.7335790893489013,1.2474646037965011,True,-0.8754226195652648,-1.4886721106510148,0.61324949108575
0.37875000000000003,0.6125,1.125,0.7335790893489013,1.293681280929266,True,-0.8459835519318918,-1.4919087812054725,0.6459252292735808
0.37875000000000003,0.6125,1.25,0.7335790893489013,1.340099364537146,True,-0.8184600449093462,-1.4951595567637503,0.6766995118544041
0.37875000000000003,0.6125,1.375,0.7335790893489013,1.386720174051288,True,-0.7926710251609548,-1.4984245297289407,0.7057535045679859
0.37875000000000003,0.6125,1.5,0.7335790893489013,1.4335450404530037,True,-0.7684575441189108,-1.5017037933130253,0.7332462491941145
0.37875000000000003,0.6125,1.625,0.7335790893489013,1.4805753064004326,True,-0.7456794989548187,-1.5049974415457419,0.7593179425909232
0.37875000000000003,0.6125,1.75,0.7335790893489013,1.5278123263568764,True,-0.7242129199293201,-1.5083055692835747,0.7840926493542546
0.37875000000000003,0.6125,1.875,0.7335790893489013,1.575257466720829,True,-0.7039477131803278,-1.5116282722188594,0.8076805590385316
0.37875000000000003,0.6125,2.0,0.7335790893489013,1.6229121059577285,True,-0.6847857721684008,-1.5149656468890091,0.8301798747206084
0.37875000000000003,0.621875,0.0,0.723595513217491,0.8920430045615179,True,-1.2235740099282613,-1.5084126645098812,0.28483865458161994
0.37875000000000003,0.621875,0.125,0.723595513217491,0.9369273623341016,True,-1.1643887813609015,-1.5076761667591796,0.3432873853982781
0.37875000000000003,0.621875,0.25,0.723595513217491,0.9817679110129683,True,-1.1106650473210398,-1.506940387862453,0.3962753405414132
0.37875000000000003,0.621875,0.375,0.723595513217491,1.0265647147062151,True,-1.061680185204247,-1.5062053267677649,0.44452514156351786
0.37875000000000003,0.621875,0.5,0.723595513217491,1.0713178373969174,True,-1.0168336698368874,-1.5054709824252306,0.4886373125883432
0.37875000000000003,0.621875,0.625,0.723595513217491,1.1160273429434324,True,-0.9756223309899962,-1.5047373537870132,0.529115022797017
0.37875000000000003,0.621875,0.75,0.723595513217491,1.1606932950797015,True,-0.9376213932803235,-1.5040044398073151,0.5663830465269917
0.37875000000000003,0.621875,0.875,0.723595513217491,1.2053157574155564,True,-0.902469780978634,-1.5032722394423765,0.6008024584637426
0.37875000000000003,0.621875,1.0,0.723595513217491,1.2498947934370195,True,-0.869858608924192,-1.5025407516504692,0.6326821427262772
0.37875000000000003,0.621875,1.125,0.723595513217491,1.2944304665066038,True,-0.8395220817319191,-1.5018099753918912,0.6622878936599721
0.37875000000000003,0.621875,1.25,0.723595513217491,1.338922839863615,True,-0.8112302331768975,-1.5010799096289624,0.689849676452065
0.37875000000000003,0.621875,1.375,0.723595513217491,1.3833719766244492,True,-0.7847830858112097,-1.5003505533260197,0.71556746751481
0.37875000000000003,0.621875,1.5,0.723595513217491,1.427777939782893,True,-0.7600059169361177,-1.4996219054494113,0.7396159885132936
0.37875000000000003,0.621875,1.625,0.723595513217491,1.4721407922104195,True,-0.7367453939040278,-1.4988939649674926,0.7621485710634648
0.37875000000000003,0.621875,1.75,0.723595513217491,1.5164605966564866,True,-0.7148663980359213,-1.4981667308506221,0.7833003328147008
0.37875000000000003,0.621875,1.875,0.723595513217491,1.560737415748831,True,-0.6942493981348585,-1.4974402020711541,0.8031908039362956
0.37875000000000003,0.621875,2.0,0.723595513217491,1.6049713119937647,True,-0.6747882657519821,-1.496714377603436,0.8219261118514538
0.37875000000000003,0.6312500000000001,0.0,0.7144301593613304,0.9001582202648738,True,-1.2335526315789476,-1.5542352557425627,0.32068262416361515
0.37875000000000003,0.6312500000000001,0.125,0.7144301593613304,0.945181699004867,True,-1.1711045423618545,-1.5493558979248883,0.3782513555630338
0.37875000000000003,0.6312500000000001,0.25,0.7144301593613304,0.9899233695172189,True,-1.1146746038823174,-1.5445070806877537,0.42983247680543624
0.37875000000000003,0.6312500000000001,0.375,0.7144301593613304,1.0343858693629497,True,-1.063432850348301,-1.539688518189097,0.47625566784079587
0.37875000000000003,0.6312500000000001,0.5,0.7144301593613304,1.078571803290734,True,-1.0166952231841375,-1.5348999281428495,0.518204704958712
0.37875000000000003,0.6312500000000001,0.625,0.7144301593613304,1.122483743745565,True,-0.9738928579228684,-1.5301410317638096,0.5562481738409412
0.37875000000000003,0.6312500000000001,0.75,0.7144301593613304,1.1661242313679907,True,-0.9345488157232821,-1.5254115537135393,0.5908627379902572
0.37875000000000003,0.6312500000000001,0.875,0.7144301593613304,1.2094957754841165,True,-0.8982602359854669,-1.5207112220472605,0.6224509860617936
0.37875000000000003,0.6312500000000001,1.0,0.7144301593613304,1.2526008545865757,True,-0.864684491631918,-1.51603976816173,0.651355276529812
0.37875000000000003,0.6312500000000001,1.125,0.7144301593613304,1.2954419168066662,True,-0.8335283374909829,-1.5113969267440726,0.6778685892530897
0.37875000000000003,0.6312500000000001,1.25,0.7144301593613304,1.3380213803778358,True,-0.8045393231096335,-1.5067824357215513,0.7022431126119179
0.37875000000000003,0.6312500000000001,1.375,0.7144301593613304,1.3803416340907015,True,-0.777498937246836,-1.5021960362122568,0.7246970989654208
0.37875000000000003,0.6312500000000001,1.5,0.7144301593613304,1.422405037739788,True,-0.7522170898854469,-1.4976374724766914,0.7454203825912445
0.37875000000000003,0.6312500000000001,1.625,0.7144301593613304,1.464213922562151,True,-0.7285276369068319,-1.493106491870232,0.7645788549634001
0.37875000000000003,0.6312500000000001,1.75,0.7144301593613304,1.5057705916680688,True,-0.7062847245911026,-1.4886028447964585,0.782318120205356
0.37875000000000003,0.6312500000000001,1.875,0.7144301593613304,1.5470773204639585,True,-0.685359783921431,-1.4841262846613188,0.7987665007398878
0.37875000000000003,0.6312500000000001,2.0,0.7144301593613304,1.5881363570676847,True,-0.665639043808891,-1.4796765678281187,0.8140375240192277
0.37875000000000003,0.640625,0.0,0.7060677522177827,0.9092012732721848,True,-1.2431057657129478,-1.6007434717817168,0.357637706068769
0.37875000000000003,0.640625,0.125,0.7060677522177827,0.9542726610363245,True,-1.177504206304825,-1.591433780685375,0.41392957438055
0.37875000000000003,0.640625,0.25,0.7060677522177827,0.9988228229092431,True,-1.1184794643625615,-1.5822317510629618,0.46375228670040025
0.37875000000000003,0.640625,0.375,0.7060677522177827,1.0428607484488268,True,-1.0650897221771412,-1.573135526082212,0.5080458039050708
0.37875000000000003,0.640625,0.5,0.7060677522177827,1.086395221671322,True,-1.0165647969093399,-1.5641432913663806,0.5475784944570408
0.37875000000000003,0.640625,0.625,0.7060677522177827,1.1294348268924506,True,-0.972268746284393,-1.5552532737877343,0.5829845275033413
0.37875000000000003,0.640625,0.75,0.7060677522177827,1.1719879543704588,True,-0.9316718426409347,-1.5464637403019534,0.6147918976610187
0.37875000000000003,0.640625,0.875,0.7060677522177827,1.2140628057588956,True,-0.8943292868679046,-1.5377729968218405,0.643443709953936
0.37875000000000003,0.640625,1.0,0.7060677522177827,1.2556673993765528,True,-0.8598648441011295,-1.5291793871287886,0.6693145430276591
0.37875000000000003,0.640625,1.125,0.7060677522177827,1.296809575301689,True,-0.827958122768782,-1.5206812918205472,0.6927231690517652
0.37875000000000003,0.640625,1.25,0.7060677522177827,1.3374970002973308,True,-0.798334584497301,-1.5122771272938809,0.7139425427965799
0.37875000000000003,0.640625,1.375,0.7060677522177827,1.3777371725741527,True,-0.7707576245508684,-1.503965344760776,0.7332077202099075
0.37875000000000003,0.640625,1.5,0.7060677522177827,1.4175374263971465,True,-0.7450222388626071,-1.495744429296911,0.750722190434304
0.37875000000000003,0.640625,1.625,0.7060677522177827,1.4569049365420288,True,-0.7209499188083426,-1.4876128989211685,0.766662980112826
0.37875000000000003,0.640625,1.75,0.7060677522177827,1.4958467226070744,True,-0.6983845047283213,-1.4795693037050073,0.781184798976686
0.37875000000000003,0.640625,1.875,0.7060677522177827,1.534369653185811,True,-0.677188794513383,-1.4716122249105708,0.7944234303971878
0.37875000000000003,0.640625,2.0,0.7060677522177827,1.5724804499057958,True,-0.6572417515691285,-1.463740274156465,0.8064985225873365
0.37875000000000003,0.65,0.0,0.6984937525474616,0.9192028988796968,True,-1.252252270813067,-1.6479373126273458,0.39568504181427877
0.37875000000000003,0.65,0.125,0.6984937525474616,0.9642327190408397,True,-1.1836043945064223,-1.6339016339391907,0.45029723943276845
0.37875000000000003,0.65,0.25,0.6984937525474616,1.008501968373853,True,-1.12209185077081,-1.6201030232145543,0.4980111724437444
0.37875000000000003,0.65,0.375,0.6984937525474616,1.0520297550038085,True,-1.0666571185573315,-1.6065355245001836,0.5398784059428521
0.37875000000000003,0.65,0.5,0.6984937525474616,1.0948345522901801,True,-1.016441817616125,-1.5931933796976254,0.5767515620815005
0.37875000000000003,0.65,0.625,0.6984937525474616,1.136934224968118,True,-0.9707419410055653,-1.5800710204150552,0.6093290794094899
0.37875000000000003,0.65,0.75,0.6984937525474616,1.1783460540084043,True,-0.9289746446403201,-1.5671630602184958,0.6381884155781757
0.37875000000000003,0.65,0.875,0.6984937525474616,1.2190867602687607,True,-0.8906532566802016,-1.554464287259764,0.6638110305795625
0.37875000000000003,0.65,1.0,0.6984937525474616,1.2591725270045158,True,-0.855368227240529,-1.5419696572599557,0.6866014300194268
0.37875000000000003,0.65,1.125,0.6984937525474616,1.2986190213022952,True,-0.8227724338357456,-1.529674286828618,0.7069018529928723
0.37875000000000003,0.65,1.25,0.6984937525474616,1.3374414144963795,True,-0.7925697233104129,-1.5175734471000242,0.7250037237896113
0.37875000000000003,0.65,1.375,0.6984937525474616,1.375654401623612,True,-0.7645058880597176,-1.5056625576691294,0.7411566696094117
0.37875000000000003,0.65,1.5,0.6984937525474616,1.4132722199692815,True,-0.7383614938086303,-1.4939371808108663,0.7555756870022361
0.37875000000000003,0.65,1.625,0.6984937525474616,1.4503086667531346,True,-0.7139461303719216,-1.4823930159674614,0.7684468855955399
0.37875000000000003,0.65,1.75,0.6984937525474616,1.4867771160016867,True,-0.6910937665623891,-1.4710258944893777,0.7799321279269886
0.37875000000000003,0.65,1.875,0.6984937525474616,1.5226905346501658,True,-0.6696589695253387,-1.4598317746163822,0.7901728050910436
0.37875000000000003,0.65,2.0,0.6984937525474616,1.5580614979148224,True,-0.6495138064692717,-1.4488067366860362,0.7992929302167645
0.3925,0.5,0.0,0.9158605096564874,0.8689145008575524,True,-1.010961092909599,-0.9591403321466788,0.05182076076292008
0.3925,0.5,0.125,0.9158605096564874,0.8979732911901498,True,-1.009755040232637,-0.9900340141465782,0.019721026086058746
0.3925,0.5,0.25,0.9158605096564874,0.928966336879758,True,-1.008551861711522,-1.0229840883507693,0.01443222663924737
0.3925,0.5,0.375,0.9158605096564874,0.9620934130606688,True,-1.0073515470843377,-1.0582029445180703,0.05085139743373257
0.3925,0.5,0.5,0.9158605096564874,0.9975827868670583,True,-1.0061540861379636,-1.0959332635093688,0.08977917737140517
0.3925,0.5,0.625,0.9158605096564874,1.0356964846602383,True,-1.004959468707783,-1.1364536171092885,0.13149414840150553
0.3925,0.5,0.75,0.9158605096564874,1.0767367726004209,True,-1.0037676846773962,-1.1800853578079382,0.17631767313054203
0.3925,0.5,0.875,0.9158605096564874,1.1210541896688846,True,-1.0025787239783348,-1.2272011590611713,0.22462243508283652
0.3925,0.5,1.0,0.9158605096564874,1.1690575850631983,True,-1.0013925765897789,-1.278235686488274,0.27684310989849514
0.3925,0.5,1.125,0.9158605096564874,1.2212267687615748,True,-1.0002092325382743,-1.3336990472450374,0.3334898147067631
0.3925,0.5,1.25,0.9158605096564874,1.2781286049659983,True,-0.9990286818974539,-1.3941938996731458,0.3951652177756919
0.3925,0.5,1.375,0.9158605096564874,1.3404376935154703,True,-0.99785091478776,-1.4604374406230114,0.4625865258352514
0.3925,0.5,1.5,0.9158605096564874,1.4089632413350683,True,-0.996675921376168,-1.5332899736767622,0.5366140523005942
0.3925,0.5,1.625,0.9158605096564874,1.4846843988940353,True,-0.995503691875914,-1.6137924768957912,0.6182887850198772
0.3925,0.5,1.75,0.9158605096564874,1.5687973451407429,True,-0.9943342165462223,-1.7032166608923782,0.7088824443461559
0.3925,0.5,1.875,0.9158605096564874,1.6627789453298059,True,-0.9931674856920348,-1.8031326462741097,0.8099651605820749
0.3925,0.5,2.0,0.9158605096564874,1.7684742113759007,True,-0.9920034896637455,-1.9155019466045469,0.9234984569408013
0.3925,0.509375,0.0,0.8969027482579522,0.8675305288083826,True,-1.0291483571167326,-0.9954452923751995,0.03370306474153306
0.3925,0.509375,0.125,0.8969027482579522,0.8986716016224687,True,-1.0232735214761337,-1.0252916007102528,0.002018079234119119
0.3925,0.509375,0.25,0.8969027482579522,0.9317377925786736,True,-1.0174653774692017,-1.0569829858027482,0.03951760833354645
0.3925,0.509375,0.375,0.8969027482579522,0.9669133095488298,True,-1.0117227958718176,-1.0906959966422878,0.07897320077047021
0.3925,0.509375,0.5,0.8969027482579522,1.0044066363129147,True,-1.006044672810179,-1.1266304487977576,0.12058577598757858
0.3925,0.509375,0.625,0.8969027482579522,1.0444546678134312,True,-1.0004299290534013,-1.1650133877386304,0.16458345868522906
0.3925,0.509375,0.75,0.8969027482579522,1.0873277205225673,True,-0.9948775093296687,-1.2061038908841437,0.21122638155447504
0.3925,0.509375,0.875,0.8969027482579522,1.1333356418803477,True,-0.9893863816650382,-1.2501989230269692,0.260812541361931
0.3925,0.509375,1.0,0.8969027482579522,1.182835310750782,True,-0.9839555367440168,-1.297640524939982,0.31368498819596524
0.3925,0.509375,1.125,0.8969027482579522,1.2362399129675412,True,-0.9785839872910835,-1.3488247032689726,0.3702407159778891
0.3925,0.509375,1.25,0.8969027482579522,1.294030502212059,True,-0.9732707674723585,-1.4042125107396288,0.4309417432672703
0.3925,0.509375,1.375,0.8969027482579522,1.3567705312647174,True,-0.9680149323166617,-1.4643439732372476,0.49632904092058594
0.3925,0.509375,1.5,0.8969027482579522,1.425124283848429,True,-0.9628155571552252,-1.5298557553023984,0.5670401981471732
0.3925,0.509375,1.625,0.8969027482579522,1.4998804858050665,True,-0.9576717370793676,-1.601503789616299,0.6438320525369313
0.3925,0.509375,1.75,0.8969027482579522,1.5819828769854662,True,-0.9525825864154609,-1.6801925777914752,0.7276099913760143
0.3925,0.509375,1.875,0.8969027482579522,1.6725702616314622,True,-0.9475472382165476,-1.7670135755635072,0.8194663373469596
0.3925,0.509375,2.0,0.8969027482579522,1.7730296525554012,True,-0.9425648437699983,-1.8632961273743525,0.9207312836043542
0.3925,0.51875,0.0,0.8787033640604653,0.8667681753185732,True,-1.046640886572359,-1.0324246481497612,0.014216238422597893
0.3925,0.51875,0.125,0.8787033640604653,0.899808715517457,True,-1.0361607939974145,-1.0610480752093776,0.024887281211963153
0.3925,0.51875,0.25,0.8787033640604653,0.9347335600437772,True,-1.0258884966371062,-1.091303898323957,0.06541540168685067
0.3925,0.51875,0.375,0.8787033640604653,0.9717086332483691,True,-1.015817875034054,-1.1233358598029453,0.10751798476889118
0.3925,0.51875,0.5,0.8787033640604653,1.0109199294272049,True,-1.0059430476813467,-1.157305088796539,0.15136204111519236
0.3925,0.51875,0.625,0.8787033640604653,1.0525766419816918,True,-0.996258359568236,-1.1933928121258037,0.19713445255756767
0.3925,0.51875,0.75,0.8787033640604653,1.0969148968735942,True,-0.9867583713811761,-1.2318035886206724,0.24504521723949635
0.3925,0.51875,0.875,0.8787033640604653,1.144202231052076,True,-0.9774378493168796,-1.2727691888364707,0.2953313395195911
0.3925,0.51875,1.0,0.8787033640604653,1.1947429952455364,True,-0.9682917554673012,-1.3165532755590499,0.3482615200917487
0.3925,0.51875,1.125,0.8787033640604653,1.2488849116395662,True,-0.9593152387394358,-1.3634570848019967,0.40414184606256087
0.3925,0.51875,1.25,0.8787033640604653,1.3070270850903114,True,-0.9505036262755443,-1.413826366019475,0.4633227397439307
0.3925,0.51875,1.375,0.8787033640604653,1.3696298581706339,True,-0.941852415341922,-1.4680599196541357,0.5262075043122137
0.3925,0.51875,1.5,0.8787033640604653,1.4372270248967647,True,-0.933357265656629,-1.5266201780390003,0.5932629123823713
0.3925,0.51875,1.625,0.8787033640604653,1.5104410891055124,True,-0.9250139921287153,-1.5900464239176304,0.6650324317889151
0.3925,0.51875,1.75,0.8787033640604653,1.5900024913344795,True,-0.9168185579834187,-1.6589714469273507,0.7421528889439319
0.3925,0.51875,1.875,0.8787033640604653,1.67677406295038,True,-0.9087670682496097,-1.7341427285119029,0.8253756602622931
0.3925,0.51875,2.0,0.8787033640604653,1.7717824442171501,True,-0.9008557635874087,-1.8164496597809474,0.9155938961935387
0.3925,0.528125,0.0,0.86128226251615,0.866645855024987,True,-1.0634557814147996,-1.0700783994703629,0.006622618055563301
0.3925,0.528125,0.125,0.86128226251615,0.9014133392553306,True,-1.0484440821215244,-1.097295883380545,0.048851801259020666
0.3925,0.528125,0.25,0.86128226251615,0.937995607084365,True,-1.0338502927229893,-1.1259340580450707,0.0920837653220814
0.3925,0.528125,0.375,0.86128226251615,0.9765385576786431,True,-1.0196572015398513,-1.1561071396146356,0.13644993807478434
0.3925,0.528125,0.5,0.86128226251615,1.0172041602329378,True,-1.00584852924705,-1.1879419245500784,0.18209339530302837
0.3925,0.528125,0.625,0.86128226251615,1.0601727291568999,True,-0.992408866585467,-1.221579570736477,0.22917070415100993
0.3925,0.528125,0.75,0.86128226251615,1.1056455970697714,True,-0.9793236170013455,-1.2571776900185232,0.2778540730171777
0.3925,0.528125,0.875,0.86128226251615,1.1538482691867036,True,-0.9665789437645644,-1.2949128175899731,0.3283338738254087
0.3925,0.528125,1.0,0.86128226251615,1.2050341633718684,True,-0.954161721163008,-1.33498333986829,0.380821618705282
0.3925,0.528125,1.125,0.86128226251615,1.259489066771889,True,-0.9420594894111276,-1.377612983339216,0.4355534939280883
0.3925,0.528125,1.25,0.86128226251615,1.3175364744896638,True,-0.9302604129470635,-1.4230549939005512,0.4927945809534877
0.3925,0.528125,1.375,0.86128226251615,1.3795440209110599,True,-0.9187532418249136,-1.4715971715816525,0.5528439297567389
0.3925,0.528125,1.5,0.86128226251615,1.4459312738007235,True,-0.9075272759374191,-1.5235679720972861,0.616040696159867
0.3925,0.528125,1.625,0.86128226251615,1.5171792403922875,True,-0.8965723318298999,-1.5793439486244185,0.6827716167945186
0.3925,0.528125,1.75,0.86128226251615,1.593842040862508,True,-0.885878711889098,-1.6393588903004883,0.7534801784113904
0.3925,0.528125,1.875,0.86128226251615,1.676561348485429,True,-0.8754371757109791,-1.7041151265979462,0.828677950886967
0.3925,0.528125,2.0,0.86128226251615,1.7660843929332237,True,-0.8652389134698131,-1.774197621083464,0.9089587076136509
0.3925,0.5375,0.0,0.84465330138956,0.8671817604020551,True,-1.0796113241718654,-1.1084065463370056,0.02879522216514019
0.3925,0.5375,0.125,0.84465330138956,0.9035134954162375,True,-1.0601501905265662,-1.1340274201652312,0.07387722963866494
0.3925,0.5375,0.25,0.84465330138956,0.9415645934075864,True,-1.041378248426495,-1.1608607761907892,0.11948252776429413
0.3925,0.5375,0.375,0.84465330138956,0.981460063027424,True,-1.0232595245699878,-1.1889947696003704,0.16573524503038262
0.3925,0.5375,0.5,0.84465330138956,1.0233373324888806,True,-1.0057605064092523,-1.2185263137648248,0.2127658073555725
0.3925,0.5375,0.625,0.84465330138956,1.067347831198937,True,-0.9888499352782887,-1.2495621955945109,0.2607122603162222
0.3925,0.5375,0.75,0.84465330138956,1.113658819412736,True,-0.9724986200454447,-1.2822203657981361,0.3097217457526914
0.3925,0.5375,0.875,0.84465330138956,1.1624555125035463,True,-0.9566792689535286,-1.3166314369023997,0.3599521679488711
0.3925,0.5375,1.0,0.84465330138956,1.2139435567210728,True,-0.9413663376096644,-1.352940429138647,0.4115740915289827
0.3925,0.5375,1.125,0.84465330138956,1.2683519262137546,True,-0.9265358913439112,-1.3913088134018075,0.4647729220578962
0.3925,0.5375,1.25,0.84465330138956,1.3259363273830047,True,-0.9121654803766451,-1.4319169119761075,0.5197514315994624
0.3925,0.5375,1.375,0.84465330138956,1.3869832173380416,True,-0.8982340264253137,-1.4749667323200306,0.5767327058947169
0.3925,0.5375,1.5,0.84465330138956,1.4518145696954985,True,-0.884721719545965,-1.5206853278733454,0.6359636083273804
0.3925,0.5375,1.625,0.84465330138956,1.5207935550655265,True,-0.8716099241477868,-1.5693288038943674,0.6977188797465805
0.3925,0.5375,1.75,0.84465330138956,1.5943313478044878,True,-0.8588810932429187,-1.6211871175321733,0.7623060242892545
0.3925,0.5375,1.875,0.84465330138956,1.6728953284588979,True,-0.8465186901017984,-1.6765898621300857,0.8300711720282873
0.3925,0.5375,2.0,0.84465330138956,1.757019027590553,True,-0.8345071165784781,-1.735913279538431,0.901406162959953
0.3925,0.546875,0.0,0.8288251773483702,0.8683940796588775,True,-1.0951266985234,-1.147409088749689,0.052282390226289
0.3925,0.546875,0.125,0.8288251773483702,0.9061366785970913,True,-1.0713053638762726,-1.1712350332934813,0.09992966941720871
0.3925,0.546875,0.25,0.8288251773483702,0.945479965608774,True,-1.0484982961433333,-1.1960714515816178,0.14757315543828442
0.3925,0.546875,0.375,0.8288251773483702,0.9865279761263338,True,-1.0266420673252026,-1.2219840185414452,0.19534195121624265
0.3925,0.546875,0.5,0.8288251773483702,1.0293939608268574,True,-1.0056784301241675,-1.24904422645033,0.24336579632616262
0.3925,0.546875,0.625,0.8288251773483702,1.0742014290728485,True,-0.9855537995890905,-1.2773300436333064,0.29177624404421587
0.3925,0.546875,0.75,0.8288251773483702,1.1210853374164322,True,-0.9662187957761508,-1.3069266647356084,0.3407078689594576
0.3925,0.546875,0.875,0.8288251773483702,1.1701934472536735,True,-0.9476278392074052,-1.337927367775375,0.3902995285679697
0.3925,0.546875,1.0,0.8288251773483702,1.2216878803974576,True,-0.9297387921502539,-1.370434496137317,0.44069570398706304
0.3925,0.546875,1.125,0.8288251773483702,1.27574690706843,True,-0.9125126397750408,-1.4045605872860079,0.49204794751096703
0.3925,0.546875,1.25,0.8288251773483702,1.3325670078517797,True,-0.8959132061128476,-1.4404296744268537,0.544516468314006
0.3925,0.546875,1.375,0.8288251773483702,1.392365259878318,True,-0.8799069004613286,-1.478178792841629,0.5982718923803004
0.3925,0.546875,1.5,0.8288251773483702,1.4553821083088223,True,-0.8644624904975421,-1.5179597294561866,0.6534972389586445
0.3925,0.546875,1.625,0.8288251773483702,1.521884597714402,True,-0.8495508988729978,-1.559941062728846,0.7103901638558481
0.3925,0.546875,1.75,0.8288251773483702,1.5921701549188279,True,-0.8351450205035921,-1.6043105506627215,0.7691655301591295
0.3925,0.546875,1.875,0.8288251773483702,1.6665710363140354,True,-0.8212195581389232,-1.6512779382830975,0.8300583801441743
0.3925,0.546875,2.0,0.8288251773483702,1.7454595799261685,True,-0.8077508741124078,-1.7010782731333867,0.8933273990209789
0.3925,0.55625,0.0,0.8138022352779558,0.8703012080065115,True,-1.1100217408813546,-1.1870860267084131,0.07706428582705849
0.3925,0.55625,0.125,0.8138022352779558,0.9093100192072687,True,-1.0819351762542848,-1.208911026847671,0.12697585059338623
0.3925,0.55625,0.25,0.8138022352779558,0.9497800777860411,True,-1.0552348682931803,-1.2315535787975835,0.1763187105044033
0.3925,0.55625,0.375,0.8138022352779558,0.9917950571364202,True,-1.0298206574404003,-1.2550604969001053,0.22523983945970505
0.3925,0.55625,0.5,0.8138022352779558,1.0354451433262988,True,-1.005601806164996,-1.2794822392667178,0.2738804331017217
0.3925,0.55625,0.625,0.8138022352779558,1.0808276813104716,True,-0.982495916504882,-1.30487326932726,0.322377352822378
0.3925,0.55625,0.75,0.8138022352779558,1.128047899644719,True,-0.9604279934880663,-1.3312924612994759,0.3708644678114096
0.3925,0.55625,0.875,0.8138022352779558,1.1772197250569825,True,-0.9393296320005766,-1.358803555932613,0.4194739239320364
0.3925,0.55625,1.0,0.8138022352779558,1.2284667001481528,True,-0.9191383085262799,-1.3874756739509038,0.4683373654246239
0.3925,0.55625,1.125,0.8138022352779558,1.2819230197837963,True,-0.8997967623107651,-1.4173838959033196,0.5175871335925545
0.3925,0.55625,1.25,0.8138022352779558,1.337734704480776,True,-0.881252453048429,-1.4486099186604589,0.5673574656120298
0.3925,0.55625,1.375,0.8138022352779558,1.3960609323913749,True,-0.8634570842759876,-1.481242800644991,0.6177857163690034
0.3925,0.55625,1.5,0.8138022352779558,1.4570755554704116,True,-0.8463661833684608,-1.5153798101104548,0.6690136267419939
0.3925,0.55625,1.625,0.8138022352779558,1.5209688302392925,True,-0.8299387304472922,-1.5511273934846797,0.7211886630373875
0.3925,0.55625,1.75,0.8138022352779558,1.5879493994392908,True,-0.8141368296816489,-1.5886022840829643,0.7744654544013154
0.3925,0.55625,1.875,0.8138022352779558,1.6582465680545377,True,-0.7989254174383534,-1.6279327755178692,0.8290073580795158
0.3925,0.55625,2.0,0.8138022352779558,1.7321129260156958,True,-0.7842720025494586,-1.6692601890730263,0.8849881865235677
0.3925,0.565625,0.0,0.7995852014099528,0.8729219525718587,True,-1.1243167226950483,-1.2274373602131778,0.1031206375181295
0.3925,0.565625,0.125,0.7995852014099528,0.913060453176916,True,-1.0920644462920985,-1.2470476648036795,0.15498321851158092
0.3925,0.565625,0.25,0.7995852014099528,0.9545023328030127,True,-1.0616109546291574,-1.2672947560009091,0.20568380137175168
0.3925,0.565625,0.375,0.7995852014099528,0.9973121242710602,True,-1.032809846635299,-1.2882101623436784,0.2554003157083793
0.3925,0.565625,0.5,0.7995852014099528,1.0415586920853286,True,-1.005530188834643,-1.3098275286837844,0.3042973398491413
0.3925,0.565625,0.625,0.7995852014099528,1.0873156020849488,True,-0.9796545251809093,-1.3321827967851458,0.3525282716042365
0.3925,0.565625,0.75,0.7995852014099528,1.1346615296064975,True,-0.9550771864647465,-1.3553144047381442,0.40023721827339775
0.3925,0.565625,0.875,0.7995852014099528,1.183680710921241,True,-0.9317028479721076,-1.3792635075164883,0.44756065954438073
0.3925,0.565625,1.0,0.7995852014099528,1.2344634433961188,True,-0.9094452938801927,-1.4040742213388386,0.49462892745864595
0.3925,0.565625,1.125,0.7995852014099528,1.2871066406260878,True,-0.8882263546261318,-1.4297938948875677,0.5415675402614359
0.3925,0.565625,1.25,0.7995852014099528,1.3417144497180582,True,-0.867974989642227,-1.4564734108926716,0.5884984212504446
0.3925,0.565625,1.375,0.7995852014099528,1.3983989389988998,True,-0.8486264927746415,-1.4841675221224833,0.6355410293478417
0.3925,0.565625,1.5,0.7995852014099528,1.4572808657027492,True,-0.8301218016593586,-1.51293522644955,0.6828134247901914
0.3925,0.565625,1.625,0.7995852014099528,1.5184905347038182,True,-0.8124068955261724,-1.5428401863982408,0.7304332908720684
0.3925,0.565625,1.75,0.7995852014099528,1.5821687611460897,True,-0.79543226849726,-1.5739511994528375,0.7785189309555774
0.3925,0.565625,1.875,0.7995852014099528,1.6484679519370977,True,-0.7791524675645043,-1.606342726438567,0.8271902588740627
0.3925,0.565625,2.0,0.7995852014099528,1.7175533235889504,True,-0.7635256861651312,-1.6400954865172566,0.8765698003521254
0.3925,0.575,0.0,0.7861718429080271,0.8762757315055284,True,-1.1380321612172628,-1.2684630892639825,0.13043092804671974
0.3925,0.575,0.125,0.7861718429080271,0.9174148959681245,True,-1.101717174275894,-1.2856371745469128,0.18392000027101885
0.3925,0.575,0.25,0.7861718429080271,0.9596833399444081,True,-1.0676481642223976,-1.3032826924155476,0.23563452819315
0.3925,0.575,0.375,0.7861718429080271,1.0031282089855331,True,-1.0356230202803922,-1.3214193244002927,0.28579630411990053
0.3925,0.575,0.5,0.7861718429080271,1.0477993100102196,True,-1.00546317549022,-1.3400678630544476,0.3346046875642277
0.3925,0.575,0.625,0.7861718429080271,1.0937493017857536,True,-0.9770102754588321,-1.3592502914730038,0.3822400160141717
0.3925,0.575,0.75,0.7861718429080271,1.1410339020064333,True,-0.950123397156602,-1.3789898697402665,0.4288664725836645
0.3925,0.575,0.875,0.7861718429080271,1.1897121126815726,True,-0.9246767146396285,-1.3993112290210408,0.47463451438141224
0.3925,0.575,1.0,0.7861718429080271,1.239846465750033,True,-0.9005575300945818,-1.4202404740956485,0.5196829440010666
0.3925,0.575,1.125,0.7861718429080271,1.291503291071101,True,-0.8776646051984607,-1.4418052952362446,0.5641406900377839
0.3925,0.575,1.25,0.7861718429080271,1.3447530092067201,True,-0.8559067406782743,-1.4640350904326103,0.6081283497543359
0.3925,0.575,1.375,0.7861718429080271,1.3996704517125975,True,-0.8352015620413457,-1.4869610991018887,0.651759537060543
0.3925,0.575,1.5,0.7861718429080271,1.4563352120015867,True,-0.815474477388633,-1.5106165485611187,0.6951420711724857
0.3925,0.575,1.625,0.7861718429080271,1.5148320302389107,True,-0.7966577795159168,-1.5350368147068076,0.7383790351908909
0.3925,0.575,1.75,0.7861718429080271,1.5752512161835603,True,-0.778689869522857,-1.5602595985356347,0.7815697290127777
0.3925,0.575,1.875,0.7861718429080271,1.6376891144133374,True,-0.7615145831695289,-1.586325120358764,0.8248105371892351
0.3925,0.575,2.0,0.7861718429080271,1.7022486169741466,True,-0.7450806044589359,-1.613276333814034,0.868195729355098
0.3925,0.584375,0.0,0.7735575576645166,0.8803827680489028,True,-1.1511886563865366,-1.3101632138608286,0.158974557474292
0.3925,0.584375,0.125,0.7735575576645166,0.9224004196958854,True,-1.1109164979066608,-1.3246717503606789,0.21375525245401805
0.3925,0.584375,0.25,0.7735575576645166,0.96535908540041,True,-1.0733667902676212,-1.339505215462333,0.26613842519471187
0.3925,0.584375,0.375,0.7735575576645166,1.0092907351377163,True,-1.0382724975758717,-1.3546746482775558,0.3164021507016841
0.3925,0.584375,0.5,0.7735575576645166,1.0542288036668188,True,-1.0054004017631433,-1.370191593702422,0.3647911919392788
0.3925,0.584375,0.625,0.7735575576645166,1.1002082753934377,True,-0.9745459134513829,-1.3860681317201624,0.41152221826877955
0.3925,0.584375,0.75,0.7735575576645166,1.1472657752019852,True,-0.9455288098566429,-1.4023169087651082,0.4567880989084653
0.3925,0.584375,0.875,0.7735575576645166,1.1954396657522346,True,-0.918189712100552,-1.4189511713188623,0.5007614592183103
0.3925,0.584375,1.0,0.7735575576645166,1.2447701517839092,True,-0.89238715647987,-1.4359848019262813,0.5435976454464113
0.3925,0.584375,1.125,0.7735575576645166,1.2952993920252238,True,-0.8679951460497023,-1.4534323578370714,0.5854372117873691
0.3925,0.584375,1.25,0.7735575576645166,1.347071619360062,True,-0.8449010930651226,-1.471309112499061,0.6264080194339383
0.3925,0.584375,1.375,0.7735575576645166,1.4001332699736957,True,-0.823004081373003,-1.4896311001517313,0.6666270187787283
0.3925,0.584375,1.5,0.7735575576645166,1.4545331222695723,True,-0.8022133921760832,-1.5084151637936571,0.7062017716175739
0.3925,0.584375,1.625,0.7735575576645166,1.5103224464306704,True,-0.7824472477437416,-1.5276790068254797,0.7452317590817381
0.3925,0.584375,1.75,0.7735575576645166,1.5675551655893178,True,-0.7636317363827104,-1.547441248701236,0.7838095123185255
0.3925,0.584375,1.875,0.7735575576645166,1.626288029670431,True,-0.745699888872905,-1.5677214849557715,0.8220215960828665
0.3925,0.584375,2.0,0.7735575576645166,1.6865808030862675,True,-0.7285908820423271,-1.5885403520150325,0.8599494699727054
0.3925,0.59375,0.0,0.7617358988073095,0.8852642804988176,True,-1.1638067514726724,-1.352537734003715,0.1887309825310426
0.3925,0.59375,0.125,0.7617358988073095,0.9280444325402797,True,-1.1196846637625886,-1.3641435568844877,0.24445889312189917
0.3925,0.59375,0.25,0.7617358988073095,0.9715651126626794,True,-1.0787858762350107,-1.3759502775492902,0.29716440131427957
0.3925,0.59375,0.375,0.7617358988073095,1.0158457166436698,True,-1.0407696230385346,-1.387963157876572,0.3471935348380375
0.3925,0.59375,0.5,0.7617358988073095,1.0609063235742486,True,-1.0053415373768646,-1.4001876451207866,0.39484610774392204
0.3925,0.59375,0.625,0.7617358988073095,1.1067677262175573,True,-0.972246014298266,-1.4126293801484269,0.4403833658501609
0.3925,0.59375,0.75,0.7617358988073095,1.1534514630007597,True,-0.9412600338959768,-1.425294206117099,0.4840341722211222
0.3925,0.59375,0.875,0.7617358988073095,1.2009798517434156,True,-0.9121881291742137,-1.438188177625689,0.5260000484514754
0.3925,0.59375,1.0,0.7617358988073095,1.2493760252333133,True,-0.8848582585142282,-1.451317570365727,0.5664593118514989
0.3925,0.59375,1.125,0.7617358988073095,1.298663968768914,True,-0.8591183985414744,-1.464688891306272,0.6055704927647975
0.3925,0.59375,1.25,0.7617358988073095,1.3488685597964192,True,-0.8348337148489391,-1.4783088894470484,0.6434751745981093
0.3925,0.59375,1.375,0.7617358988073095,1.400015609779076,True,-0.8118841993800763,-1.4921845671771656,0.6803003677970894
0.3925,0.59375,1.5,0.7617358988073095,1.4521319084467899,True,-0.7901626870748109,-1.5063231922795894,0.7161605052047786
0.3925,0.59375,1.625,0.7617358988073095,1.5052452705854196,True,-0.7695731826006191,-1.520732310624607,0.7511591280239878
0.3925,0.59375,1.75,0.7617358988073095,1.5593845855374562,True,-0.7500294420451973,-1.5354197595988583,0.7853903175536611
0.3925,0.59375,1.875,0.7617358988073095,1.6145798695991878,True,-0.731453765369004,-1.55039368232016,0.8189399169511561
0.3925,0.59375,2.0,0.7617358988073095,1.6708623215140255,True,-0.7137759639621101,-1.5656625426922814,0.8518865787301714
0.3925,0.603125,0.0,0.7506990388679191,0.8909426691447905,True,-1.1759068151790424,-1.3955866496926421,0.21967983451359974
0.3925,0.603125,0.125,0.7506990388679191,0.9343748599639073,True,-1.1280430118657236,-1.404044732539943,0.27600172067421935
0.3925,0.603125,0.25,0.7506990388679191,0.9783367105088321,True,-1.08392328220967,-1.4126059625174547,0.3286826803077847
0.3925,0.603125,0.375,0.7506990388679191,1.0228379690970066,True,-1.0431248499741368,-1.4212722380345137,0.37814738806037695
0.3925,0.603125,0.5,0.7506990388679191,1.0678886247445447,True,-1.005286282479365,-1.4300455043746585,0.4247592218952936
0.3925,0.603125,0.625,0.7506990388679191,1.1134989146413308,True,-0.9700967541045454,-1.438927755151348,0.46883100104680253
0.3925,0.603125,0.75,0.7506990388679191,1.1596793319064334,True,-0.9372874884793726,-1.447921033818268,0.5106335453388954
0.3925,0.603125,0.875,0.7506990388679191,1.2064406336361733,True,-0.9066248804466094,-1.45702743523663,0.5504025547900205
0.3925,0.603125,1.0,0.7506990388679191,1.2537938492578171,True,-0.8779049253145668,-1.4662491073019885,0.5883441819874218
0.3925,0.603125,1.125,0.7506990388679191,1.3017502892025177,True,-0.8509486744152547,-1.4755882526332282,0.6246395782179736
0.3925,0.603125,1.25,0.7506990388679191,1.350321553911827,True,-0.8255985029492258,-1.4850471303265154,0.6594486273772896
0.3925,0.603125,1.375,0.7506990388679191,1.3995195431928507,True,-0.8017150256284133,-1.4946280577771371,0.6929130321487238
0.3925,0.603125,1.5,0.7506990388679191,1.4493564659378857,True,-0.779174532625532,-1.5043334125723298,0.7251588799467977
0.3925,0.603125,1.625,0.7506990388679191,1.4998448502252222,True,-0.7578668462301369,-1.5141656344583299,0.756298788228193
0.3925,0.603125,1.75,0.7506990388679191,1.5509975538186558,True,-0.7376935198211007,-1.5241272273850737,0.786433707563973
0.3925,0.603125,1.875,0.7506990388679191,1.6028277750842008,True,-0.7185663170255151,-1.5342207616321406,0.8156544446066255
0.3925,0.603125,2.0,0.7506990388679191,1.6553490643434745,True,-0.7004059214957732,-1.5444488760197406,0.8440429545239674
0.3925,0.6125,0.0,0.7404381787815153,0.8974417013609193,True,-1.1875089429822905,-1.43930996092761,0.2518010179453196
0.3925,0.6125,0.125,0.7404381787815153,0.9414203275409307,True,-1.1360119710821148,-1.444367392921962,0.3083554218398472
0.3925,0.6125,0.25,0.7404381787815153,0.9857091067890019,True,-1.0887957505214338,-1.449460491743266,0.36066474122183223
0.3925,0.6125,0.375,0.7404381787815153,1.0303113316816035,True,-1.0453478165850594,-1.4545896360295796,0.4092418194445202
0.3925,0.6125,0.5,0.7404381787815153,1.0752303415659143,True,-1.0052343644201482,-1.4597552097974744,0.4545208453773262
0.3925,0.6125,0.625,0.7404381787815153,1.1204695233932467,True,-0.9680857145764468,-1.464957602537879,0.4968718879614322
0.3925,0.6125,0.75,0.7404381787815153,1.1660323125703578,True,-0.9335848864380607,-1.4701972093139761,0.5366123228759154
0.3925,0.6125,0.875,0.7404381787815153,1.2119221938290947,True,-0.9014585309093135,-1.4754744308612113,0.5740158999518978
0.3925,0.6125,1.0,0.7404381787815153,1.2581427021148373,True,-0.871469672956876,-1.4807896736894595,0.6093200007325834
0.3925,0.6125,1.125,0.7404381787815153,1.3046974234942148,True,-0.8434118561175398,-1.4861433501874128,0.6427314940698731
0.3925,0.6125,1.25,0.7404381787815153,1.3515899960825801,True,-0.8171043828635186,-1.4915358787292354,0.6744314958657168
0.3925,0.6125,1.375,0.7404381787815153,1.3988241109917543,True,-0.7923884187909966,-1.496967683783554,0.7045792649925573
0.3925,0.6125,1.5,0.7404381787815153,1.4464035132985538,True,-0.7691237830981169,-1.5024391960248324,0.7333154129267155
0.3925,0.6125,1.625,0.7404381787815153,1.494332003034636,True,-0.747186288328567,-1.507950852447206,0.760764564118639
0.3925,0.6125,1.75,0.7404381787815153,1.542613436198212,True,-0.7264655227561821,-1.513503096480823,0.7870375737246408
0.3925,0.6125,1.875,0.7404381787815153,1.5912517257881926,True,-0.7068629918027518,-1.519096378110769,0.8122333863080171
0.3925,0.6125,2.0,0.7404381787815153,1.640250842861351,True,-0.6882905524552267,-1.5247311539986392,0.8364406015434125
0.3925,0.621875,0.0,0.7309439069312658,0.9047866961190911,True,-1.1986328756054863,-1.483707667708618,0.2850747921031318
0.3925,0.621875,0.125,0.7309439069312658,0.9492103454593417,True,-1.1436110633838565,-1.4851036341531376,0.3414925707692811
0.3925,0.621875,0.25,0.7309439069312658,0.9937176667071534,True,-1.0934189699828045,-1.4865022298993253,0.3930832599165208
0.3925,0.621875,0.375,0.7309439069312658,1.0383088964793143,True,-1.0474474153291367,-1.4879034623826144,0.44045604705347774
0.3925,0.621875,0.5,0.7309439069312658,1.0829842722856309,True,-1.0051855349119636,-1.4893073390665008,0.4841218041545372
0.3925,0.621875,0.625,0.7309439069312658,1.1277440325331434,True,-0.966201715062627,-1.4907138674426752,0.5245121523800482
0.3925,0.621875,0.75,0.7309439069312658,1.1725884165303657,True,-0.9301287988959464,-1.4921230550311555,0.5619942561352091
0.3925,0.621875,0.875,0.7309439069312658,1.2175176644915533,True,-0.8966524869736978,-1.4935349093804218,0.596882422406724
0.3925,0.621875,1.0,0.7309439069312658,1.2625320175409889,True,-0.865502155782216,-1.4949494380675514,0.6294472822853354
0.3925,0.621875,1.125,0.7309439069312658,1.3076317177172987,True,-0.8364435257891805,-1.4963666486983538,0.6599231229091733
0.3925,0.621875,1.25,0.7309439069312658,1.352817007977788,True,-0.8092727585115675,-1.497786548907506,0.6885137903959384
0.3925,0.621875,1.375,0.7309439069312658,1.3980881322028065,True,-0.7838116678809972,-1.4992091463586916,0.7153974784776944
0.3925,0.621875,1.5,0.7309439069312658,1.4434453352001348,True,-0.759903807988019,-1.5006344487447378,0.7407306407567188
0.3925,0.621875,1.625,0.7309439069312658,1.4888888627093964,True,-0.737411255624469,-1.5020624637877538,0.7646512081632848
0.3925,0.621875,1.75,0.7309439069312658,1.5344189614064974,True,-0.7162119478041316,-1.50349319923927,0.7872812514351384
0.3925,0.621875,1.875,0.7309439069312658,1.5800358789080888,True,-0.6961974656999576,-1.5049266628803795,0.8087291971804219
0.3925,0.621875,2.0,0.7309439069312658,1.6257398637760545,True,-0.677271180046292,-1.5063628625218777,0.8290916824755856
0.3925,0.6312500000000001,0.0,0.7222065133580442,0.9130047092579039,True,-1.209297932654901,-1.5287797700356678,0.31948183738076685
0.3925,0.6312500000000001,0.125,0.7222065133580442,0.9577754949798924,True,-1.1508589152720117,-1.526245536199159,0.37538662092714725
0.3925,0.6312500000000001,0.25,0.7222065133580442,1.002398094712885,True,-1.0978076382284347,-1.5237196903759798,0.425912052147545
0.3925,0.6312500000000001,0.375,0.7222065133580442,1.0468732429583885,True,-1.0494318561078488,-1.5212021909899431,0.4717703348820943
0.3925,0.6312500000000001,0.5,0.7222065133580442,1.0912016693717244,True,-1.0051395675263086,-1.5186929967391778,0.5135534292128692
0.3925,0.6312500000000001,0.625,0.7222065133580442,1.135384098801932,True,-0.9644346676612309,-1.5161920665938713,0.5517573989326404
0.3925,0.6312500000000001,0.75,0.7222065133580442,1.1794212513312763,True,-0.9268982864902541,-1.5136993597940316,0.5868010733037775
0.3925,0.6312500000000001,0.875,0.7222065133580442,1.2233138423143688,True,-0.8921743217320172,-1.5112148358472752,0.6190405141152581
0.3925,0.6312500000000001,1.0,0.7222065133580442,1.2670625824169022,True,-0.8599581062006015,-1.5087384545266318,0.6487803483260303
0.3925,0.6312500000000001,1.125,0.7222065133580442,1.3106681776540061,True,-0.8299874449048213,-1.506270175868375,0.6762827309635536
0.3925,0.6312500000000001,1.25,0.7222065133580442,1.3541313294282258,True,-0.8020354632411952,-1.503809960169872,0.7017744969286768
0.3925,0.6312500000000001,1.375,0.7222065133580442,1.3974527345671308,True,-0.7759048532379172,-1.5013577679874557,0.7254529147495384
0.3925,0.6312500000000001,1.5,0.7222065133580442,1.440633085360552,True,-0.7514232090669838,-1.498913560134314,0.7474903510673302
0.3925,0.6312500000000001,1.625,0.7222065133580442,1.4836730695974638,True,-0.7284392186002356,-1.496477297678406,0.7680380790781703
0.3925,0.6312500000000001,1.75,0.7222065133580442,1.5265733706024982,True,-0.7068195331608519,-1.4940489419403926,0.7872294087795407
0.3925,0.6312500000000001,1.875,0.7222065133580442,1.5693346672721082,True,-0.686446178632229,-1.49162845449159,0.8051822758593611
0.3925,0.6312500000000001,2.0,0.7222065133580442,1.6119576341103825,True,-0.6672144017559062,-1.4892157971519424,0.8220013953960362
0.3925,0.640625,0.0,0.7142162640697555,0.9221247208978423,True,-1.2195229595954742,-1.5745262679087568,0.35500330831328264
0.3925,0.640625,0.125,0.7142162640697555,0.9671476173277008,True,-1.157773274901649,-1.5677851661432587,0.41001189124160975
0.3925,0.640625,0.25,0.7142162640697555,1.01178663949008,True,-1.1019755217920681,-1.5611015403668107,0.45912601857474256
0.3925,0.640625,0.375,0.7142162640697555,1.0560466760279856,True,-1.0513087238226735,-1.5544746586220626,0.5031659347993891
0.3925,0.640625,0.5,0.7142162640697555,1.0999325329260787,True,-1.0050962554791474,-1.547903801327774,0.5428075458486266
0.3925,0.640625,0.625,0.7142162640697555,1.1434489352503308,True,-0.962775451817168,-1.5413882610183414,0.5786128092011734
0.3925,0.640625,0.75,0.7142162640697555,1.1866005288439256,True,-0.9238745856232009,-1.534927342089879,0.6110527564666781
0.3925,0.640625,0.875,0.7142162640697555,1.2293918819806933,True,-0.8879952092327374,-1.5285203605526576,0.6405251513199202
0.3925,0.640625,1.0,0.7142162640697555,1.271827486977298,True,-0.8547984571420844,-1.5221666437897154,0.6673681866476311
0.3925,0.640625,1.125,0.7142162640697555,1.313911761765389,True,-0.8239943102751788,-1.515865530321467,0.6918712200462882
0.3925,0.640625,1.25,0.7142162640697555,1.3556490514248645,True,-0.7953331007932862,-1.5096163695761353,0.7142832687828491
0.3925,0.640625,1.375,0.7142162640697555,1.3970436296793618,True,-0.7685987302514594,-1.5034185216658351,0.7348197914143757
0.3925,0.640625,1.5,0.7142162640697555,1.4380997003550637,True,-0.7436032110647578,-1.497271357168154,0.7536681461033962
0.3925,0.640625,1.625,0.7142162640697555,1.4788213988038592,True,-0.7201822395259381,-1.4911742569130662,0.7709920173871281
0.3925,0.640625,1.75,0.7142162640697555,1.5192127932918744,True,-0.6981915798866997,-1.4851266117750355,0.7869350318883358
0.3925,0.640625,1.875,0.7142162640697555,1.5592778863543506,True,-0.6775040912792053,-1.4791278224701516,0.8016237311909463
0.3925,0.640625,2.0,0.7142162640697555,1.59902061611782,True,-0.6580072679828645,-1.4731772993581693,0.8151700313753049
0.3925,0.65,0.0,0.7069636401327046,0.9321778264423327,True,-1.2293262863896597,-1.6209471613278874,0.3916208749382277
0.3925,0.65,0.125,0.7069636401327046,0.9773600056601776,True,-1.1643710336654478,-1.6097145814177831,0.4453435477523353
0.3925,0.65,0.25,0.7069636401327046,1.0219203018515959,True,-1.1059355136716504,-1.5986366056217352,0.4927010919500847
0.3925,0.65,0.375,0.7069636401327046,1.0658714665653592,True,-1.0530850307987736,-1.5877100638228279,0.5346250330240543
0.3925,0.65,0.5,0.7069636401327046,1.109225905093978,True,-1.0050554096695232,-1.576931871985679,0.5718764623161559
0.3925,0.65,0.625,0.7069636401327046,1.151995688147276,True,-0.9612158054504656,-1.5662990292543078,0.6050832238038422
0.3925,0.65,0.75,0.7069636401327046,1.194192563056868,True,-0.9210408404424542,-1.5558086151666344,0.6347677747241802
0.3925,0.65,0.875,0.7069636401327046,1.2358279645333696,True,-0.884089447811999,-1.545457786980168,0.661368339168169
0.3925,0.65,1.0,0.7069636401327046,1.2769130249970362,True,-0.8499886115225914,-1.5352437771037402,0.6852551655811487
0.3925,0.65,1.125,0.7069636401327046,1.317458584501442,True,-0.8184207295799507,-1.5251638906304192,0.7067431610504685
0.3925,0.65,1.25,0.7069636401327046,1.3574752002687727,True,-0.7891136923539712,-1.5152155029669725,0.7261018106130013
0.3925,0.65,1.375,0.7069636401327046,1.396973155854354,True,-0.7618330189315533,-1.5053960575555045,0.7435630386239512
0.3925,0.65,1.5,0.7069636401327046,1.4359624699571296,True,-0.7363755701015123,-1.49570306368312,0.7593274935816076
0.3925,0.65,1.625,0.7069636401327046,1.474452904891937,True,-0.7125644811030001,-1.486134094375656,0.7735696132726559
0.3925,0.65,1.75,0.7069636401327046,1.512453974738641,True,-0.6902450466935497,-1.4766867843717606,0.7864417376782109
0.3925,0.65,1.875,0.7069636401327046,1.5499749531824032,True,-0.6692813560739478,-1.4673588281737477,0.7980774720998
0.3925,0.65,2.0,0.7069636401327046,1.5870248810586638,True,-0.6495535229497267,-1.4581479781718663,0.8085944552221396
0.40625,0.5,0.0,0.9060998682200654,0.8761675425310088,True,-0.976322898458605,-0.9440708079338008,0.032252090524804156
0.40625,0.5,0.125,0.9060998682200654,0.9014357430299813,True,-0.9801659277399871,-0.975120549460643,0.005045378279344148
0.40625,0.5,0.25,0.9060998682200654,0.928422570016794,True,-0.9840393306558797,-1.008282151237715,0.024242820581835245
0.40625,0.5,0.375,0.9060998682200654,0.9573095358832557,True,-0.987943468724951,-1.04377865696177,0.05583518823681899
0.40625,0.5,0.5,0.9060998682200654,0.9883046462396333,True,-0.9918787092259675,-1.0818656653817247,0.08998695615575714
0.40625,0.5,0.625,0.9060998682200654,1.0216474165986218,True,-0.9958454253129738,-1.122837494835015,0.12699206952204123
0.40625,0.5,0.75,0.9060998682200654,1.0576150738644103,True,-0.9998439961332438,-1.1670348036807396,0.16719080754749582
0.40625,0.5,0.875,0.9060998682200654,1.0965302824587735,True,-1.0038748069480903,-1.2148540842174462,0.21097927726935595
0.40625,0.5,1.0,0.9060998682200654,1.1387708510726093,True,-1.0079382492566038,-1.2667595904073221,0.2588213411507183
0.40625,0.5,1.125,0.9060998682200654,1.1847820388472134,True,-1.012034720922411,-1.3232984597978252,0.31126373887541425
0.40625,0.5,1.25,0.9060998682200654,1.2350923110630494,True,-1.0161646263035378,-1.3851200742222596,0.3689554479187218
0.40625,0.5,1.375,0.9060998682200654,1.2903337276941371,True,-1.0203283763854616,-1.4530011133980256,0.43267273701256403
0.40625,0.5,1.5,0.9060998682200654,1.3512686360403816,True,-1.0245263889174525,-1.5278783550199466,0.5033519661024941
0.40625,0.5,1.625,0.9060998682200654,1.418825065062517,True,-1.028759088552291,-1.6108921675666312,0.5821330790143402
0.40625,0.5,1.75,0.9060998682200654,1.4941443210768166,True,-1.0330269069894646,-1.7034449962230744,0.6704180892336098
0.40625,0.5,1.875,0.9060998682200654,1.5786459910848498,True,-1.037330283121943,-1.8072812394269633,0.7699509563050202
0.40625,0.5,2.0,0.9060998682200654,1.674118263674955,True,-1.041669663186639,-1.9245982358242144,0.8829285726375755
0.40625,0.509375,0.0,0.8891025276716149,0.8753886246373599,True,-0.9951550665183563,-0.9798053631247325,0.015349703393623737
0.40625,0.509375,0.125,0.8891025276716149,0.9029822956826402,True,-0.9943722495402845,-1.0098953818120646,0.015523132271780149
0.40625,0.509375,0.25,0.8891025276716149,0.9323244781787835,True,-0.9935906631659106,-1.041892096500271,0.04830143333436032
0.40625,0.509375,0.375,0.8891025276716149,0.963586805314084,True,-0.9928103044957138,-1.0759826677101345,0.08317236321442067
0.40625,0.509375,0.5,0.8891025276716149,0.9969641333948035,True,-0.9920311706392754,-1.1123795800323115,0.12034840939303615
0.40625,0.509375,0.625,0.8891025276716149,1.0326786071653449,True,-0.9912532587152423,-1.1513250752293933,0.16007181651415103
0.40625,0.509375,0.75,0.8891025276716149,1.070984610097009,True,-0.9904765658512927,-1.193096550367998,0.20261998451670526
0.40625,0.509375,0.875,0.8891025276716149,1.1121748328608445,True,-0.9897010891841,-1.2380131752949726,0.24831208611087252
0.40625,0.509375,1.0,0.8891025276716149,1.1565877661869308,True,-0.9889268258592977,-1.2864440633615948,0.2975172375022971
0.40625,0.509375,1.125,0.8891025276716149,1.2046170240425924,True,-0.9881537730314445,-1.3388184380522263,0.35066466502078186
0.40625,0.509375,1.25,0.8891025276716149,1.25672304088543,True,-0.987381927863989,-1.395638388465877,0.4082564606018879
0.40625,0.509375,1.375,0.8891025276716149,1.3134478795471862,True,-0.986611287529236,-1.4574950168415377,0.4708837293123017
0.40625,0.509375,1.5,0.8891025276716149,1.3754341595777795,True,-0.985841849208311,-1.5250890793139817,0.5392472301056708
0.40625,0.509375,1.625,0.8891025276716149,1.4434495087613244,True,-0.985073610091126,-1.5992576495125572,0.6141840394214312
0.40625,0.509375,1.75,0.8891025276716149,1.5184185141497513,True,-0.9843065673763461,-1.6810089601448663,0.6967023927685202
0.40625,0.509375,1.875,0.8891025276716149,1.6014650007193465,True,-0.9835407182713541,-1.7715685065240274,0.7880277882526733
0.40625,0.509375,2.0,0.8891025276716149,1.6939687540049193,True,-0.9827760599922176,-1.8724409007931222,0.8896648408009046
0.40625,0.51875,0.0,0.872695955231055,0.8751853080504384,True,-1.0133132564283118,-1.016203718102493,0.002890461674181166
0.40625,0.51875,0.125,0.872695955231055,0.9049230154991104,True,-1.007944144711343,-1.0451656724424367,0.03722152773109366
0.40625,0.51875,0.25,0.872695955231055,0.9364055075728182,True,-1.0026316303431275,-1.0758268960596287,0.07319526571650115
0.40625,0.51875,0.375,0.872695955231055,0.9697909814040058,True,-0.9973748231023406,-1.1083414592748715,0.11096663617253089
0.40625,0.51875,0.5,0.872695955231055,1.0052573548185342,True,-0.9921728513400376,-1.1428826386582485,0.15070978731821083
0.40625,0.51875,0.625,0.872695955231055,1.0430054381359746,True,-0.9870248614978318,-1.1796460060882057,0.19262114459037394
0.40625,0.51875,0.75,0.872695955231055,1.0832627384842959,True,-0.9819300176409921,-1.218853133824932,0.2369231161839399
0.40625,0.51875,0.875,0.872695955231055,1.1262880488453482,True,-0.976887501005929,-1.2607560638436461,0.2838685628377171
0.40625,0.51875,1.0,0.872695955231055,1.1723770174024093,True,-0.9718965095615515,-1.3056427318972832,0.3337462223357317
0.40625,0.51875,1.125,0.872695955231055,1.2218689505208264,True,-0.9669562575840009,-1.3538435930310881,0.3868873354470872
0.40625,0.51875,1.25,0.872695955231055,1.2751551803792367,True,-0.9620659752442907,-1.4057397709315111,0.44367379568722043
0.40625,0.51875,1.375,0.872695955231055,1.3326894338248318,True,-0.9572249082083958,-1.4617731562941914,0.5045482480857956
0.40625,0.51875,1.5,0.872695955231055,1.3950007840217518,True,-0.9524323172493546,-1.522459020608995,0.5700267033596403
0.40625,0.51875,1.625,0.872695955231055,1.462709967979593,True,-0.947687477870967,-1.5884019080210987,0.6407144301501317
0.40625,0.51875,1.75,0.872695955231055,1.536550136679357,True,-0.9429896799426822,-1.660315844158493,0.7173261642158109
0.40625,0.51875,1.875,0.872695955231055,1.6173935091957048,True,-0.9383382273452963,-1.7390502949411166,0.8007120675958204
0.40625,0.51875,2.0,0.872695955231055,1.706285988209067,True,-0.9337324376270801,-1.8256238790949408,0.8918914414678607
0.40625,0.528125,0.0,0.8569109262886909,0.8755783480763195,True,-1.0308101345010947,-1.0532658728670814,0.022455738365986688
0.40625,0.528125,0.125,0.8569109262886909,0.907287647821239,True,-1.0209063077031655,-1.0809241125836901,0.06001780488052466
0.40625,0.528125,0.25,0.8569109262886909,0.9407071989044736,True,-1.0111909780118205,-1.1100741084056458,0.09888313039382535
0.40625,0.528125,0.375,0.8569109262886909,0.9759792005451474,True,-1.001658814727209,-1.140839892718454,0.13918107799124502
0.40625,0.528125,0.5,0.8569109262886909,1.0132620655703322,True,-0.9923046862753709,-1.1733596401264283,0.1810549538510574
0.40625,0.528125,0.625,0.8569109262886909,1.052732799070875,True,-0.9831236509964422,-1.2077877422204617,0.22466409122401954
0.40625,0.528125,0.75,0.8569109262886909,1.0945898084752899,True,-0.9741109484395455,-1.2442972586475198,0.27018631020797435
0.40625,0.528125,0.875,0.8569109262886909,1.1390562391748078,True,-0.9652619911321567,-1.2830828265888707,0.317820835456714
0.40625,0.528125,1.0,0.8569109262886909,1.1863839540614496,True,-0.956572356794037,-1.324364131887446,0.367791775093409
0.40625,0.528125,1.125,0.8569109262886909,1.236858306818674,True,-0.9480377809679736,-1.3683900725209555,0.4203522915529818
0.40625,0.528125,1.25,0.8569109262886909,1.290803900023437,True,-0.9396541500415249,-1.4154437810706388,0.475789631029114
0.40625,0.528125,1.375,0.8569109262886909,1.3485915735484109,True,-0.931417494635776,-1.4658487203116868,0.5344312256759107
0.40625,0.528125,1.5,0.8569109262886909,1.4106469412717473,True,-0.923323983338786,-1.5199761293053002,0.5966521459665143
0.40625,0.528125,1.625,0.8569109262886909,1.4774608916446212,True,-0.9153699167629342,-1.5782541824534977,0.6628842656905635
0.40625,0.528125,1.75,0.8569109262886909,1.5496026002110452,True,-0.9075517219068099,-1.6411793395886873,0.7336276176818775
0.40625,0.528125,1.875,0.8569109262886909,1.627735784254671,True,-0.8998659468035811,-1.70933052398836,0.8094645771847789
0.40625,0.528125,2.0,0.8569109262886909,1.7126391828248773,True,-0.8923092554390112,-1.7833869859506204,0.8910777305116092
0.40625,0.5375,0.0,0.8417719648617282,0.8765881951782889,True,-1.04765993800244,-1.0909918274184984,0.04333188941605837
0.40625,0.5375,0.125,0.8417719648617282,0.9101053931788294,True,-1.033283385492882,-1.1171633424185414,0.08387995692565942
0.40625,0.5375,0.25,0.8417719648617282,0.9452701853133294,True,-1.0192960573911602,-1.1446213621732542,0.12532530478209392
0.40625,0.5375,0.375,0.8417719648617282,0.9822071181119476,True,-1.0056823582754983,-1.1734631373950084,0.16778077911951006
0.40625,0.5375,0.5,0.8417719648617282,1.0210536157128212,True,-0.9924275149116468,-1.2037959741268858,0.21136845921523895
0.40625,0.5375,0.625,0.8417719648617282,1.0619616883916172,True,-0.9795175227757563,-1.235738567828146,0.25622104505238974
0.40625,0.5375,0.75,0.8417719648617282,1.1050999205195513,True,-0.9669390966975936,-1.2694225556481709,0.30248345895057727
0.40625,0.5375,0.875,0.8417719648617282,1.1506557927609071,True,-0.954679625258418,-1.3049943296874404,0.35031470442902246
0.40625,0.5375,1.0,0.8417719648617282,1.198838405962654,True,-0.9427271286144652,-1.3426171639151245,0.39989003530065936
0.40625,0.5375,1.125,0.8417719648617282,1.2498816902078005,True,-0.9310702194495264,-1.3824737199211414,0.45140350047161504
0.40625,0.5375,1.25,0.8417719648617282,1.3040482029339076,True,-0.9196980667890989,-1.4247690126329149,0.505070945843816
0.40625,0.5375,1.375,0.8417719648617282,1.3616336462507677,True,-0.9086003624343912,-1.4697339376104452,0.561133575176054
0.40625,0.5375,1.5,0.8417719648617282,1.4229722675176084,True,-0.8977672897975376,-1.5176294880243313,0.6198621982267937
0.40625,0.5375,1.625,0.8417719648617282,1.4884433514520194,True,-0.8871894949399748,-1.5687518239436669,0.6815623290036921
0.40625,0.5375,1.75,0.8417719648617282,1.5584790701256388,True,-0.8768580596343901,-1.6234384019140526,0.7465803422796625
0.40625,0.5375,1.875,0.8417719648617282,1.6335740341655232,True,-0.8667644762871867,-1.6820754329023184,0.8153109566151318
0.40625,0.5375,2.0,0.8417719648617282,1.7142969914003072,True,-0.8569006245732533,-1.7451070170485798,0.8882063924753265
0.40625,0.546875,0.0,0.8272981216299119,0.8782351933798782,True,-1.0638781823294903,-1.129381581756744,0.0655033994272538
0.40625,0.546875,0.125,0.8272981216299119,0.9134050244159305,True,-1.045099801543568,-1.1538759544930075,0.10877615294943954
0.40625,0.546875,0.25,0.8272981216299119,0.9501342235819334,True,-1.02697283247389,-1.1794563644117897,0.15248353193789965
0.40625,0.546875,0.375,0.8272981216299119,0.9885288515891176,True,-1.0094639573362594,-1.2061966785325513,0.19673272119629193
0.40625,0.546875,0.5,0.8272981216299119,1.0287048105896588,True,-0.9925420923996712,-1.2341776180425341,0.24163552564286295
0.40625,0.546875,0.625,0.8272981216299119,1.0707890127774493,True,-0.9761782038238592,-1.263487572180196,0.2873093683563367
0.40625,0.546875,0.75,0.8272981216299119,1.1149207195551571,True,-0.9603451414189117,-1.294223530911205,0.3338783894922932
0.40625,0.546875,0.875,0.8272981216299119,1.161253081036457,True,-0.9450174883246303,-1.326492157129821,0.38147466880519065
0.40625,0.546875,1.0,0.8272981216299119,1.2099549117419044,True,-0.9301714248589618,-1.3604110233596522,0.4302395985006905
0.40625,0.546875,1.125,0.8272981216299119,1.2612127458747413,True,-0.9157846050014405,-1.3961100431705873,0.48032543816914675
0.40625,0.546875,1.25,0.8272981216299119,1.3152332249164664,True,-0.9018360441645157,-1.4337331340430777,0.531897089878562
0.40625,0.546875,1.375,0.8272981216299119,1.3722458819670038,True,-0.8883060170673137,-1.473440156549074,0.5851341394817603
0.40625,0.546875,1.5,0.8272981216299119,1.4325064019347378,True,-0.8751759646665711,-1.5154091849432576,0.6402332202766865
0.40625,0.546875,1.625,0.8272981216299119,1.496300455235881,True,-0.8624284092212652,-1.5598391771804525,0.6974107679591873
0.40625,0.546875,1.75,0.8272981216299119,1.563948226260569,True,-0.8500468766735411,-1.6069531288101189,0.7569062521365778
0.40625,0.546875,1.875,0.8272981216299119,1.6358097880756521,True,-0.8380158256210783,-1.6570018162406701,0.8189859906195918
0.40625,0.546875,2.0,0.8272981216299119,1.7122915137877148,True,-0.8263205822369751,-1.710268261995941,0.8839476797589659
0.40625,0.55625,0.0,0.8135037011180872,0.8805397757199546,True,-1.0794813973952475,-1.1684351358818184,0.08895373848657084
0.40625,0.55625,0.125,0.8135037011180872,0.9172150157269134,True,-1.0563796111274781,-1.1910544971119095,0.13467488598443134
0.40625,0.55625,0.25,0.8135037011180872,0.9553382555262822,True,-1.0342459015303298,-1.214566908540429,0.18032100701009912
0.40625,0.55625,0.375,0.8135037011180872,0.9949969762477384,True,-1.013020666758883,-1.2390263239321677,0.2260056571732847
0.40625,0.55625,0.5,0.8135037011180872,1.0362858507655799,True,-0.992649099275168,-1.2644911325421662,0.2718420332669982
0.40625,0.55625,0.625,0.8135037011180872,1.0793074982397883,True,-0.9730807132901946,-1.2910246244770007,0.3179439111868061
0.40625,0.55625,0.75,0.8135037011180872,1.1241733356908368,True,-0.9542689270194784,-1.3186955159013856,0.36442658888190715
0.40625,0.55625,0.875,0.8135037011180872,1.1710045414853532,True,-0.9361706924750869,-1.3475785432655123,0.4114078507904254
0.40625,0.55625,1.0,0.8135037011180872,1.2199331482749431,True,-0.9187461666007765,-1.3777551373722947,0.45900897077151825
0.40625,0.55625,1.125,0.8135037011180872,1.2711032861450702,True,-0.9019584184621389,-1.4093141900862882,0.5073557716241494
0.40625,0.55625,1.25,0.8135037011180872,1.3246726006237604,True,-0.8857731679628195,-1.4423529288869597,0.5565797609241402
0.40625,0.55625,1.375,0.8135037011180872,1.3808138749338044,True,-0.8701585521965631,-1.4769779173886182,0.606819365192055
0.40625,0.55625,1.5,0.8135037011180872,1.439716891653993,True,-0.8550849160839675,-1.5133062035152598,0.6582212874312923
0.40625,0.55625,1.625,0.8135037011180872,1.501590576048957,True,-0.8405246243993212,-1.5514666413938065,0.7109420169944853
0.40625,0.55625,1.75,0.8135037011180872,1.566665472072863,True,-0.8264518926806199,-1.5916014184231064,0.7651495257424865
0.40625,0.55625,1.875,0.8135037011180872,1.6351966128881443,True,-0.8128426348461023,-1.6338678256590773,0.821025190812975
0.40625,0.55625,2.0,0.8135037011180872,1.7074668612368242,True,-0.799674325622749,-1.678440317980246,0.8787659923574971
0.40625,0.565625,0.0,0.8003989352236333,0.8835226565047022,True,-1.0944868921010282,-1.208152489793721,0.1136655976926928
0.40625,0.565625,0.125,0.8003989352236333,0.9215636814213592,True,-1.0671463842461124,-1.2286914777148765,0.1615450934687641
0.40625,0.565625,0.25,0.8003989352236333,0.9609204949342888,True,-1.0411385294709739,-1.2499408819864026,0.20880235251542878
0.40625,0.565625,0.375,0.8003989352236333,1.001662565528397,True,-1.0163682100515232,-1.2719382098094194,0.2555699997578962
0.40625,0.565625,0.5,0.8003989352236333,1.04386433951035,True,-0.9927491499067852,-1.2947236559945752,0.30197450608779
0.40625,0.565625,0.625,0.8003989352236333,1.0876056950038449,True,-0.9702029105899707,-1.3183403480817142,0.34813743749174353
0.40625,0.565625,0.75,0.8003989352236333,1.1329724465552586,True,-0.9486580210531834,-1.3428346187849347,0.3941765977317513
0.40625,0.565625,0.875,0.8003989352236333,1.1800569070565303,True,-0.9280492208429229,-1.3682563093841882,0.44020708854126533
0.40625,0.565625,1.0,0.8003989352236333,1.2289585147275124,True,-0.9083167998438123,-1.3946591082435744,0.4863423083997621
0.40625,0.565625,1.125,0.8003989352236333,1.2797845341187166,True,-0.8894060204999028,-1.4221009292944908,0.532694908794588
0.40625,0.565625,1.25,0.8003989352236333,1.3326508415342595,True,-0.8712666107386525,-1.4506443360986667,0.5793777253600142
0.40625,0.565625,1.375,0.8003989352236333,1.3876828069789013,True,-0.8538523177054802,-1.4803570180261727,0.6265047003206925
0.40625,0.565625,1.5,0.8003989352236333,1.445016286757892,True,-0.8371205139675275,-1.5113123261767394,0.6741918122092119
0.40625,0.565625,1.625,0.8003989352236333,1.5047987432723315,True,-0.8210318491277693,-1.5435898779760715,0.7225580288483022
0.40625,0.565625,1.75,0.8003989352236333,1.5671905114409186,True,-0.8055499408554637,-1.577276240938207,0.7717263000827433
0.40625,0.565625,1.875,0.8003989352236333,1.6323662346469996,True,-0.7906411002264137,-1.6124657079574336,0.82182460773102
0.40625,0.565625,2.0,0.8003989352236333,1.7005164972901656,True,-0.7762740870088523,-1.6492611787503002,0.872987091741448
0.40625,0.575,0.0,0.7879906021344761,0.8872050204007536,True,-1.108912545463694,-1.2485336434924514,0.13962109802875733
0.40625,0.575,0.125,0.7879906021344761,0.9264793226091185,True,-1.077423112645736,-1.2667793662304085,0.18935625358467245
0.40625,0.575,0.25,0.7879906021344761,0.9669185359195632,True,-1.0476726883494765,-1.2855662735034885,0.23789358515401204
0.40625,0.575,0.375,0.7879906021344761,1.008575269007803,True,-1.0195210879345242,-1.3049188058047554,0.28539771787023116
0.40625,0.575,0.5,0.7879906021344761,1.051505346787263,True,-0.9928427998702972,-1.3248628977997527,0.3320200979294555
0.40625,0.575,0.625,0.7879906021344761,1.0957680600052018,True,-0.9675251149002145,-1.345426094281757,0.37790097938154255
0.40625,0.575,0.75,0.7879906021344761,1.1414264384491737,True,-0.9434665343282851,-1.3666376770957218,0.4231711427674367
0.40625,0.575,0.875,0.7879906021344761,1.18854755041121,True,-0.9205754100220832,-1.388528804260813,0.46795339423872984
0.40625,0.575,1.0,0.7879906021344761,1.237202831401863,True,-0.8987687777097513,-1.411132662681594,0.5123638849718428
0.40625,0.575,1.125,0.7879906021344761,1.2874684455023777,True,-0.8779713522613941,-1.434484636021958,0.556513283760564
0.40625,0.575,1.25,0.7879906021344761,1.3394256831993692,True,-0.8581146593101525,-1.458622489527794,0.6005078302176414
0.40625,0.575,1.375,0.7879906021344761,1.3931614000727521,True,-0.8391362821055891,-1.4835865738289091,0.64445029172332
0.40625,0.575,1.5,0.7879906021344761,1.4487685013165226,True,-0.8209792061457604,-1.5094200500335924,0.688440843887832
0.40625,0.575,1.625,0.7879906021344761,1.5063464777779598,True,-0.8035912470916192,-1.536169138757166,0.7325778916655469
0.40625,0.575,1.75,0.7879906021344761,1.5660020000214097,True,-0.7869245498726704,-1.563883396107108,0.7769588462344376
0.40625,0.575,1.875,0.7879906021344761,1.627849577879089,True,-0.7709351488582016,-1.5926160200915787,0.8216808712333771
0.40625,0.575,2.0,0.7879906021344761,1.692012294068722,True,-0.7555825805815849,-1.622424191437292,0.8668416108557072
0.40625,0.584375,0.0,0.7762825911323703,0.8916087086662452,True,-1.1227766227501812,-1.289578596978011,0.16680197422782972
0.40625,0.584375,0.125,0.7762825911323703,0.9319903803542771,True,-1.0872321377155192,-1.305310598405647,0.21807846069012782
0.40625,0.584375,0.25,0.7762825911323703,0.9733694790776608,True,-1.0538691037618886,-1.3214311801690688,0.2675620764071802
0.40625,0.584375,0.375,0.7762825911323703,1.015783421595452,True,-1.0224926784653936,-1.3379549191909808,0.31546224072558715
0.40625,0.584375,0.5,0.7762825911323703,1.0592715198655285,True,-0.9929305523998582,-1.3548971307307967,0.3619665783309385
0.40625,0.584375,0.625,0.7762825911323703,1.103875102575821,True,-0.965029783316394,-1.372273915731106,0.4072441324147119
0.40625,0.584375,0.75,0.7762825911323703,1.1496376461489883,True,-0.9386541494811661,-1.3901022118548323,0.4514480623736662
0.40625,0.584375,0.875,0.7762825911323703,1.196604916093427,True,-0.9136819254885207,-1.4083998485531433,0.4947179230646226
0.40625,0.584375,1.0,0.7762825911323703,1.2448251196666331,True,-0.8900040039108053,-1.4271856065404587,0.5371816026296534
0.40625,0.584375,1.125,0.7762825911323703,1.294349070921408,True,-0.8675223016334902,-1.4464792820935986,0.5789569804601084
0.40625,0.584375,1.25,0.7762825911323703,1.3452303693227765,True,-0.8461484017773161,-1.4663017566378496,0.6201533548605335
0.40625,0.584375,1.375,0.7762825911323703,1.397525593255503,True,-0.8258023915539161,-1.4866750721341477,0.6608726805802316
0.40625,0.584375,1.5,0.7762825911323703,1.4512945098908776,True,-0.8064118638501434,-1.5076225128395522,0.7012106489894088
0.40625,0.584375,1.625,0.7762825911323703,1.5066003030493693,True,-0.7879110562471046,-1.5291686940785973,0.7412576378314928
0.40625,0.584375,1.75,0.7762825911323703,1.5635098208855542,True,-0.7702401058975898,-1.5513396587370587,0.7810995528394689
0.40625,0.584375,1.875,0.7762825911323703,1.6220938454367053,True,-0.753344402471909,-1.5741629822734278,0.8208185798015187
0.40625,0.584375,2.0,0.7762825911323703,1.682427386320265,True,-0.7371740244370119,-1.5976678871383696,0.8604938627013577
0.40625,0.59375,0.0,0.7652764148788351,0.8967564030277124,True,-1.1360976148409896,-1.3312873502503988,0.1951897354094092
0.40625,0.59375,0.125,0.7652764148788351,0.9381255941825832,True,-1.0965950963520283,-1.3442775791095467,0.24768248275751836
0.40625,0.59375,0.25,0.7652764148788351,0.9803100723499184,True,-1.059747305304362,-1.3575238140587862,0.2977765087544242
0.40625,0.59375,0.375,0.7652764148788351,1.0233341783914838,True,-1.0252953292027978,-1.371033698306895,0.34573836910409717
0.40625,0.59375,0.5,0.7652764148788351,1.0672232318560002,True,-0.9930128640440257,-1.384815182377519,0.3918023183334933
0.40625,0.59375,0.625,0.7652764148788351,1.1120035806668809,True,-0.9627012374605027,-1.3988765397114855,0.4361753022509828
0.40625,0.59375,0.75,0.7652764148788351,1.157702653868189,True,-0.9341853163732403,-1.4132263832294212,0.47904106685618086
0.40625,0.59375,0.875,0.7652764148788351,1.204349017650685,True,-0.9073101210309725,-1.427873682924338,0.5205635618933654
0.40625,0.59375,1.0,0.7652764148788351,1.2519724348984358,True,-0.8819380071614745,-1.4428277845597077,0.5608897773982332
0.40625,0.59375,1.125,0.7652764148788351,1.3006039285168132,True,-0.8579463080530135,-1.4580984295549153,0.6001521215019018
0.40625,0.59375,1.25,0.7652764148788351,1.3502758488250246,True,-0.8352253513037603,-1.4736957761470075,0.6384704248432472
0.40625,0.59375,1.375,0.7652764148788351,1.4010219453208204,True,-0.8136767825748961,-1.4896304219253351,0.6759536393504391
0.40625,0.59375,1.5,0.7652764148788351,1.4528774431519214,True,-0.7932121422976468,-1.5059134278441433,0.7127012855464965
0.40625,0.59375,1.625,0.7652764148788351,1.5058791246582826,True,-0.7737516518928382,-1.522556343827436,0.7488046919345979
0.40625,0.59375,1.75,0.7652764148788351,1.560065416381872,True,-0.7552231743836436,-1.5395712360906877,0.7843480617070441
0.40625,0.59375,1.875,0.7652764148788351,1.6154764819765015,True,-0.7375613208526822,-1.556970716315206,0.8194093954625238
0.40625,0.59375,2.0,0.7652764148788351,1.6721543214898005,True,-0.7207066794137724,-1.5747679728234019,0.8540612934096294
0.40625,0.603125,0.0,0.7549716715894355,0.9026718078862085,True,-1.1488940989810739,-1.373659903309615,0.2247658043285412
0.40625,0.603125,0.125,0.7549716715894355,0.9449141651373945,True,-1.105532882167817,-1.3836726856072383,0.27813980343942135
0.40625,0.603125,0.25,0.7549716715894355,0.9877768640009771,True,-1.0653256795973463,-1.3938325085985936,0.3285068290012474
0.40625,0.603125,0.375,0.7549716715894355,1.0312736704076906,True,-1.0279404419036862,-1.404142635247126,0.37620219334343985
0.40625,0.603125,0.5,0.7549716715894355,1.0754187606278216,True,-0.9930901496349706,-1.4146064257798074,0.4215162761448369
0.40625,0.603125,0.625,0.7549716715894355,1.1202267366754328,True,-0.9605254303058055,-1.425227341338426,0.4647019110326205
0.40625,0.603125,0.75,0.7549716715894355,1.1657126424117619,True,-0.9300285819088155,-1.4360089477966047,0.5059803658877892
0.40625,0.603125,0.875,0.7549716715894355,1.211891980385114,True,-0.9014086999173969,-1.446954919751391,0.545546219833994
0.40625,0.603125,1.0,0.7549716715894355,1.2587807294468403,True,-0.8744976771711499,-1.4580690446988043,0.5835713675276544
0.40625,0.603125,1.125,0.7549716715894355,1.3063953631854555,True,-0.8491468995162622,-1.4693552274033084,0.6202083278870462
0.40625,0.603125,1.25,0.7549716715894355,1.3547528692235684,True,-0.8252244999938498,-1.4808174944717976,0.6555929944779477
0.40625,0.603125,1.375,0.7549716715894355,1.4038707694251156,True,-0.8026130644454084,-1.4924599991433538,0.6898469346979454
0.40625,0.603125,1.5,0.7549716715894355,1.4537671410633848,True,-0.7812077042616171,-1.5042870263067412,0.723079322045124
0.40625,0.603125,1.625,0.7549716715894355,1.5044606390035649,True,-0.7609144295140319,-1.5163029977583764,0.7553885682443445
0.40625,0.603125,1.75,0.7549716715894355,1.555970518956987,True,-0.7416487692317217,-1.5285124777143237,0.786863708482602
0.40625,0.603125,1.875,0.7549716715894355,1.608316661867972,True,-0.723334596102103,-1.540920178590753,0.8175855824886499
0.40625,0.603125,2.0,0.7549716715894355,1.6615195994981573,True,-0.7059031211113683,-1.5535309670682382,0.8476278459568699
0.40625,0.6125,0.0,0.7453664600650439,0.9093798316814884,True,-1.16118461906685,-1.4166962561556602,0.2555116370888102
0.40625,0.6125,0.125,0.7453664600650439,0.952385922862501,True,-1.1140656197057637,-1.4234882708034227,0.309422651097659
0.40625,0.6125,0.25,0.7453664600650439,0.995806365589732,True,-1.0706215246765518,-1.4303457245946634,0.35972419991811155
0.40625,0.6125,0.375,0.7453664600650439,1.0396471770905653,True,-1.0304385502563176,-1.4372695678388716,0.406831017582554
0.40625,0.6125,0.5,0.7453664600650439,1.0839144916689576,True,-0.9931627866631375,-1.4442607693356093,0.4510979826724718
0.40625,0.6125,0.625,0.7453664600650439,1.1286145635667924,True,-0.958489746539019,-1.4513203168264115,0.4928305702873925
0.40625,0.6125,0.75,0.7453664600650439,1.1737537699095584,True,-0.9261560288633245,-1.458449217459999,0.5322931885966745
0.40625,0.6125,0.875,0.7453664600650439,1.2193386137392792,True,-0.8959326150641331,-1.4656484982712743,0.5697158832071412
0.40625,0.6125,1.0,0.7453664600650439,1.2653757271377086,True,-0.8676194362635825,-1.4729192066745733,0.6052997704109908
0.40625,0.6125,1.125,0.7453664600650439,1.3118718744429554,True,-0.8410409390793582,-1.4802624109716704,0.6392214718923123
0.40625,0.6125,1.25,0.7453664600650439,1.3588339555628068,True,-0.816042442219778,-1.4876792008750561,0.6716367586552782
0.40625,0.6125,1.375,0.7453664600650439,1.4062690093881605,True,-0.7924871240869514,-1.4951706880470281,0.7026835639600767
0.40625,0.6125,1.5,0.7453664600650439,1.454184217310112,True,-0.7702535174653744,-1.5027380066551455,0.732484489189771
0.40625,0.6125,1.625,0.7453664600650439,1.502586906844392,True,-0.7492334144279597,-1.5103823139446457,0.7611488995166861
0.40625,0.6125,1.75,0.7453664600650439,1.551484555366989,True,-0.7293301051778134,-1.5181047908284144,0.788774685650601
0.40625,0.6125,1.875,0.7453664600650439,1.6008847939649613,True,-0.7104568903358828,-1.5259066424951504,0.8154497521592676
0.40625,0.6125,2.0,0.7453664600650439,1.6507954114066075,True,-0.6925358183913137,-1.533789099036381,0.8412532806450672
0.40625,0.621875,0.0,0.7364577509112362,0.9169067683639687,True,-1.1729875836496373,-1.4603964087885328,0.28740882513889554
0.40625,0.621875,0.125,0.7364577509112362,0.9605714964462523,True,-1.122212649589463,-1.4637166664527226,0.3415040168632595
0.40625,0.621875,0.25,0.7364577509112362,1.004435223253425,True,-1.0756511047964152,-1.4670520559423126,0.39140095114589735
0.40625,0.621875,0.375,0.7364577509112362,1.0484993122751436,True,-1.032799391147715,-1.4704026809367978,0.4376032897890829
0.40625,0.621875,0.5,0.7364577509112362,1.0927651394859683,True,-0.9932311191360824,-1.4737686460650243,0.4805375269289419
0.40625,0.621875,0.625,0.7364577509112362,1.1372340934885874,True,-0.9565828310138819,-1.477150056916077,0.5205672259021951
0.40625,0.621875,0.75,0.7364577509112362,1.1819075756590232,True,-0.9225428036507995,-1.4805470200503241,0.5580042163995246
0.40625,0.621875,0.875,0.7364577509112362,1.22678700029384,True,-0.8908421599453441,-1.4839596430106086,0.5931174830652645
0.40625,0.621875,1.0,0.7364577509112362,1.2718737947593979,True,-0.8612477519476095,-1.4873880343335988,0.6261402823859893
0.40625,0.621875,1.125,0.7364577509112362,1.3171693996431766,True,-0.8335564169377152,-1.4908323035612938,0.6572758866235786
0.40625,0.621875,1.25,0.7364577509112362,1.3626752689072097,True,-0.8075903070773971,-1.494292561252692,0.686702254175295
0.40625,0.621875,1.375,0.7364577509112362,1.4083928700436574,True,-0.7831930656068113,-1.4977689189956194,0.714575853388808
0.40625,0.621875,1.5,0.7364577509112362,1.4543236842325586,True,-0.7602266758176307,-1.5012614894187262,0.7410348136010955
0.40625,0.621875,1.625,0.7364577509112362,1.500469206501794,True,-0.738568848637046,-1.5047703862036494,0.7662015375666035
0.40625,0.621875,1.75,0.7364577509112362,1.5468309458892977,True,-0.7181108443878159,-1.5082957240973482,0.7901848797095323
0.40625,0.621875,1.875,0.7364577509112362,1.593410425607555,True,-0.6987556468081261,-1.511837618924612,0.813081972116486
0.40625,0.621875,2.0,0.7364577509112362,1.6402091832104226,True,-0.6804164246145009,-1.5153961876007451,0.8349797629862442
0.40625,0.6312500000000001,0.0,0.7282417174790458,0.9252804800254887,True,-1.184321179898324,-1.5047603612082352,0.3204391813099112
0.40625,0.6312500000000001,0.125,0.7282417174790458,0.9695024889911596,True,-1.1299925227902239,-1.5043501863349984,0.3743576635447745
0.40625,0.6312500000000001,0.25,0.7282417174790458,1.0137003960275317,True,-1.080429704896704,-1.5039402350157343,0.4235105301190303
0.40625,0.6312500000000001,0.375,0.7282417174790458,1.0578742208333276,True,-1.0350319699506658,-1.503530507067731,0.46849853711706513
0.40625,0.6312500000000001,0.5,0.7282417174790458,1.10202398308581,True,-0.9932954609888129,-1.5031210023084738,0.5098255413196608
0.40625,0.6312500000000001,0.625,0.7282417174790458,1.1461497024408094,True,-0.9547944408333974,-1.5027117205556486,0.5479172797222512
0.40625,0.6312500000000001,0.75,0.7282417174790458,1.1902513985327543,True,-0.9191667170694636,-1.502302661627139,0.5831359445576755
0.40625,0.6312500000000001,0.875,0.7282417174790458,1.2343290909746993,True,-0.8861022128011582,-1.5018938253410268,0.6157916125398686
0.40625,0.6312500000000001,1.0,0.7282417174790458,1.2783827993583563,True,-0.8553339185667411,-1.5014852115155919,0.6461512929488508
0.40625,0.6312500000000001,1.125,0.7282417174790458,1.3224125432541203,True,-0.8266306660646763,-1.5010768199693119,0.6744461539046356
0.40625,0.6312500000000001,1.25,0.7282417174790458,1.3664183422111014,True,-0.7997913096320521,-1.5006686505208622,0.70087734088881
0.40625,0.6312500000000001,1.375,0.7282417174790458,1.410400215757152,True,-0.7746400055849344,-1.5002607029891142,0.7256206974041798
0.40625,0.6312500000000001,1.5,0.7282417174790458,1.4543581833988968,True,-0.7510223551151225,-1.499852977193138,0.7488306220780154
0.40625,0.6312500000000001,1.625,0.7282417174790458,1.4982922646217596,True,-0.7288022318960258,-1.4994454729521989,0.7706432410561731
0.40625,0.6312500000000001,1.75,0.7282417174790458,1.5422024788899944,True,-0.7078591566656414,-1.4990381900857588,0.7911790334201174
0.40625,0.6312500000000001,1.875,0.7282417174790458,1.5860888456467137,True,-0.688086111833411,-1.4986311284134763,0.8105450165800654
0.40625,0.6312500000000001,2.0,0.7282417174790458,1.6299513843139157,True,-0.6693877124089359,-1.498224287755205,0.8288365753462691
0.40625,0.640625,0.0,0.7207140301368375,0.9345305818263137,True,-1.1952033018486192,-1.5497881134147649,0.35458481156614563
0.40625,0.640625,0.125,0.7207140301368375,0.9792116560785541,True,-1.1374230024212328,-1.5453811293936799,0.40795812697244704
0.40625,0.640625,0.25,0.7207140301368375,1.0236393402890949,True,-1.0849716841529267,-1.54099913774092,0.45602745358799335
0.40625,0.640625,0.375,0.7207140301368375,1.0678157838568323,True,-1.037144620295774,-1.5366419264569584,0.4994973061611845
0.40625,0.640625,0.5,0.7207140301368375,1.1117431119393033,True,-0.9933560991033515,-1.5323092859332428,0.5389531868298912
0.40625,0.640625,0.625,0.7207140301368375,1.1554234257934715,True,-0.9531153173864337,-1.5280010089185818,0.5748856915321481
0.40625,0.640625,0.75,0.7207140301368375,1.1988588031107816,True,-0.916007905251482,-1.523716890486098,0.607708985234616
0.40625,0.640625,0.875,0.7207140301368375,1.2420512983465983,True,-0.8816816048690723,-1.519456728000737,0.6377751231316646
0.40625,0.640625,1.0,0.7207140301368375,1.2850029430441228,True,-0.8498350529603219,-1.515220321087315,0.6653852681269931
0.40625,0.640625,1.125,0.7207140301368375,1.3277157461529183,True,-0.8202089096092102,-1.5110074715991053,0.6907985619898951
0.40625,0.640625,1.25,0.7207140301368375,1.370191694342127,True,-0.7925787801209998,-1.5068179835869433,0.7142392034659435
0.40625,0.640625,1.375,0.7207140301368375,1.4124327523084974,True,-0.766749520893135,-1.5026516632688462,0.7359021423757113
0.40625,0.640625,1.5,0.7207140301368375,1.4544408630793093,True,-0.7425506235390148,-1.4985083190001336,0.7559576954611188
0.40625,0.640625,1.625,0.7207140301368375,1.4962179483103089,True,-0.7198324463422291,-1.4943877612440433,0.7745553149018142
0.40625,0.640625,1.75,0.7207140301368375,1.537765908578734,True,-0.6984631169611344,-1.4902898025428282,0.7918266855816938
0.40625,0.640625,1.875,0.7207140301368375,1.5790866236715344,True,-0.678325970915683,-1.4862142574893282,0.8078882865736452
0.40625,0.640625,2.0,0.7207140301368375,1.6201819528688783,True,-0.659317420757907,-1.4821609426990099,0.8228435219411029
0.40625,0.65,0.0,0.7138701174638512,0.9446886304315427,True,-1.2056514913657772,-1.5954796654081236,0.3898281740423464
0.40625,0.65,0.125,0.7138701174638512,0.9897330884813563,True,-1.1445210716786332,-1.5868017828353018,0.44228071115666867
0.40625,0.65,0.25,0.7138701174638512,1.0342901997390739,True,-1.0892905281714704,-1.5782177883547595,0.488927260183289
0.40625,0.65,0.375,0.7138701174638512,1.078367830732465,True,-1.0391450587704578,-1.569726166468093,0.5305811076976352
0.40625,0.65,0.5,0.7138701174638512,1.1219736795915345,True,-0.9934132959871141,-1.5613254341189828,0.5679121381318687
0.40625,0.65,0.625,0.7138701174638512,1.1651152805306229,True,-0.9515370752998339,-1.5530141398297066,0.6014770645298727
0.40625,0.65,0.75,0.7138701174638512,1.2078000081881097,True,-0.9130485405319142,-1.5447908628650926,0.6317423223331784
0.40625,0.65,0.875,0.7138701174638512,1.2500350818289672,True,-0.8775525895790335,-1.5366542124228888,0.6591016228438553
0.40625,0.65,1.0,0.7138701174638512,1.2918275694152002,True,-0.8447132615792354,-1.5286028268495873,0.6838895652703518
0.40625,0.65,1.125,0.7138701174638512,1.333184391548986,True,-0.8142430703054012,-1.520635372880773,0.7063923025753719
0.40625,0.65,1.25,0.7138701174638512,1.3741123252931413,True,-0.7858945657550473,-1.5127505449051044,0.7268559791500571
0.40625,0.65,1.375,0.7138701174638512,1.414618007873339,True,-0.7594535991726087,-1.5049470642510752,0.7454934650784665
0.40625,0.65,1.5,0.7138701174638512,1.4547079402663292,True,-0.7347339033852611,-1.49722367849574,0.7624897751104789
0.40625,0.65,1.625,0.7138701174638512,1.4943884906782336,True,-0.7115726982115227,-1.4895791607946136,0.7780064625830909
0.40625,0.65,1.75,0.7138701174638512,1.5336658979168278,True,-0.6898271016597213,-1.4820123092319974,0.7921852075722762
0.40625,0.65,1.875,0.7138701174638512,1.572546274661555,True,-0.669371179653804,-1.4745219461910062,0.8051507665372022
0.40625,0.65,2.0,0.7138701174638512,1.6110356106348758,True,-0.6500935055608178,-1.4671069177426008,0.817013412181783
0.42000000000000004,0.5,0.0,0.8935244560338453,0.8821794442003348,True,-0.9417945832998472,-0.9298366893439282,0.011957893955919063
0.42000000000000004,0.5,0.125,0.8935244560338453,0.9035236440956844,True,-0.9503324618281531,-0.9609673727619511,0.01063491093379798
0.42000000000000004,0.5,0.25,0.8935244560338453,0.9263465467600638,True,-0.9590265575459876,-0.9942547557984986,0.035228198252511
0.42000000000000004,0.5,0.375,0.8935244560338453,0.9508073303993684,True,-0.9678811974877436,-1.0299310011187952,0.062049803631051614
0.42000000000000004,0.5,0.5,0.8935244560338453,0.9770888703112232,True,-0.976900869982126,-1.0682628337827285,0.09136196380060246
0.42000000000000004,0.5,0.625,0.8935244560338453,1.0054023191276034,True,-0.9860902322383466,-1.109558221564735,0.12346798932638847
0.42000000000000004,0.5,0.75,0.8935244560338453,1.0359927921142662,True,-0.9954541183645466,-1.154174667007736,0.1587205486431894
0.42000000000000004,0.5,0.875,0.8935244560338453,1.0691464816066336,True,-1.0049975478474578,-1.202529583883828,0.19753203603637015
0.42000000000000004,0.5,1.0,0.8935244560338453,1.1051996380317424,True,-1.0147257345245493,-1.2551133960854295,0.2403876615608802
0.42000000000000004,0.5,1.125,0.8935244560338453,1.1445500149926668,True,-1.024644096082365,-1.3125062303709303,0.2878621342885652
0.42000000000000004,0.5,1.25,0.8935244560338453,1.1876716049326799,True,-1.0347582641173982,-1.3753994084467605,0.3406411443293622
0.42000000000000004,0.5,1.375,0.8935244560338453,1.2351338246861043,True,-1.0450740947987722,-1.4446234292442042,0.39954933444543195
0.42000000000000004,0.5,1.5,0.8935244560338453,1.2876268017457384,True,-1.0555976801751366,-1.5211848491393134,0.46558716896417685
0.42000000000000004,0.5,1.625,0.8935244560338453,1.3459951511653125,True,-1.0663353601716572,-1.6063155458307918,0.5399801856591346
0.42000000000000004,0.5,1.75,0.8935244560338453,1.4112837664291102,True,-1.0772937353267402,-1.7015395046834823,0.624245769356742
0.42000000000000004,0.5,1.875,0.8935244560338453,1.4848009238501199,True,-1.0884796803222587,-1.8087648569893813,0.7202851766671226
0.42000000000000004,0.5,2.0,0.8935244560338453,1.5682068514275518,True,-1.0999003583655562,-1.9304130583429149,0.8305126999773587
0.42000000000000004,0.509375,0.0,0.8785239483645043,0.8820422091409332,True,-0.9611831713589613,-0.9650324609054229,0.003849289546461687
0.42000000000000004,0.509375,0.125,0.8785239483645043,0.9059293498627862,True,-0.9651760559306032,-0.9952845548264484,0.030108498895845215
0.42000000000000004,0.509375,0.25,0.8785239483645043,0.9313625992752901,True,-0.969202252848646,-1.0274947326331227,0.058292479784476714
0.42000000000000004,0.509375,0.375,0.8785239483645043,0.9584970869417141,True,-0.9732621807431246,-1.0618594596191617,0.08859727887603708
0.42000000000000004,0.509375,0.5,0.8785239483645043,0.9875094138744187,True,-0.9773562652880418,-1.0986023937968274,0.12124612850878569
0.42000000000000004,0.509375,0.625,0.8785239483645043,1.0186015005073588,True,-0.9814849393501471,-1.1379792591978783,0.1564943198477312
0.42000000000000004,0.509375,0.75,0.8785239483645043,1.0520052929622634,True,-0.9856486431415056,-1.180283806168615,0.19463516302710937
0.42000000000000004,0.509375,0.875,0.8785239483645043,1.0879885595825194,True,-0.9898478243759633,-1.2258551524447066,0.23600732806874325
0.42000000000000004,0.509375,1.0,0.8785239483645043,1.1268620842395152,True,-0.9940829384296324,-1.275086893181633,0.2810039547520007
0.42000000000000004,0.509375,1.125,0.8785239483645043,1.1689886655132682,True,-0.998354448505511,-1.3284384980515869,0.33008404954607584
0.42000000000000004,0.509375,1.25,0.8785239483645043,1.2147944737687433,True,-1.0026628258023689,-1.386449694519543,0.38378686871717416
0.42000000000000004,0.509375,1.375,0.8785239483645043,1.2647835198037747,True,-1.007008549688021,-1.4497587917984294,0.44275024211040837
0.42000000000000004,0.509375,1.5,0.8785239483645043,1.3195562772371416,True,-1.0113921078771309,-1.5191262653475714,0.5077341574704406
0.42000000000000004,0.509375,1.625,0.8785239483645043,1.3798339197740912,True,-1.0158139966136739,-1.5954654523854561,0.5796514557717822
0.42000000000000004,0.509375,1.75,0.8785239483645043,1.4464902529674915,True,-1.0202747208582126,-1.6798829921688236,0.6596082713106111
0.42000000000000004,0.509375,1.875,0.8785239483645043,1.5205943495471332,True,-1.0247747944801242,-1.7737328219062596,0.7489580274261354
0.42000000000000004,0.509375,2.0,0.8785239483645043,1.6034683218287236,True,-1.0293147404549394,-1.8786893431686615,0.8493746027137221
0.42000000000000004,0.51875,0.0,0.8639597966348369,0.8824370306454764,True,-0.979924685597321,-1.000882023889113,0.020957338291791916
0.42000000000000004,0.51875,0.125,0.8639597966348369,0.9086901150047636,True,-0.9793875609674866,-1.030093991498464,0.05070643053097734
0.42000000000000004,0.51875,0.25,0.8639597966348369,0.9365217274765365,True,-0.9788510248416916,-1.0610623969976003,0.08221137215590868
0.42000000000000004,0.51875,0.375,0.8639597966348369,0.9660786499049322,True,-0.9783150762532685,-1.093950565442652,0.11563548918938349
0.42000000000000004,0.51875,0.5,0.8639597966348369,0.9975264445542958,True,-0.9777797142376653,-1.1289427189782326,0.15116300474056732
0.42000000000000004,0.51875,0.625,0.8639597966348369,1.0310525570041555,True,-0.9772449378324405,-1.1662474294476637,0.1890024916152232
0.42000000000000004,0.51875,0.75,0.8639597966348369,1.0668700552583925,True,-0.9767107460772566,-1.2061017789226278,0.2293910328453712
0.42000000000000004,0.51875,0.875,0.8639597966348369,1.1052221626435337,True,-0.9761771380138754,-1.2487764034868372,0.27259926547296176
0.42000000000000004,0.51875,1.0,0.8639597966348369,1.1463877883100315,True,-0.9756441126861511,-1.294581647058646,0.31893753437249484
0.42000000000000004,0.51875,1.125,0.8639597966348369,1.190688321234943,True,-0.9751116691400252,-1.3438751211194073,0.3687634519793821
0.42000000000000004,0.51875,1.25,0.8639597966348369,1.238496037826997,True,-0.9745798064235208,-1.3970710599070746,0.42249125348355376
0.42000000000000004,0.51875,1.375,0.8639597966348369,1.2902445886716256,True,-0.9740485235867367,-1.454651989081569,0.48060346549483235
0.42000000000000004,0.51875,1.5,0.8639597966348369,1.3464421900507852,True,-0.973517819681842,-1.5171834040096015,0.5436655843277595
0.42000000000000004,0.51875,1.625,0.8639597966348369,1.40768837069103,True,-0.9729876937630703,-1.5853324039737282,0.612344710210658
0.42000000000000004,0.51875,1.75,0.8639597966348369,1.4746954441721924,True,-0.9724581448867144,-1.6598915846528803,0.6874334397661659
0.42000000000000004,0.51875,1.875,0.8639597966348369,1.5483163395313582,True,-0.9719291721111198,-1.7418100054056997,0.7698808332945799
0.42000000000000004,0.51875,2.0,0.8639597966348369,1.6295811006040892,True,-0.9714007744966807,-1.8322338023108615,0.8608330278141808
0.42000000000000004,0.528125,0.0,0.8498711598346008,0.8833865815063113,True,-0.998027288510185,-1.037385378294997,0.039358089784812145
0.42000000000000004,0.528125,0.125,0.8498711598346008,0.9118361333561417,True,-0.9929887841597352,-1.065388609716376,0.07239982555664082
0.42000000000000004,0.528125,0.25,0.8498711598346008,0.9418642337997886,True,-0.9880008976775653,-1.0949456252471097,0.10694472756954443
0.42000000000000004,0.528125,0.375,0.8498711598346008,0.973606012482549,True,-0.983062870099498,-1.1261894346002905,0.14312656450079253
0.42000000000000004,0.528125,0.5,0.8498711598346008,1.007212475547486,True,-0.9781739575591062,-1.1592686749141257,0.18109471735501947
0.42000000000000004,0.528125,0.625,0.8498711598346008,1.0428529078748698,True,-0.9733334309141551,-1.1943499753047213,0.22101654439056617
0.42000000000000004,0.528125,0.75,0.8498711598346008,1.0807177251061633,True,-0.9685405753840794,-1.2316207641471277,0.2630801887630483
0.42000000000000004,0.528125,0.875,0.8498711598346008,1.1210218768689133,True,-0.9637946901981213,-1.2712926189099785,0.3074979287118572
0.42000000000000004,0.528125,1.0,0.8498711598346008,1.164008929622609,True,-0.9590950882537588,-1.3136052849491076,0.3545101966953488
0.42000000000000004,0.528125,1.125,0.8498711598346008,1.2099559929166304,True,-0.954441095785084,-1.3588315244816962,0.40439042869661224
0.42000000000000004,0.528125,1.25,0.8498711598346008,1.2591796995734756,True,-0.949832052040785,-1.4072830029515733,0.45745095091078825
0.42000000000000004,0.528125,1.375,0.8498711598346008,1.3120435125804604,True,-0.945267308971417,-1.4593174812894074,0.5140501723179904
0.42000000000000004,0.528125,1.5,0.8498711598346008,1.3689667152607172,True,-0.940746230925645,-1.5153476650446849,0.5746014341190399
0.42000000000000004,0.528125,1.625,0.8498711598346008,1.4304355551910486,True,-0.9362681943551647,-1.5758521734762658,0.6395839791211011
0.42000000000000004,0.528125,1.75,0.8498711598346008,1.4970171688618876,True,-0.9318325875280079,-1.6413892457603925,0.7095566582323846
0.42000000000000004,0.528125,1.875,0.8498711598346008,1.569377131732168,True,-0.9274388102499622,-1.712614015717918,0.7851752054679557
0.42000000000000004,0.528125,2.0,0.8498711598346008,1.6483017848485912,True,-0.9230862735938316,-1.7903004881705382,0.8672142145767067
0.42000000000000004,0.5375,0.0,0.836291039944503,0.8849132025222683,True,-1.0155010484668021,-1.0745425241230768,0.05904147565627471
0.42000000000000004,0.5375,0.125,0.836291039944503,0.9153972339496097,True,-1.0060018560140942,-1.1011612851963433,0.09515942918224907
0.42000000000000004,0.5375,0.25,0.836291039944503,0.9474299412973302,True,-0.9966787311439126,-1.129132355408995,0.13245362426508234
0.42000000000000004,0.5375,0.375,0.836291039944503,0.981132416210604,True,-0.9875268236848679,-1.158561472402017,0.17103464871714913
0.42000000000000004,0.5375,0.5,0.836291039944503,1.0166387124504492,True,-0.978541459989603,-1.1895656923805258,0.21102423239092283
0.42000000000000004,0.5375,0.625,0.836291039944503,1.0540976279774767,True,-0.9697181349763706,-1.2222749462354245,0.25255681125905394
0.42000000000000004,0.5375,0.75,0.836291039944503,1.0936747893581804,True,-0.961052504597323,-1.2568338596541457,0.2957813550568227
0.42000000000000004,0.5375,0.875,0.836291039944503,1.135555100070414,True,-0.9525403787070567,-1.2934038909894117,0.340863512282355
0.42000000000000004,0.5375,1.0,0.836291039944503,1.1799456290478025,True,-0.9441777143068105,-1.3321658535461494,0.38798813923933884
0.42000000000000004,0.5375,1.125,0.836291039944503,1.2270790346708722,True,-0.9359606091414377,-1.3733229054223184,0.43736229628088064
0.42000000000000004,0.5375,1.25,0.836291039944503,1.277217643694291,True,-0.9278852956278427,-1.4171041112422045,0.48921881561436176
0.42000000000000004,0.5375,1.375,0.836291039944503,1.330658336077462,True,-0.9199481350950356,-1.4637687076072932,0.5438205725122576
0.42000000000000004,0.5375,1.5,0.836291039944503,1.3877384278101983,True,-0.9121456123173046,-1.5136112399998785,0.6014656276825738
0.42000000000000004,0.5375,1.625,0.836291039944503,1.448842797996835,True,-0.9044743303232483,-1.566967786177418,0.6624934558541697
0.42000000000000004,0.5375,1.75,0.836291039944503,1.5144125784482771,True,-0.8969310054645661,-1.624223543954194,0.727292538489628
0.42000000000000004,0.5375,1.875,0.836291039944503,1.5849558205882794,True,-0.8895124627295636,-1.6858221455805562,0.7963096828509926
0.42000000000000004,0.5375,2.0,0.836291039944503,1.6610606852933743,True,-0.8822156312873255,-1.7522771751565074,0.8700615438691819
0.42000000000000004,0.546875,0.0,0.8232469318993973,0.8870390782909046,True,-1.032357645423789,-1.1123534613733514,0.0799958159495624
0.42000000000000004,0.546875,0.125,0.8232469318993973,0.9194029620756459,True,-1.0184490241589441,-1.1374048456814778,0.1189558215225337
0.42000000000000004,0.546875,0.25,0.8232469318993973,0.9532581703184134,True,-1.0049101935518847,-1.1636105952189015,0.15870040166701682
0.42000000000000004,0.546875,0.375,0.8232469318993973,0.988710214107261,True,-0.9917265995561092,-1.1910523812347589,0.19932578167864967
0.42000000000000004,0.546875,0.5,0.8232469318993973,1.025874798130619,True,-0.9788844419835228,-1.2198197653723746,0.24093532338885182
0.42000000000000004,0.546875,0.625,0.8232469318993973,1.0648790821717615,True,-0.9663706263187423,-1.2500111761337325,0.2836405498149902
0.42000000000000004,0.546875,0.75,0.8232469318993973,1.1058631346950087,True,-0.9541727191827172,-1.281735034033271,0.32756231485055376
0.42000000000000004,0.546875,0.875,0.8232469318993973,1.1489816135377866,True,-0.9422789071272356,-1.3151110525438034,0.37283214541656784
0.42000000000000004,0.546875,1.0,0.8232469318993973,1.1944057162117023,True,-0.9306779584732627,-1.3502717477343036,0.41959378926104085
0.42000000000000004,0.546875,1.125,0.8232469318993973,1.2423254516564424,True,-0.9193591879339791,-1.3873641967294366,0.4680050087954575
0.42000000000000004,0.546875,1.25,0.8232469318993973,1.2929522970054446,True,-0.9083124237882955,-1.4265520941888845,0.518239670400589
0.42000000000000004,0.546875,1.375,0.8232469318993973,1.34652231770222,True,-0.8975279773928749,-1.4680181674449606,0.5704901900520857
0.42000000000000004,0.546875,1.5,0.8232469318993973,1.4032998480683896,True,-0.8869966148405803,-1.5119670254599504,0.6249704106193701
0.42000000000000004,0.546875,1.625,0.8232469318993973,1.4635818533979348,True,-0.8767095305910994,-1.558628535321352,0.6819190047302527
0.42000000000000004,0.546875,1.75,0.8232469318993973,1.5277031254963631,True,-0.8666583229154674,-1.6082618438682397,0.7416035209527723
0.42000000000000004,0.546875,1.875,0.8232469318993973,1.5960425035582986,True,-0.8568349710105727,-1.6611601929846411,0.8043252219740684
0.42000000000000004,0.546875,2.0,0.8232469318993973,1.6690303644878284,True,-0.8472318136526256,-1.717656717509791,0.8704249038571654
0.42000000000000004,0.55625,0.0,0.810761447147243,0.8897864135225674,True,-1.0486101012389266,-1.1508181900458212,0.10220808880689458
0.42000000000000004,0.55625,0.125,0.810761447147243,0.923882674976218,True,-1.0303524788978622,-1.1741120741766777,0.14375959527881554
0.42000000000000004,0.55625,0.25,0.810761447147243,0.959387747502819,True,-1.0127197527199892,-1.1983684298658948,0.1856486771459056
0.42000000000000004,0.55625,0.375,0.810761447147243,0.9963907882599201,True,-0.9956803804004685,-1.2236481675009718,0.22796778710050336
0.42000000000000004,0.55625,0.5,0.810761447147243,1.0349886396536505,True,-0.9792049073501715,-1.2500174478775836,0.2708125405274121
0.42000000000000004,0.55625,0.625,0.810761447147243,1.0752866756514552,True,-0.9632657967806243,-1.2775482603835229,0.3142824636028986
0.42000000000000004,0.55625,0.75,0.810761447147243,1.1173997624503282,True,-0.9478372761180119,-1.3063190793080304,0.35848180319001843
0.42000000000000004,0.55625,0.875,0.810761447147243,1.1614533519431427,True,-0.9328951979443241,-1.336415610876129,0.40352041293180485
0.42000000000000004,0.55625,1.0,0.810761447147243,1.207584729905071,True,-0.9184169138874366,-1.3679316459846305,0.44951473209719384
0.42000000000000004,0.55625,1.125,0.810761447147243,1.2559444450577697,True,-0.9043811600748812,-1.4009700365102165,0.4965888764353352
0.42000000000000004,0.55625,1.25,0.810761447147243,1.3066979503482,True,-0.8907679529328663,-1.4356438165983116,0.5448758636654454
0.42000000000000004,0.55625,1.375,0.810761447147243,1.3600274941410682,True,-0.877558494256658,-1.4720774946879518,0.5945190004312938
0.42000000000000004,0.55625,1.5,0.810761447147243,1.4161343068769525,True,-0.8647350846039709,-1.5104085473928932,0.6456734627889223
0.42000000000000004,0.55625,1.625,0.810761447147243,1.4752411384908068,True,-0.8522810441722856,-1.550789153015207,0.6985081088429214
0.42000000000000004,0.55625,1.75,0.810761447147243,1.537595214036785,True,-0.8401806404163121,-1.5933882107690642,0.7532075703527521
0.42000000000000004,0.55625,1.875,0.810761447147243,1.6034716902054926,True,-0.8284190217451148,-1.638393702204217,0.8099746804591021
0.42000000000000004,0.55625,2.0,0.810761447147243,1.6731777146466895,True,-0.8169821567113642,-1.6860154644541085,0.8690333077427443
0.42000000000000004,0.565625,0.0,0.7988529051667689,0.8931776092238949,True,-1.0642725344249302,-1.1899367101404859,0.12566417571555566
0.42000000000000004,0.565625,0.125,0.7988529051667689,0.9288656500986213,True,-1.0417342072232072,-1.2112757121667512,0.16954150494354403
0.42000000000000004,0.565625,0.25,0.7988529051667689,0.9658570431385132,True,-1.0201306814869238,-1.2333940294429357,0.21326334795601198
0.42000000000000004,0.565625,0.375,0.7988529051667689,1.0042245153606228,True,-0.999404980941587,-1.256335147739796,0.2569301667982089
0.42000000000000004,0.565625,0.5,0.7988529051667689,1.0440463072194466,True,-0.97950466739586,-1.2801458494857338,0.3006411820898739
0.42000000000000004,0.565625,0.625,0.7988529051667689,1.08540670516762,True,-0.960381397747305,-1.3048765322015863,0.34449513445428126
0.42000000000000004,0.565625,0.75,0.7988529051667689,1.1283966371627485,True,-0.941990531886959,-1.3305815645728845,0.38859103268592543
0.42000000000000004,0.565625,0.875,0.7988529051667689,1.1731143399747244,True,-0.924290784808109,-1.3573196854538898,0.4330289006457808
0.42000000000000004,0.565625,1.0,0.7988529051667689,1.2196661086004943,True,-0.9072439172124039,-1.385154451966249,0.47791053475384515
0.42000000000000004,0.565625,1.125,0.7988529051667689,1.268167139819581,True,-0.8908144597332143,-1.4141547438873727,0.5233402841541585
0.42000000000000004,0.565625,1.25,0.7988529051667689,1.318742483982238,True,-0.8749694665905668,-1.4443953327545045,0.5694258661639376
0.42000000000000004,0.565625,1.375,0.7988529051667689,1.371528121585551,True,-0.8596782950771856,-1.4759575255834336,0.616279230506248
0.42000000000000004,0.565625,1.5,0.7988529051667689,1.42667218415152,True,-0.8449124077698985,-1.5089298948698924,0.6640174870999939
0.42000000000000004,0.565625,1.625,0.7988529051667689,1.4843363424883238,True,-0.8306451947802265,-1.5434091086746313,0.7127639138944049
0.42000000000000004,0.565625,1.75,0.7988529051667689,1.544697389733923,True,-0.8168518137148094,-1.5795008771749728,0.7626490634601634
0.42000000000000004,0.565625,1.875,0.7988529051667689,1.6079490518295763,True,-0.8035090453207174,-1.6173210352038674,0.81381198988315
0.42000000000000004,0.565625,2.0,0.7988529051667689,1.6743040644780898,True,-0.7905951630510473,-1.6569967841285511,0.8664016210775038
0.42000000000000004,0.575,0.0,0.7875358892110379,0.8972354383989846,True,-1.0793599387579076,-1.2297090216573447,0.15034908289943716
0.42000000000000004,0.575,0.125,0.7875358892110379,0.9343812041052519,True,-1.052615872159666,-1.2488884628155477,0.19627259065588176
0.42000000000000004,0.575,0.25,0.7875358892110379,0.972704033204462,True,-1.0271650747201064,-1.2686756560998727,0.24151058137976622
0.42000000000000004,0.575,0.375,0.7875358892110379,1.012260774016866,True,-1.002915952665893,-1.2890999539544674,0.28618400128857435
0.42000000000000004,0.575,0.5,0.7875358892110379,1.053111995546111,True,-0.9797853620566689,-1.310192629920726,0.33040726786405716
0.42000000000000004,0.575,0.625,0.7875358892110379,1.0953222969379095,True,-0.9576976563447002,-1.3319870384198196,0.3742893820751194
0.42000000000000004,0.575,0.75,0.7875358892110379,1.1389606483473294,True,-0.9365838599218697,-1.3545187907524074,0.4179349308305378
0.42000000000000004,0.575,0.875,0.7875358892110379,1.1841007669978403,True,-0.9163809486304387,-1.3778259492688814,0.4614450006384426
0.42000000000000004,0.575,1.0,0.7875358892110379,1.230821532745121,True,-0.8970312214275205,-1.4019492419370674,0.5049180205095469
0.42000000000000004,0.575,1.125,0.7875358892110379,1.2792074480735272,True,-0.8784817500086589,-1.426932299851805,0.5484505498431461
0.42000000000000004,0.575,1.25,0.7875358892110379,1.3293491481683763,True,-0.8606838953344657,-1.4528219206001307,0.5921380252656651
0.42000000000000004,0.575,1.375,0.7875358892110379,1.3813439675414516,True,-0.8435928817606358,-1.479668360826534,0.6360754790658981
0.42000000000000004,0.575,1.5,0.7875358892110379,1.4352965706626966,True,-0.8271674209202375,-1.5075256618464776,0.6803582409262401
0.42000000000000004,0.575,1.625,0.7875358892110379,1.49131965519515,True,-0.8113693787067571,-1.5364520127470844,0.7250826340403274
0.42000000000000004,0.575,1.75,0.7875358892110379,1.5495347377756523,True,-0.7961634797036312,-1.5665101561086112,0.77034667640498
0.42000000000000004,0.575,1.875,0.7875358892110379,1.6100730338709857,True,-0.7815170442381371,-1.5977678422998105,0.8162507980616734
0.42000000000000004,0.575,2.0,0.7875358892110379,1.673076445117054,True,-0.7673997539343671,-1.6302983392699175,0.8628985853355504
0.42000000000000004,0.584375,0.0,0.7768217641266624,0.9019832211798047,True,-1.0938879848315124,-1.2701351245963992,0.17624713976488682
0.42000000000000004,0.584375,0.125,0.7768217641266624,0.9404588211118655,True,-1.063018714481669,-1.2869429941438586,0.22392427966218964
0.42000000000000004,0.584375,0.25,0.7768217641266624,0.979966382747166,True,-1.0338438752591497,-1.3042016708968363,0.2703577956376866
0.42000000000000004,0.584375,0.375,0.7768217641266624,1.0205479881053392,True,-1.0062276814631177,-1.3219295381709288,0.31570185670781115
0.42000000000000004,0.584375,0.5,0.7768217641266624,1.0622480388007334,True,-0.9800484784348288,-1.3401459925848491,0.36009751415002034
0.42000000000000004,0.584375,0.625,0.7768217641266624,1.1051134180979725,True,-0.9551969509218651,-1.3588715148535742,0.4036745639317091
0.42000000000000004,0.584375,0.75,0.7768217641266624,1.149193666746215,True,-0.9315745972890331,-1.3781277466006419,0.4465531493116087
0.42000000000000004,0.584375,0.875,0.7768217641266624,1.194541173978535,True,-0.9090924246652147,-1.3979375737952577,0.48884514913004307
0.42000000000000004,0.584375,1.0,0.7768217641266624,1.2412113852246127,True,-0.8876698285819692,-1.4183252174905234,0.5306553889085542
0.42000000000000004,0.584375,1.125,0.7768217641266624,1.289263028268228,True,-0.8672336273719129,-1.4393163326191838,0.5720827052472709
0.42000000000000004,0.584375,1.25,0.7768217641266624,1.3387583597891302,True,-0.84771722694766,-1.4609381156941854,0.6132208887465254
0.42000000000000004,0.584375,1.375,0.7768217641266624,1.3897634344655154,True,-0.8290598958745896,-1.4832194223647217,0.6541595264901321
0.42000000000000004,0.584375,1.5,0.7768217641266624,1.4423483990829769,True,-0.8112061341112303,-1.5061908958962251,0.6949847617849948
0.42000000000000004,0.584375,1.625,0.7768217641266624,1.4965878144035945,True,-0.7941051215950421,-1.52988510777724,0.7357799861821979
0.42000000000000004,0.584375,1.75,0.7768217641266624,1.5525610079009402,True,-0.7777102351343141,-1.5543367118099076,0.7766264766755935
0.42000000000000004,0.584375,1.875,0.7768217641266624,1.610352460870308,True,-0.7619786239342613,-1.579582613217097,0.8176039892828356
0.42000000000000004,0.584375,2.0,0.7768217641266624,1.6700522338870094,True,-0.7468708356195098,-1.6056621545016894,0.8587913188821795
0.42000000000000004,0.59375,0.0,0.7667191553859674,0.9074449995261659,True,-1.1078728434115033,-1.3112150189576486,0.2033421755461453
0.42000000000000004,0.59375,0.125,0.7667191553859674,0.9471282889016409,True,-1.0729634740519984,-1.3254319421839096,0.25246846813191115
0.42000000000000004,0.59375,0.25,0.7667191553859674,0.9876815476013173,True,-1.0401869066480351,-1.3399605403566281,0.299773633708593
0.42000000000000004,0.59375,0.375,0.7667191553859674,1.02913370094938,True,-1.0093534783735407,-1.3548111762536819,0.34545769788014113
0.42000000000000004,0.59375,0.5,0.7667191553859674,1.0715149709457288,True,-0.980295367090067,-1.3699946771995966,0.3896993101095295
0.42000000000000004,0.59375,0.625,0.7667191553859674,1.114856949749367,True,-0.9528635354817682,-1.3855223613916825,0.43265882590991434
0.42000000000000004,0.59375,0.75,0.7667191553859674,1.1591926782163007,True,-0.9269251743014943,-1.401406066037001,0.47448089173550656
0.42000000000000004,0.59375,0.875,0.7667191553859674,1.2045567299022604,True,-0.9023615521424928,-1.4176581774471504,0.5152966253046576
0.42000000000000004,0.59375,1.0,0.7667191553859674,1.250985300979084,True,-0.8790661982717035,-1.434291663251685,0.5552254649799814
0.42000000000000004,0.59375,1.125,0.7667191553859674,1.2985163065562237,True,-0.8569433598511639,-1.4513201069062271,0.5943767470550633
0.42000000000000004,0.59375,1.25,0.7667191553859674,1.3471894839460834,True,-0.8359066863968064,-1.4687577446882774,0.6328510582914709
0.42000000000000004,0.59375,1.375,0.7667191553859674,1.3970465034642932,True,-0.8158781033619067,-1.4866195053924853,0.6707414020305786
0.42000000000000004,0.59375,1.5,0.7667191553859674,1.4481310874142603,True,-0.796786843867027,-1.5049210529580206,0.7081342090909936
0.42000000000000004,0.59375,1.625,0.7667191553859674,1.5004891379700704,True,-0.7785686132647376,-1.5236788322838613,0.7451102190191237
0.42000000000000004,0.59375,1.75,0.7667191553859674,1.5541688747439182,True,-0.7611648657538432,-1.5429101185136598,0.7817452527598165
0.42000000000000004,0.59375,1.875,0.7667191553859674,1.6092209829046524,True,-0.7445221758935633,-1.5626330701006488,0.8181108942070855
0.42000000000000004,0.59375,2.0,0.7667191553859674,1.6656987728037738,True,-0.7285916908036953,-1.582866785995202,0.8542750951915066
0.42000000000000004,0.603125,0.0,0.7572343894929825,0.9136457118329868,True,-1.1213310292832852,-1.3529487047410929,0.23161767545780765
0.42000000000000004,0.603125,0.125,0.7572343894929825,0.9544198421285893,True,-1.0824703282485462,-1.364347914108349,0.2818775858598028
0.42000000000000004,0.603125,0.25,0.7572343894929825,0.9958868918425364,True,-1.046212910870203,-1.3759408427154043,0.3297279318452013
0.42000000000000004,0.603125,0.375,0.7572343894929825,1.0380646756539829,True,-1.0123056637099244,-1.3877324710058891,0.3754268072959648
0.42000000000000004,0.603125,0.5,0.7572343894929825,1.0809716241983807,True,-0.9805272563855479,-1.3997279516261198,0.4192006952405719
0.42000000000000004,0.603125,0.625,0.7572343894929825,1.1246268109210562,True,-0.9506833047244471,-1.411932616932546,0.46124931220809884
0.42000000000000004,0.603125,0.75,0.7572343894929825,1.1690499803480117,True,-0.9226023911302603,-1.424351986895406,0.5017495957651457
0.42000000000000004,0.603125,0.875,0.7572343894929825,1.2142615778619907,True,-0.8961327700077962,-1.436991777423214,0.5408590074154177
0.42000000000000004,0.603125,1.0,0.7572343894929825,1.2602827810781443,True,-0.8711396245021903,-1.4498579091344412,0.578718284632251
0.42000000000000004,0.603125,1.125,0.7572343894929825,1.3071355329204615,True,-0.8475027698396581,-1.4629565166046847,0.6154537467650266
0.42000000000000004,0.603125,1.25,0.7572343894929825,1.354842576507502,True,-0.825114720686317,-1.4762939581196577,0.6511792374333407
0.42000000000000004,0.603125,1.375,0.7572343894929825,1.4034274919639584,True,-0.8038790569449119,-1.4898768259665853,0.6859977690216734
0.42000000000000004,0.603125,1.5,0.7572343894929825,1.452914735283227,True,-0.7837090355729919,-1.503711957299001,0.7200029217260091
0.42000000000000004,0.603125,1.625,0.7572343894929825,1.5033296793755706,True,-0.7645264062699391,-1.5178064456125655,0.7532800393426264
0.42000000000000004,0.603125,1.75,0.7572343894929825,1.5546986574466137,True,-0.7462603969371164,-1.532167652872379,0.7859072559352627
0.42000000000000004,0.603125,1.875,0.7572343894929825,1.6070490088620055,True,-0.7288468411802264,-1.5468032223353494,0.817956381155123
0.42000000000000004,0.603125,2.0,0.7572343894929825,1.660409127666076,True,-0.7122274251816157,-1.5617210921145326,0.8494936669329168
0.42000000000000004,0.6125,0.0,0.7483718967167504,0.9206113679524012,True,-1.1342792641845534,-1.3953361819467325,0.2610569177621791
0.42000000000000004,0.6125,0.125,0.7483718967167504,0.962364311776963,True,-1.091558845171865,-1.4036834913316782,0.3121246461598133
0.42000000000000004,0.6125,0.25,0.7483718967167504,1.0046198187391688,True,-1.0519395896117647,-1.4121312738715954,0.3601916842598307
0.42000000000000004,0.6125,0.375,0.7483718967167504,1.0473870174989415,True,-1.0150956448716333,-1.4206813545814805,0.4055857097098472
0.42000000000000004,0.6125,0.5,0.7483718967167504,1.0906752591494473,True,-0.9807452651445361,-1.4293356029455084,0.44859033780097235
0.42000000000000004,0.6125,0.625,0.7483718967167504,1.1344941240335096,True,-0.9486435929445306,-1.4380959342797806,0.48945234133524995
0.42000000000000004,0.6125,0.75,0.7483718967167504,1.1788534288122365,True,-0.9185768133231379,-1.446964311145493,0.5283874978223552
0.42000000000000004,0.6125,0.875,0.7483718967167504,1.2237632337968096,True,-0.8903573856091972,-1.4559427448147209,0.5655853592055237
0.42000000000000004,0.6125,1.0,0.7483718967167504,1.2692338505549439,True,-0.8638201278616903,-1.4650332967911104,0.6012131689294201
0.42000000000000004,0.6125,1.125,0.7483718967167504,1.3152758498040953,True,-0.838818981277794,-1.4742380803879027,0.6354190991101087
0.42000000000000004,0.6125,1.25,0.7483718967167504,1.3619000696041021,True,-0.8152243206736564,-1.483559262365817,0.6683349416921606
0.42000000000000004,0.6125,1.375,0.7483718967167504,1.4091176238626113,True,-0.7929207064583713,-1.492999064633469,0.7000783581750977
0.42000000000000004,0.6125,1.5,0.7483718967167504,1.4569399111672916,True,-0.7718049958015036,-1.502559766013119,0.7307547702116153
0.42000000000000004,0.6125,1.625,0.7483718967167504,1.505378623959592,True,-0.7517847477730147,-1.5122437040747032,0.7604589563016885
0.42000000000000004,0.6125,1.75,0.7483718967167504,1.5544457580655484,True,-0.7327768704266818,-1.5220532770412472,0.7892764066145653
0.42000000000000004,0.6125,1.875,0.7483718967167504,1.6041536225999555,True,-0.7147064680624359,-1.5319909457689214,0.8172844777064855
0.42000000000000004,0.6125,2.0,0.7483718967167504,1.6545148502610805,True,-0.6975058549441225,-1.5420592358051752,0.8445533808610527
0.42000000000000004,0.621875,0.0,0.7401345776998061,0.928369225284344,True,-1.1467343573650486,-1.4383774505745661,0.29164309320951753
0.42000000000000004,0.621875,0.125,0.7401345776998061,0.9709932803806578,True,-1.1002479495502626,-1.4434312325821528,0.34318328303189016
0.42000000000000004,0.621875,0.25,0.7401345776998061,1.0139179133401026,True,-1.0573836478445617,-1.4485206530336447,0.391137005189083
0.42000000000000004,0.621875,0.375,0.7401345776998061,1.057146314851659,True,-1.0177339881982013,-1.453646090237641,0.43591210203943964
0.42000000000000004,0.621875,0.5,0.7401345776998061,1.1006817209243323,True,-0.9809504138371963,-1.4588079278761739,0.4778575140389776
0.42000000000000004,0.621875,0.625,0.7401345776998061,1.144527413694664,True,-0.9467330012753136,-1.464006555100453,0.5172735538251395
0.42000000000000004,0.621875,0.75,0.7401345776998061,1.1886867222515773,True,-0.914822264106372,-1.4692423666286643,0.5544201025222922
0.42000000000000004,0.621875,0.875,0.7401345776998061,1.2331630234789823,True,-0.8849925603240723,-1.4745157628458745,0.5895232025218022
0.42000000000000004,0.621875,1.0,0.7401345776998061,1.2779597429165934,True,-0.8570467487221456,-1.4798271499060953,0.6227804011839497
0.42000000000000004,0.621875,1.125,0.7401345776998061,1.3230803556394173,True,-0.830811826727023,-1.4851769398365615,0.6543651131095385
0.42000000000000004,0.621875,1.25,0.7401345776998061,1.3685283871563898,True,-0.8061353456118775,-1.490565550644278,0.6844302050324006
0.42000000000000004,0.621875,1.375,0.7401345776998061,1.4143074143286425,True,-0.7828824461275835,-1.495993406424897,0.7131109602973135
0.42000000000000004,0.621875,1.5,0.7401345776998061,1.4604210663079111,True,-0.7609333927916371,-1.5014609374739802,0.7405275446823432
0.42000000000000004,0.621875,1.625,0.7401345776998061,1.5068730254955938,True,-0.7401815116405897,-1.5069685804007125,0.7667870687601228
0.42000000000000004,0.621875,1.75,0.7401345776998061,1.5536670285229943,True,-0.7205314564690318,-1.512516778244124,0.7919853217750922
0.42000000000000004,0.621875,1.875,0.7401345776998061,1.6008068672533031,True,-0.7018977440900359,-1.5181059805918935,0.8162082365018576
0.42000000000000004,0.621875,2.0,0.7401345776998061,1.6482963898058731,True,-0.6842035111444776,-1.5237366437017912,0.8395331325573135
0.42000000000000004,0.6312500000000001,0.0,0.7325241359171134,0.9369479667155148,True,-1.1587131023055262,-1.482072510624596,0.32335940831906984
0.42000000000000004,0.6312500000000001,0.125,0.7325241359171134,0.9803392427267927,True,-1.1085558994762383,-1.483583676942248,0.37502777746600957
0.42000000000000004,0.6312500000000001,0.25,0.7325241359171134,1.0238190951892123,True,-1.0625608387476744,-1.4850979280677645,0.42253708932009015
0.42000000000000004,0.6312500000000001,0.375,0.7325241359171134,1.0673877956021827,True,-1.020230485224497,-1.4866152734565208,0.4663847882320238
0.42000000000000004,0.6312500000000001,0.5,0.7325241359171134,1.111045616575825,True,-0.9811436344859052,-1.4881357226025724,0.5069920881166672
0.42000000000000004,0.6312500000000001,0.625,0.7325241359171134,1.1547928318366625,True,-0.9449412487679332,-1.489659285038857,0.5447180362709239
0.42000000000000004,0.6312500000000001,0.75,0.7325241359171134,1.1986297162333368,True,-0.9113153959220517,-1.4911859703373913,0.5798705744153396
0.42000000000000004,0.6312500000000001,0.875,0.7325241359171134,1.2425565457423668,True,-0.8800004688731813,-1.4927157881094713,0.61271531923629
0.42000000000000004,0.6312500000000001,1.0,0.7325241359171134,1.2865735974739392,True,-0.850766155257126,-1.4942487480058757,0.6434825927487497
0.42000000000000004,0.6312500000000001,1.125,0.7325241359171134,1.330681149677735,True,-0.8234117633270012,-1.4957848597170667,0.6723730963900655
0.42000000000000004,0.6312500000000001,1.25,0.7325241359171134,1.3748794817487937,True,-0.7977616083840728,-1.4973241329733964,0.6995625245893236
0.42000000000000004,0.6312500000000001,1.375,0.7325241359171134,1.4191688742334119,True,-0.7736612354639605,-1.4988665775453103,0.7252053420813498
0.42000000000000004,0.6312500000000001,1.5,0.7325241359171134,1.4635496088350797,True,-0.7509743066210808,-1.5004122032435556,0.7494378966224748
0.42000000000000004,0.6312500000000001,1.625,0.7325241359171134,1.5080219684204532,True,-0.729580020276523,-1.5019610199193885,0.7723809996428654
0.42000000000000004,0.6312500000000001,1.75,0.7325241359171134,1.552586237025363,True,-0.7093709594638203,-1.5035130374647823,0.7941420780009619
0.42000000000000004,0.6312500000000001,1.875,0.7325241359171134,1.5972426998608633,True,-0.6902512880520363,-1.5050682658126406,0.8148169777606044
0.42000000000000004,0.6312500000000001,2.0,0.7325241359171134,1.641991643319315,True,-0.6721352310160614,-1.506626714937007,0.8344914839209455
0.42000000000000004,0.640625,0.0,0.7255413782501191,0.9463778812967529,True,-1.1702321881494615,-1.5264213620968194,0.35618917394735794
0.42000000000000004,0.640625,0.125,0.7255413782501191,0.9904357719704273,True,-1.1165002723142463,-1.5241333468558396,0.40763307454159325
0.42000000000000004,0.640625,0.25,0.7255413782501191,1.0343617799895688,True,-1.067486009178033,-1.5218521805474574,0.4543661713694245
0.42000000000000004,0.640625,0.375,0.7255413782501191,1.0781564966344586,True,-1.0225942137034654,-1.5195778324652924,0.49698361876182706
0.42000000000000004,0.640625,0.5,0.7255413782501191,1.1218205096560743,True,-0.9813257794511395,-1.5173102720862506,0.535984492635111
0.42000000000000004,0.640625,0.625,0.7255413782501191,1.1653544033023795,True,-0.9432590435927012,-1.5150494690691543,0.5717904254764531
0.42000000000000004,0.640625,0.75,0.7255413782501191,1.2087587583443853,True,-0.9080353271937027,-1.512795393253393,0.6047600660596903
0.42000000000000004,0.640625,0.875,0.7255413782501191,1.2520341521019749,True,-0.8753475986479137,-1.510548014657578,0.6352004160096644
0.42000000000000004,0.640625,1.0,0.7255413782501191,1.2951811584695008,True,-0.8449315006122184,-1.5083073034782177,0.6633758028659993
0.42000000000000004,0.640625,1.125,0.7255413782501191,1.338200347941154,True,-0.8165581848675433,-1.5060732300883957,0.6895150452208524
0.42000000000000004,0.640625,1.25,0.7255413782501191,1.3810922876361087,True,-0.7900285439343856,-1.503845765036469,0.7138172211020833
0.42000000000000004,0.640625,1.375,0.7255413782501191,1.423857541323442,True,-0.7651685317789266,-1.5016248790447695,0.7364563472658429
0.42000000000000004,0.640625,1.5,0.7255413782501191,1.466496669446836,True,-0.7418253410335882,-1.4994105430083262,0.757585201974738
0.42000000000000004,0.640625,1.625,0.7255413782501191,1.5090102291490595,True,-0.7198642592375724,-1.497202727993589,0.7773384687560168
0.42000000000000004,0.640625,1.75,0.7255413782501191,1.5513987742962339,True,-0.6991660674307882,-1.4950014052371723,0.795835337806384
0.42000000000000004,0.640625,1.875,0.7255413782501191,1.5936628555018884,True,-0.6796248749924333,-1.4928065461446027,0.8131816711521694
0.42000000000000004,0.640625,2.0,0.7255413782501191,1.6358030201507978,True,-0.6611463076957317,-1.490618122289084,0.8294718145933523
0.42000000000000004,0.65,0.0,0.7191864861179855,0.9566910486465482,True,-1.1813081244461776,-1.5714240049912387,0.3901158805450611
0.42000000000000004,0.65,0.125,0.7191864861179855,1.001317691273479,True,-1.1240979583126676,-1.5650727511003533,0.4409747927876857
0.42000000000000004,0.65,0.25,0.7191864861179855,1.0455850493495513,True,-1.0721731450623868,-1.5587726305071408,0.48659948544475395
0.42000000000000004,0.65,0.375,0.7191864861179855,1.0894974443239362,True,-1.0248335937581705,-1.552523028183912,0.5276894344257415
0.42000000000000004,0.65,0.5,0.7191864861179855,1.1330591286184422,True,-0.9814976292376647,-1.546323338926938,0.5648257096892733
0.42000000000000004,0.65,0.625,0.7191864861179855,1.1762742870002703,True,-0.9416779712929592,-1.540172967161077,0.5984949958681179
0.42000000000000004,0.65,0.75,0.7191864861179855,1.2191470379221356,True,-0.9049633330688298,-1.5340713267490524,0.6291079936802226
0.42000000000000004,0.65,0.875,0.7191864861179855,1.2616814348306606,True,-0.8710041626330234,-1.5280178408052387,0.6570136781722153
0.42000000000000004,0.65,1.0,0.7191864861179855,1.3038814674439125,True,-0.8395014787600238,-1.522011941513844,0.6825104627538202
0.42000000000000004,0.65,1.125,0.7191864861179855,1.3457510629989307,True,-0.8101980448872748,-1.516053069951363,0.7058550250640883
0.42000000000000004,0.65,1.25,0.7191864861179855,1.3872940874700648,True,-0.7828713292034972,-1.5101406759131837,0.7272693467096865
0.42000000000000004,0.65,1.375,0.7191864861179855,1.4285143467589094,True,-0.7573278429243114,-1.5042742177442334,0.746946374819922
0.42000000000000004,0.65,1.5,0.7191864861179855,1.4694155878566189,True,-0.7333985519290294,-1.4984531621735617,0.7650546102445324
0.42000000000000004,0.65,1.625,0.7191864861179855,1.5100014999793339,True,-0.710935131625165,-1.4926769841527443,0.7817418525275793
0.42000000000000004,0.65,1.75,0.7191864861179855,1.5502757156774496,True,-0.6898068896217976,-1.4869451666980151,0.7971382770762175
0.42000000000000004,0.65,1.875,0.7191864861179855,1.5902418119194246,True,-0.6698982212953378,-1.4812572007360145,0.8113589794406767
0.42000000000000004,0.65,2.0,0.7191864861179855,1.6299033111508088,True,-0.6511064936082488,-1.4756125849530726,0.8245060913448238
0.43375,0.5,0.0,0.8784379037381614,0.8870054756688228,True,-0.9075274610010634,-0.9163787489157692,0.008851287914705797
0.43375,0.5,0.125,0.8784379037381614,0.9043479269651771,True,-0.9203755318613845,-0.947522529169476,0.027146997308091447
0.43375,0.5,0.25,0.8784379037381614,0.922910640703379,True,-0.9335926129540881,-0.9808576712261561,0.04726505827206795
0.43375,0.5,0.375,0.8784379037381614,0.9428271046861008,True,-0.9471948334509678,-1.0166238940691257,0.0694290606181579
0.43375,0.5,0.5,0.8784379037381614,0.9642510136684967,True,-0.9611992764144354,-1.055097204567245,0.09389792815280973
0.43375,0.5,0.625,0.8784379037381614,0.9873602433289298,True,-0.9756240503729845,-1.096597033978804,0.12097298360581954
0.43375,0.5,0.75,0.8784379037381614,1.0123618004800359,True,-0.9904883674396665,-1.1414951275994114,0.1510067601597449
0.43375,0.5,0.875,0.8784379037381614,1.03949804125695,True,-1.0058126286821905,-1.190226711458353,0.18441408277616245
0.43375,0.5,1.0,0.8784379037381614,1.0690545530991127,True,-1.0216185175423365,-1.2433046468752396,0.2216861293329031
0.43375,0.5,1.125,0.8784379037381614,1.101370244144137,True,-1.037929102204259,-1.3013375491134886,0.2634084469092297
0.43375,0.5,1.25,0.8784379037381614,1.1368503965840495,True,-1.0547689479280165,-1.365053228752672,0.31028428082465553
0.43375,0.5,1.375,0.8784379037381614,1.1759837521260865,True,-1.0721642404987566,-1.4353293739621784,0.36316513346342183
0.43375,0.5,1.5,0.8784379037381614,1.219365161501579,True,-1.0901429220963124,-1.513234224758585,0.4230913026622727
0.43375,0.5,1.625,0.8784379037381614,1.2677260333327125,True,-1.1087348410679854,-1.6000812534426516,0.49134641237466625
0.43375,0.5,1.75,0.8784379037381614,1.321975906459797,True,-1.1279719172930998,-1.6975038206789546,0.5695319033858548
0.43375,0.5,1.875,0.8784379037381614,1.3832601939363263,True,-1.1478883250664424,-1.8075588728488436,0.6596705477824012
0.43375,0.5,2.0,0.8784379037381614,1.453041946766347,True,-1.168520695704797,-1.9328737743422388,0.7643530786374417
0.43375,0.509375,0.0,0.8654368859493238,0.8875374885550368,True,-0.9273826100751703,-0.9510651164040262,0.023682506328855935
0.43375,0.509375,0.125,0.8654368859493238,0.9076123529387358,True,-0.9358008962200373,-0.981405423191287,0.045604526971249726
0.43375,0.509375,0.25,0.8654368859493238,0.9290102566013863,True,-0.9443734158640106,-1.0137453159706493,0.06937190010663874
0.43375,0.509375,0.375,0.8654368859493238,0.9518664492609048,True,-0.9531044468195503,-1.0482892054846245,0.09518475866507414
0.43375,0.509375,0.5,0.8654368859493238,0.9763352657843359,True,-0.9619984265742811,-1.0852703469684457,0.12327192039416457
0.43375,0.509375,0.625,0.8654368859493238,1.0025936156814352,True,-0.9710599598112848,-1.124956114024095,0.1538961542128101
0.43375,0.509375,0.75,0.8654368859493238,1.030845267272729,True,-0.9802938263584571,-1.1676544735319525,0.18736064717349543
0.43375,0.509375,0.875,0.8654368859493238,1.0613261459983208,True,-0.9897049895957651,-1.21372199329217,0.22401700369640476
0.43375,0.509375,1.0,0.8654368859493238,1.0943109384477263,True,-0.9992986053514746,-1.2635738230779656,0.264275217726491
0.43375,0.509375,1.125,0.8654368859493238,1.1301213936046521,True,-1.0090800313208488,-1.3176962407882848,0.30861620946743606
0.43375,0.509375,1.25,0.8654368859493238,1.169136852954054,True,-1.0190548370434764,-1.3766625672092978,0.35760773016582137
0.43375,0.509375,1.375,0.8654368859493238,1.2118077403427894,True,-1.0292288144782618,-1.4411535540231437,0.41192473954488196
0.43375,0.509375,1.5,0.8654368859493238,1.2586730298616062,True,-1.0396079892182744,-1.511983784031039,0.4723757948127647
0.43375,0.509375,1.625,0.8654368859493238,1.3103831310797205,True,-1.0501986323910801,-1.59013625893552,0.5399376265444398
0.43375,0.509375,1.75,0.8654368859493238,1.3677302585812383,True,-1.0610072732939433,-1.6768082985821269,0.6158010252881836
0.43375,0.509375,1.875,0.8654368859493238,1.4316893060003202,True,-1.0720407128173894,-1.7734733162592398,0.7014326034418503
0.43375,0.509375,2.0,0.8654368859493238,1.5034737228325303,True,-1.0833060377151218,-1.881965268563654,0.7986592308485323
0.43375,0.51875,0.0,0.8527329761177445,0.8885610169114968,True,-0.9466229341430015,-0.9863958127001149,0.03977287855711342
0.43375,0.51875,0.125,0.8527329761177445,0.9111985156274808,True,-0.9506018951168911,-1.0157775763835115,0.06517568126662043
0.43375,0.51875,0.25,0.8527329761177445,0.9352260245284555,True,-0.9546144469922927,-1.0469634683094018,0.09234902131710909
0.43375,0.51875,0.375,0.8527329761177445,0.9607756248865543,True,-0.958661016940405,-1.080124919993851,0.12146390305344601
0.43375,0.51875,0.5,0.8527329761177445,0.987996679481157,True,-0.9627420394063027,-1.115455793044182,0.1527137536378793
0.43375,0.51875,0.625,0.8527329761177445,1.0170587545658585,True,-0.966857956264422,-1.1531761716514222,0.18631821538700022
0.43375,0.51875,0.75,0.8527329761177445,1.0481551554426278,True,-0.9710092169780538,-1.1935369514985472,0.22252773452049346
0.43375,0.51875,0.875,0.8527329761177445,1.0815072314278988,True,-0.9751962787629616,-1.2368254272813424,0.2616291485183808
0.43375,0.51875,1.0,0.8527329761177445,1.1173696528977763,True,-0.9794196067552506,-1.2833721419145414,0.30395253515929077
0.43375,0.51875,1.125,0.8527329761177445,1.156036926509385,True,-0.9836796741836205,-1.33355934279709,0.34987966861346953
0.43375,0.51875,1.25,0.8527329761177445,1.1978515013306599,True,-0.9879769625461297,-1.3878315029564157,0.399854540410286
0.43375,0.51875,1.375,0.8527329761177445,1.2432139383247034,True,-0.9923119617916155,-1.4467085202710925,0.454396558479477
0.43375,0.51875,1.5,0.8527329761177445,1.2925957830820531,True,-0.996685170505911,-1.5108024253051393,0.5141172547992283
0.43375,0.51875,1.625,0.8527329761177445,1.3465560190026427,True,-1.0010970961030077,-1.5808387362956127,0.579741640192605
0.43375,0.51875,1.75,0.8527329761177445,1.4057623192587354,True,-1.0055482550213173,-1.6576840425954844,0.6521357875741671
0.43375,0.51875,1.875,0.8527329761177445,1.4710188138671718,True,-1.0100391729251943,-1.7423820442363693,0.732342871311175
0.43375,0.51875,2.0,0.8527329761177445,1.5433028275298395,True,-1.0145703849118806,-1.836201234870903,0.8216308499590224
0.43375,0.528125,0.0,0.8403713353849329,0.8901002259611303,True,-0.9652521380906921,-1.0223708378040344,0.05711869971334227
0.43375,0.528125,0.125,0.8403713353849329,0.9151365360670808,True,-0.9647971658141498,-1.0506321421899463,0.08583497637579651
0.43375,0.528125,0.25,0.8403713353849329,0.9415963488290642,True,-0.9643426222385465,-1.0805003144284315,0.11615769218988503
0.43375,0.528125,0.375,0.8403713353849329,0.9696046218977153,True,-0.9638885067582472,-1.1121164083003776,0.1482279015421304
0.43375,0.528125,0.5,0.8403713353849329,0.9993013791158555,True,-0.9634348187687581,-1.1456384844955003,0.18220366572674218
0.43375,0.528125,0.625,0.8403713353849329,1.0308440517603668,True,-0.9629815576667222,-1.1812442534358616,0.21826269576913937
0.43375,0.528125,0.75,0.8403713353849329,1.0644102703746565,True,-0.9625287228499179,-1.2191342267317684,0.25660550388185055
0.43375,0.528125,0.875,0.8403713353849329,1.100201211717555,True,-0.9620763137172553,-1.2595354952601356,0.2974591815428803
0.43375,0.528125,1.0,0.8403713353849329,1.1384456340156002,True,-0.9616243296687745,-1.3027062842084445,0.34108195453966994
0.43375,0.528125,1.125,0.8403713353849329,1.1794047715218574,True,-0.9611727701056427,-1.3489414781148197,0.38776870800917695
0.43375,0.528125,1.25,0.8403713353849329,1.2233783097245678,True,-0.9607216344301506,-1.3985793657593313,0.4378577313291807
0.43375,0.528125,1.375,0.8403713353849329,1.2707117301975144,True,-0.9602709220457115,-1.4520099311242476,0.49173900907853607
0.43375,0.528125,1.5,0.8403713353849329,1.3218054059162496,True,-0.9598206323568567,-1.509685120302347,0.5498644879454903
0.43375,0.528125,1.625,0.8403713353849329,1.3771259538834228,True,-0.9593707647692348,-1.5721316564843757,0.6127608917151409
0.43375,0.528125,1.75,0.8403713353849329,1.4372205268636753,True,-0.9589213186896074,-1.6399671726506597,0.6810458539610523
0.43375,0.528125,1.875,0.8403713353849329,1.5027349719923013,True,-0.9584722935258477,-1.7139207092388713,0.7554484157130236
0.43375,0.528125,2.0,0.8403713353849329,1.5744371345242807,True,-0.9580236886869379,-1.7948590197114989,0.836835331024561
0.43375,0.5375,0.0,0.8283913014484486,0.892178968968658,True,-0.983276106755437,-1.0589901917157858,0.07571408496034882
0.43375,0.5375,0.125,0.8283913014484486,0.9194563751417174,True,-0.9784060270145594,-1.0859622227353856,0.1075561957208262
0.43375,0.5375,0.25,0.8283913014484486,0.948159583831542,True,-0.9735839516621146,-1.114344094172583,0.14076014251046842
0.43375,0.5375,0.375,0.8283913014484486,0.9784033861563933,True,-0.9688091744099758,-1.1442493120397494,0.17544013762977362
0.43375,0.5375,0.5,0.8283913014484486,1.0103152354637313,True,-0.9640810027578764,-1.1758039028226666,0.2117229000647901
0.43375,0.5375,0.625,0.8283913014484486,1.0440370427528627,True,-0.9593987576585944,-1.2091481888031177,0.2497494311445233
0.43375,0.5375,0.75,0.8283913014484486,1.0797272865091567,True,-0.9547617731928434,-1.2444388742731531,0.28967710108030975
0.43375,0.5375,0.875,0.8283913014484486,1.1175635031167992,True,-0.9501693962535481,-1.2818515080672543,0.3316821118137062
0.43375,0.5375,1.0,0.8283913014484486,1.157745240424198,True,-0.9456209862391881,-1.3215834040620782,0.3759624178228901
0.43375,0.5375,1.125,0.8283913014484486,1.2004975781666465,True,-0.941115914755906,-1.3638571221873963,0.42274120743149035
0.43375,0.5375,1.25,0.8283913014484486,1.2460753463655203,True,-0.9366535653280909,-1.4089246395996013,0.4722710742715105
0.43375,0.5375,1.375,0.8283913014484486,1.2947682086695866,True,-0.9322333331171583,-1.4570723771141567,0.5248390439969984
0.43375,0.5375,1.5,0.8283913014484486,1.3469068248653542,True,-0.9278546246482525,-1.5086272927256037,0.5807726680773512
0.43375,0.5375,1.625,0.8283913014484486,1.4028703696467784,True,-0.9235168575446172,-1.5639643162033767,0.6404474586587595
0.43375,0.5375,1.75,0.8283913014484486,1.4630957691409185,True,-0.9192194602693818,-1.623515482212998,0.7042960219436162
0.43375,0.5375,1.875,0.8283913014484486,1.5280891311629177,True,-0.9149618718745237,-1.6877812326074322,0.7728193607329085
0.43375,0.5375,2.0,0.8283913014484486,1.5984400021147147,True,-0.9107435417567742,-1.7573445137174155,0.8466009719606413
0.43375,0.546875,0.0,0.8168269025187479,0.8948209389006937,True,-1.0007026184806282,-1.0962538744353685,0.09555125595474023
0.43375,0.546875,0.125,0.8168269025187479,0.9241878829403694,True,-0.991448249095222,-1.1217608719189052,0.13031262282368317
0.43375,0.546875,0.25,0.8168269025187479,0.954953967306938,True,-0.9823634777298316,-1.1484831088481589,0.16611963111832728
0.43375,0.546875,0.375,0.8168269025187479,0.9872216216995485,True,-0.973443684569205,-1.176509551718073,0.20306586714886798
0.43375,0.546875,0.5,0.8168269025187479,1.02110352428192,True,-0.9646844160787001,-1.2059380684455334,0.24125365236683327
0.43375,0.546875,0.625,0.8168269025187479,1.0567239163109619,True,-0.9560813775898457,-1.236876570205194,0.28079519261534835
0.43375,0.546875,0.75,0.8168269025187479,1.0942201244555425,True,-0.9476304262791284,-1.2694443336569798,0.3218139073778514
0.43375,0.546875,0.875,0.8168269025187479,1.1337443301209316,True,-0.9393275645158863,-1.303773537713208,0.36444597319732175
0.43375,0.546875,1.0,0.8168269025187479,1.1754656338364207,True,-0.9311689335568685,-1.3400110565862342,0.40884212302936573
0.43375,0.546875,1.125,0.8168269025187479,1.2195724737549452,True,-0.9231508075665634,-1.3783205604041529,0.4551697528375894
0.43375,0.546875,1.25,0.8168269025187479,1.2662754712161284,True,-0.9152695879438298,-1.4188849867573547,0.5036153988135249
0.43375,0.546875,1.375,0.8168269025187479,1.3158107940208719,True,-0.9075217979366793,-1.461909461909408,0.5543876639727287
0.43375,0.546875,1.5,0.8168269025187479,1.36844415074284,True,-0.8999040775282795,-1.5076247701023051,0.6077206925740256
0.43375,0.546875,1.625,0.8168269025187479,1.4244755586676845,True,-0.8924131785783725,-1.556291494804989,0.6638783162266165
0.43375,0.546875,1.75,0.8168269025187479,1.4842450660022837,True,-0.8850459602053529,-1.6082049888040972,0.7231590285987444
0.43375,0.546875,1.875,0.8168269025187479,1.5481396588654956,True,-0.8777993843952066,-1.6637013733503303,0.7859019889551238
0.43375,0.546875,2.0,0.8168269025187479,1.6166016494828495,True,-0.8706705118244189,-1.7231648238215642,0.8524943119971453
0.43375,0.55625,0.0,0.8057073659431553,0.8980498236693893,True,-1.0175410780199705,-1.1341618859627827,0.11662080794281215
0.43375,0.55625,0.125,0.8057073659431553,0.9293608642629988,True,-1.0039438552376376,-1.1580210984952137,0.1540772432575761
0.43375,0.55625,0.25,0.8057073659431553,0.9620175861559721,True,-0.9907052351126759,-1.182905728756144,0.19220049364346803
0.43375,0.55625,0.375,0.8057073659431553,0.9961086462290708,True,-0.9778112160146847,-1.2088833338538791,0.23107211783919446
0.43375,0.55625,0.5,0.8057073659431553,1.0317306641513782,True,-0.9652485158725449,-1.236027538592187,0.27077902271964216
0.43375,0.55625,0.625,0.8057073659431553,1.0689891368949764,True,-0.9530045265370746,-1.2644187323363112,0.3114142057992366
0.43375,0.55625,0.75,0.8057073659431553,1.1079994822495411,True,-0.9410672715735781,-1.2941448641777442,0.35307759260416616
0.43375,0.55625,0.875,0.8057073659431553,1.1488882330772172,True,-0.929425367187278,-1.3253023529640562,0.3958769857767782
0.43375,0.55625,1.0,0.8057073659431553,1.191794408338775,True,-0.9180679860136431,-1.3579971320295654,0.43992914601592226
0.43375,0.55625,1.125,0.8057073659431553,1.2368710921894042,True,-0.9069848235315134,-1.3923458524763994,0.485361028944886
0.43375,0.55625,1.25,0.8057073659431553,1.2842872589400345,True,-0.8961660668800264,-1.4284772738066567,0.5323112069266303
0.43375,0.55625,1.375,0.8057073659431553,1.334229889735565,True,-0.8856023658809935,-1.4665338768447078,0.5809315109637143
0.43375,0.55625,1.5,0.8057073659431553,1.3869064368412012,True,-0.8752848060868711,-1.5066737415390967,0.6313889354522256
0.43375,0.55625,1.625,0.8057073659431553,1.4425477040106862,True,-0.8652048836910352,-1.5490727418214918,0.6838678581304566
0.43375,0.55625,1.75,0.8057073659431553,1.5014112272718212,True,-0.8553544821519432,-1.5939271217868056,0.7385726396348624
0.43375,0.55625,1.875,0.8057073659431553,1.5637852605830982,True,-0.8457258503961302,-1.6414565327889565,0.7957306823928263
0.43375,0.55625,2.0,0.8057073659431553,1.6299934964988387,True,-0.8363115824770174,-1.6919076306177974,0.8555960481407799
0.43375,0.565625,0.0,0.7950576140980401,0.90188946404815,True,-1.0338022695091178,-1.1727142262980281,0.13891195678891033
0.43375,0.565625,0.125,0.7950576140980401,0.9350051584780521,True,-1.0159129508370137,-1.19473586914185,0.1788229183048362
0.43375,0.565625,0.25,0.7950576140980401,0.9693883712803615,True,-0.9986322283087762,-1.2176004004521728,0.2189681721433966
0.43375,0.565625,0.375,0.7950576140980401,1.0051132945935235,True,-0.9819295646262253,-1.2413571573424949,0.2594275927162696
0.43375,0.565625,0.5,0.7950576140980401,1.0422600260683372,True,-0.9657764318940885,-1.2660594040396094,0.3002829721455209
0.43375,0.565625,0.625,0.7950576140980401,1.0809151683782265,True,-0.9501461490174848,-1.291764730552613,0.34161858153512814
0.43375,0.565625,0.75,0.7950576140980401,1.1211725032756767,True,-0.9350137346374501,-1.318535500914453,0.38352176627700296
0.43375,0.565625,0.875,0.7950576140980401,1.1631337512380662,True,-0.9203557738994047,-1.3464393583396626,0.42608358444025785
0.43375,0.565625,1.0,0.7950576140980401,1.2069094296561684,True,-0.9061502975600084,-1.375549795912096,0.4693994983520875
0.43375,0.565625,1.125,0.7950576140980401,1.2526198248085525,True,-0.8923766721195822,-1.4059468029392785,0.5135701308196964
0.43375,0.565625,1.25,0.7950576140980401,1.3003960956207776,True,-0.87901549982453,-1.4377175989424726,0.5587020991179427
0.43375,0.565625,1.375,0.7950576140980401,1.3503815305373201,True,-0.8660485275205656,-1.4709574694653524,0.6049089419447868
0.43375,0.565625,1.5,0.7950576140980401,1.402732982872345,True,-0.8534585634560806,-1.5057707205695265,0.6523121571134459
0.43375,0.565625,1.625,0.7950576140980401,1.4576225149245825,True,-0.8412294012382324,-1.5422717721563366,0.7010423709181042
0.43375,0.565625,1.75,0.7950576140980401,1.5152392871605798,True,-0.8293457502344516,-1.5805864142569495,0.7512406640224979
0.43375,0.565625,1.875,0.7950576140980401,1.575791736169668,True,-0.8177931717908867,-1.62085325535308,0.8030600835621932
0.43375,0.565625,2.0,0.7950576140980401,1.6395100942338852,True,-0.8065580207083787,-1.6632253978686218,0.8566673771602431
0.43375,0.575,0.0,0.7848987419226522,0.906364013627682,True,-1.0494981297269652,-1.2119108954411046,0.16241276571413943
0.43375,0.575,0.125,0.7848987419226522,0.9411507320959619,True,-1.027375578562001,-1.231898111510063,0.204522532948062
0.43375,0.575,0.25,0.7848987419226522,0.9771041186494358,True,-1.0061664238604928,-1.252555653730101,0.2463892298696082
0.43375,0.575,0.375,0.7848987419226522,1.0142838653819073,True,-0.9858152412977786,-1.273917819063651,0.28810257776587245
0.43375,0.575,0.5,0.7848987419226522,1.0527538072043365,True,-0.9662710017998679,-1.2960212847891195,0.3297502829892516
0.43375,0.575,0.625,0.7848987419226522,1.0925822875964273,True,-0.9474866443239567,-1.3189053186487916,0.3714186743248349
0.43375,0.575,0.75,0.7848987419226522,1.1338425638034726,True,-0.9294186975197103,-1.3426120116605826,0.41319331414087235
0.43375,0.575,0.875,0.7848987419226522,1.176613256532372,True,-0.9120269438685397,-1.3671865364974405,0.4551595926289008
0.43375,0.575,1.0,0.7848987419226522,1.2209788499545566,True,-0.8952741208389928,-1.3926774347713131,0.4974033139323203
0.43375,0.575,1.125,0.7848987419226522,1.2670302487063059,True,-0.8791256543845175,-1.4191369370657956,0.5400112826812781
0.43375,0.575,1.25,0.7848987419226522,1.314865399613506,True,-0.8635494207723415,-1.446621320157154,0.5830718993848125
0.43375,0.575,1.375,0.7848987419226522,1.36458998708878,True,-0.8485155332908624,-1.4751913065648794,0.626675773274017
0.43375,0.575,1.5,0.7848987419226522,1.4163182125910954,True,-0.8339961508555923,-1.5049125124015648,0.6709163615459725
0.43375,0.575,1.625,0.7848987419226522,1.4701736702470833,True,-0.8199653059347615,-1.5358559504738967,0.7158906445391352
0.43375,0.575,1.75,0.7848987419226522,1.5262903327653154,True,-0.8063987495570382,-1.5680985967540702,0.761699847197032
0.43375,0.575,1.875,0.7848987419226522,1.584813664198956,True,-0.7932738114551641,-1.6017240297337874,0.8084502182786233
0.43375,0.575,2.0,0.7848987419226522,1.6459018790145017,True,-0.780569273648662,-1.6368231538405524,0.8562538801918904
0.43375,0.584375,0.0,0.7752484720116998,0.9114981004344612,True,-1.064641541466038,-1.251751893392013,0.18711035192597514
0.43375,0.584375,0.125,0.7752484720116998,0.9478277826107221,True,-1.0383515964900345,-1.2695007172572663,0.23114912076723182
0.43375,0.584375,0.25,0.7752484720116998,0.9852025337109598,True,-1.0133287543805827,-1.2877601083267332,0.2744313539461505
0.43375,0.584375,0.375,0.7752484720116998,1.0236681058737374,True,-0.9894835644781173,-1.3065524187543605,0.3170688542762432
0.43375,0.584375,0.5,0.7752484720116998,1.063272961435284,True,-0.9667348021992316,-1.325901324758003,0.35916652255877135
0.43375,0.584375,0.625,0.7752484720116998,1.1040684766243987,True,-0.9450085446784764,-1.3458319261343341,0.4008233814558577
0.43375,0.584375,0.75,0.7752484720116998,1.146109163909058,True,-0.9242373683138606,-1.3663708548860198,0.44213348657215923
0.43375,0.584375,0.875,0.7752484720116998,1.1894529150181192,True,-0.9043596498634453,-1.387546393949689,0.48318674408624374
0.43375,0.584375,1.0,0.7752484720116998,1.2341612669163453,True,-0.8853189558316272,-1.4093886071377222,0.524069651306095
0.43375,0.584375,1.125,0.7752484720116998,1.2802996933024473,True,-0.8670635074012651,-1.431929481549279,0.5648659741480138
0.43375,0.584375,1.25,0.7752484720116998,1.327937924533991,True,-0.8495457102275602,-1.45520308386924,0.6056573736416798
0.43375,0.584375,1.375,0.7752484720116998,1.3771502992668074,True,-0.8327217401022725,-1.4792457321612293,0.6465239920589568
0.43375,0.584375,1.5,0.7752484720116998,1.4280161515384124,True,-0.8165511768936747,-1.5040961849767684,0.6875450080830937
0.43375,0.584375,1.625,0.7752484720116998,1.4806202375347117,True,-0.8009966803250109,-1.5297958498516524,0.7287991695266415
0.43375,0.584375,1.75,0.7752484720116998,1.5350532068688336,True,-0.7860237021168647,-1.5563890135486735,0.7703653114318089
0.43375,0.584375,1.875,0.7752484720116998,1.591412123884329,True,-0.771600229822516,-1.583923096739693,0.8123228669171769
0.43375,0.584375,2.0,0.7752484720116998,1.649801045289185,True,-0.7576965583586939,-1.612448936208062,0.8547523778493682
0.43375,0.59375,0.0,0.7661215845026209,0.9173169900617131,True,-1.0792461465131624,-1.2922372201507526,0.21299107363759018
0.43375,0.59375,0.125,0.7661215845026209,0.955066852363234,True,-1.0488605768454702,-1.307536545059007,0.2586759682135369
0.43375,0.59375,0.25,0.7661215845026209,0.9937212964940584,True,-1.0201391320050819,-1.3232024803459188,0.3030633483408369
0.43375,0.59375,0.375,0.7661215845026209,1.033313230828197,True,-0.9929487472178834,-1.3392483631702345,0.34629961595235115
0.43375,0.59375,0.5,0.7661215845026209,1.0738771795947575,True,-0.9671701760252074,-1.3556881855670542,0.3885180095418468
0.43375,0.59375,0.625,0.7661215845026209,1.1154493832869266,True,-0.9426962419434173,-1.3725366351417432,0.4298403931983259
0.43375,0.59375,0.75,0.7661215845026209,1.1580679066524462,True,-0.9194303490194075,-1.389809138836488,0.4703787898170805
0.43375,0.59375,0.875,0.7661215845026209,1.201772754941964,True,-0.8972852076321559,-1.4075219100436127,0.5102367024114568
0.43375,0.59375,1.0,0.7661215845026209,1.2466059991614729,True,-0.8761817401033636,-1.425691999368091,0.5495102592647274
0.43375,0.59375,1.125,0.7661215845026209,1.2926119111531416,True,-0.8560481371946045,-1.4443373493733211,0.5882892121787167
0.43375,0.59375,1.25,0.7661215845026209,1.3398371094162111,True,-0.8368190417658252,-1.463476853679654,0.6266578119138289
0.43375,0.59375,1.375,0.7661215845026209,1.3883307166775853,True,-0.8184348400398122,-1.4831304208248557,0.6646955807850435
0.43375,0.59375,1.5,0.7661215845026209,1.4381445303316855,True,-0.8008410442802749,-1.5033190433402448,0.7024779990599699
0.43375,0.59375,1.625,0.7661215845026209,1.4893332069927434,True,-0.7839877534172773,-1.5240648725463437,0.7400771191290664
0.43375,0.59375,1.75,0.7661215845026209,1.5419544625418764,True,-0.7678291803741433,-1.5453912996282788,0.7775621192541355
0.43375,0.59375,1.875,0.7661215845026209,1.5960692892082124,True,-0.7523232366668092,-1.5673230436147674,0.8149998069479581
0.43375,0.59375,2.0,0.7661215845026209,1.6517421914006423,True,-0.7374311663397527,-1.5898862469563897,0.852455080616637
0.43375,0.603125,0.0,0.7575303200992766,0.9238467503662833,True,-1.093326177497999,-1.3333668757173238,0.24004069821932483
0.43375,0.603125,0.125,0.7575303200992766,0.9628989513880447,True,-1.0589217230030536,-1.3459984235984586,0.2870767005954049
0.43375,0.603125,0.25,0.7575303200992766,1.0026981449929124,True,-1.0266164692489856,-1.3588715884008806,0.332255119151895
0.43375,0.603125,0.375,0.7575303200992766,1.043265970914809,True,-0.9962239787281291,-1.371993369559398,0.3757693908312689
0.43375,0.603125,0.5,0.7575303200992766,1.084624912883625,True,-0.9675792567035045,-1.3853710395017673,0.4177917827982628
0.43375,0.603125,0.625,0.7575303200992766,1.126798340177438,True,-0.9405357546190837,-1.3990121570888787,0.45847640246979504
0.43375,0.603125,0.75,0.7575303200992766,1.1698105516540198,True,-0.9149628623684481,-1.4129245818568754,0.49796171948842727
0.43375,0.603125,0.875,0.7575303200992766,1.2136868224359492,True,-0.8907437988412829,-1.427116489117589,0.5363726902763061
0.43375,0.603125,1.0,0.7575303200992766,1.258453453437801,True,-0.8677738288538458,-1.4415963859782521,0.5738225571244063
0.43375,0.603125,1.125,0.7575303200992766,1.3041378239393362,True,-0.8459587490283467,-1.45637312834645,0.6104143793181034
0.43375,0.603125,1.25,0.7575303200992766,1.3507684474255117,True,-0.8252135964538503,-1.4714559389917343,0.646242342537884
0.43375,0.603125,1.375,0.7575303200992766,1.3983750309326146,True,-0.8054615428017039,-1.4868544267413013,0.6813928839395974
0.43375,0.603125,1.5,0.7575303200992766,1.4469885381600802,True,-0.7866329435489838,-1.502578606893694,0.7159456633447101
0.43375,0.603125,1.625,0.7575303200992766,1.4966412566297271,True,-0.7686645175089045,-1.5186389229416515,0.749974405432747
0.43375,0.603125,1.75,0.7575303200992766,1.5473668691985232,True,-0.7514986362980061,-1.5350462697031206,0.7835476334051146
0.43375,0.603125,1.875,0.7575303200992766,1.599200530257713,True,-0.7350827069297107,-1.551812017968086,0.8167293110383754
0.43375,0.603125,2.0,0.7575303200992766,1.6521789469805623,True,-0.7193686335987234,-1.5689480407783876,0.8495794071796642
0.43375,0.6125,0.0,0.7494847554831042,0.9311144179650853,True,-1.1068963076880636,-1.3751408600917265,0.26824455240366296
0.43375,0.6125,0.125,0.7494847554831042,0.971355688413205,True,-1.0685538025759225,-1.3848791545314916,0.3163253519555691
0.43375,0.6125,0.25,0.7494847554831042,1.012170974686565,True,-1.0327787055569109,-1.394756359474256,0.36197765391734515
0.43375,0.6125,0.375,0.7494847554831042,1.0535726469609632,True,-0.9993215005484934,-1.4047754684739717,0.4054539679254783
0.43375,0.6125,0.5,0.7494847554831042,1.0955734334242022,True,-0.967963989530652,-1.4149395617226688,0.4469755721920168
0.43375,0.6125,0.625,0.7494847554831042,1.1381864333222584,True,-0.9385145284220443,-1.4252518092075974,0.4867372807855531
0.43375,0.6125,0.75,0.7494847554831042,1.1814251305801335,True,-0.9108041069444573,-1.435715474007443,0.5249113670629856
0.43375,0.6125,0.875,0.7494847554831042,1.2253034080271368,True,-0.8846831030420329,-1.4463339157348112,0.5616508126927783
0.43375,0.6125,1.0,0.7494847554831042,1.269835562258127,True,-0.8600185802115135,-1.4571105941326146,0.5970920139211011
0.43375,0.6125,1.125,0.7494847554831042,1.3150363191641303,True,-0.8366920246646794,-1.4680490728324462,0.6313570481677668
0.43375,0.6125,1.25,0.7494847554831042,1.3609208501677752,True,-0.8145974410202261,-1.479153023283516,0.6645555822632898
0.43375,0.6125,1.375,0.7494847554831042,1.407504789201151,True,-0.793639741956176,-1.4904262288612558,0.6967864869050797
0.43375,0.6125,1.5,0.7494847554831042,1.4548042504659922,True,-0.7737333802102473,-1.501872589165241,0.7281392089549936
0.43375,0.6125,1.625,0.7494847554831042,1.5028358470185839,True,-0.7548011814187141,-1.5134961245166951,0.758694943097981
0.43375,0.6125,1.75,0.7494847554831042,1.5516167102244072,True,-0.736773344215667,-1.5253009806664697,0.7885276364508027
0.43375,0.6125,1.875,0.7494847554831042,1.6011645101303849,True,-0.7195865802808032,-1.5372914337250787,0.8177048534442755
0.43375,0.6125,2.0,0.7494847554831042,1.6514974768056303,True,-0.7031833720045468,-1.5494718953271138,0.846288523322567
0.43375,0.621875,0.0,0.7419931510952639,0.9391481669245058,True,-1.1199715176850193,-1.4175591732739599,0.2975876555889405
0.43375,0.621875,0.125,0.7419931510952639,0.9804694093867604,True,-1.0777750945759546,-1.4241715154254488,0.3463964208494943
0.43375,0.621875,0.25,0.7419931510952639,1.022177952330165,True,-1.0386428381173354,-1.4308458344959318,0.39220299637859646
0.43375,0.621875,0.375,0.7419931510952639,1.0642792665951426,True,-1.002252677489896,-1.4375830059447745,0.4353303284548784
0.43375,0.621875,0.5,0.7419931510952639,1.106778926547896,True,-0.9683261506151644,-1.4443839217978311,0.4760577711826668
0.43375,0.621875,0.625,0.7419931510952639,1.1496826125408464,True,-0.9366212649795802,-1.4512494910411706,0.5146282260615904
0.43375,0.621875,0.75,0.7419931510952639,1.1929961134435763,True,-0.9069267164969992,-1.4581806400260857,0.5512539235290865
0.43375,0.621875,0.875,0.7419931510952639,1.2367253292466482,True,-0.8790571742852458,-1.4651783128857618,0.5861211386005161
0.43375,0.621875,1.0,0.7419931510952639,1.2808762737407582,True,-0.8528494089063731,-1.4722434719640043,0.6193940630576312
0.43375,0.621875,1.125,0.7419931510952639,1.325455077273779,True,-0.8281590931404477,-1.479377098256428,0.6512180051159804
0.43375,0.621875,1.25,0.7419931510952639,1.3704679895883463,True,-0.8048581428368065,-1.486580191864535,0.6817220490277285
0.43375,0.621875,1.375,0.7419931510952639,1.4159213827427481,True,-0.7828324943849272,-1.493853772463124,0.7110212780781968
0.43375,0.621875,1.5,0.7419931510952639,1.4618217541179868,True,-0.7619802373934603,-1.5011988797814901,0.7392186423880298
0.43375,0.621875,1.625,0.7419931510952639,1.5081757295139884,True,-0.7422100380642634,-1.508616574098888,0.7664065360346245
0.43375,0.621875,1.75,0.7419931510952639,1.5549900663380618,True,-0.7234398018004016,-1.5161079367547565,0.792668134954355
0.43375,0.621875,1.875,0.7419931510952639,1.6022716568888329,True,-0.705595533741727,-1.5236740706742267,0.8180785369324997
0.43375,0.621875,2.0,0.7419931510952639,1.6500275317389983,True,-0.6886103638763007,-1.5313161009094365,0.8427057370331358
0.43375,0.6312500000000001,0.0,0.73506227184983,0.9479774801776997,True,-1.1325669778992435,-1.4606218152640258,0.32805483736478225
0.43375,0.6312500000000001,0.125,0.73506227184983,0.9902733430997316,True,-1.0866033488074676,-1.4638682626698107,0.3772649138623432
0.43375,0.6312500000000001,0.25,0.73506227184983,1.032757642436276,True,-1.0442249557490266,-1.4671291736393297,0.4229042178903031
0.43375,0.6312500000000001,0.375,0.73506227184983,1.0754316402808788,True,-1.0050280635627746,-1.4704046450454211,0.4653765814826465
0.43375,0.6312500000000001,0.5,0.73506227184983,1.1182966100231662,True,-0.9686673636870036,-1.473694774627963,0.5050274109409594
0.43375,0.6312500000000001,0.625,0.73506227184983,1.161353836475502,True,-0.9348457741643931,-1.4769996610035916,0.5421538868391985
0.43375,0.6312500000000001,0.75,0.73506227184983,1.2046046160013617,True,-0.903306304388187,-1.480319403675558,0.577013099287371
0.43375,0.6312500000000001,0.875,0.73506227184983,1.2480502566454352,True,-0.8738255128875473,-1.4836541030437118,0.6098285901561645
0.43375,0.6312500000000001,1.0,0.73506227184983,1.2916920782654964,True,-0.8462082057153996,-1.487003860414624,0.6407956546992245
0.43375,0.6312500000000001,1.125,0.73506227184983,1.3355314126660598,True,-0.8202831093822938,-1.4903687780118464,0.6700856686295527
0.43375,0.6312500000000001,1.25,0.73506227184983,1.3795696037338592,True,-0.7958993155503127,-1.4937489589863089,0.6978496434359962
0.43375,0.6312500000000001,1.375,0.73506227184983,1.4238080075751711,True,-0.7729233415331677,-1.4971445074268608,0.7242211658936931
0.43375,0.6312500000000001,1.5,0.73506227184983,1.4682479926550172,True,-0.7512366856546011,-1.500555528370955,0.749318842716354
0.43375,0.6312500000000001,1.625,0.73506227184983,1.5128909399382744,True,-0.7307337829246917,-1.5039821278154797,0.773248344890788
0.43375,0.6312500000000001,1.75,0.73506227184983,1.5577382430327207,True,-0.711320286586988,-1.507424412727737,0.796104126140749
0.43375,0.6312500000000001,1.875,0.73506227184983,1.6027913083340515,True,-0.6929116165026694,-1.5108824910565746,0.8179708745539052
0.43375,0.6312500000000001,2.0,0.73506227184983,1.648051555172899,True,-0.6754317272517688,-1.51435647174367,0.8389247444919011
0.43375,0.640625,0.0,0.7286976817796443,0.9576333243308872,True,-1.1446979456397268,-1.5043287860619219,0.35963084042219506
0.43375,0.640625,0.125,0.7286976817796443,1.000801753662397,True,-1.0950557558275338,-1.5039621343569802,0.40890637852944645
0.43375,0.640625,0.25,0.7286976817796443,1.0439491451442309,True,-1.049540274875237,-1.5035956613373316,0.45405538646209465
0.43375,0.640625,0.375,0.7286976817796443,1.0870755141516277,True,-1.0076574631320427,-1.5032293668723864,0.49557190374034366
0.43375,0.640625,0.5,0.7286976817796443,1.1301808760448497,True,-0.9689891150391471,-1.5028632508316822,0.5338741357925351
0.43375,0.640625,0.625,0.7286976817796443,1.1732652461691961,True,-0.9331788463861209,-1.502497313084883,0.5693184666987622
0.43375,0.640625,0.75,0.7286976817796443,1.2163286398550257,True,-0.8999210779870056,-1.5021315535017803,0.6022104755147747
0.43375,0.640625,0.875,0.7286976817796443,1.2593710724177725,True,-0.8689522939702442,-1.5017659719522924,0.6328136779820482
0.43375,0.640625,1.0,0.7286976817796443,1.3023925591579644,True,-0.8400440449804996,-1.5014005683064644,0.6613565233259648
0.43375,0.640625,1.125,0.7286976817796443,1.3453931153612413,True,-0.8129973030281353,-1.5010353424344662,0.6880380394063309
0.43375,0.640625,1.25,0.7286976817796443,1.388372756298374,True,-0.787637872857333,-1.5006702942065966,0.7130324213492636
0.43375,0.640625,1.375,0.7286976817796443,1.431331497225282,True,-0.7638126361226205,-1.500305423493279,0.7364927873706584
0.43375,0.640625,1.5,0.7286976817796443,1.4742693533830493,True,-0.7413864572101434,-1.4999407301650625,0.7585542729549191
0.43375,0.640625,1.625,0.7286976817796443,1.5171863399979466,True,-0.7202396185973231,-1.4995762140926225,0.7793365954952994
0.43375,0.640625,1.75,0.7286976817796443,1.5600824722814453,True,-0.7002656829535046,-1.499211875146761,0.7989461921932564
0.43375,0.640625,1.875,0.7286976817796443,1.6029577654302387,True,-0.6813697013752863,-1.498847713198404,0.8174780118231176
0.43375,0.640625,2.0,0.7286976817796443,1.6458122346262565,True,-0.6634667040936849,-1.498483728118603,0.8350170240249181
0.43375,0.65,0.0,0.7229040139432148,0.9681483286333161,True,-1.156379675646883,-1.5486800856676501,0.3923004100207672
0.43375,0.65,0.125,0.7229040139432148,1.0120900997673512,True,-1.1031489259734661,-1.5444458531315244,0.44129692715805824
0.43375,0.65,0.25,0.7229040139432148,1.0557922444456955,True,-1.054603176778685,-1.540234711019589,0.4856315342409041
0.43375,0.65,0.375,0.7229040139432148,1.099256717460913,True,-1.010149987557819,-1.53604647096788,0.525896483410061
0.43375,0.65,0.5,0.7229040139432148,1.142485452401165,True,-0.9692927668296317,-1.5318809466556882,0.5625881798260565
0.43375,0.65,0.625,0.7229040139432148,1.1854803619369525,True,-0.9316121417945493,-1.5277379537779339,0.5961258119833845
0.43375,0.65,0.75,0.7229040139432148,1.2282433381032107,True,-0.8967515108417442,-1.5236173100179802,0.626865799176236
0.43375,0.65,0.875,0.7229040139432148,1.2707762525768564,True,-0.8644057227788697,-1.519518835020893,0.6551131122420233
0.43375,0.65,1.0,0.7229040139432148,1.313080956949863,True,-0.8343121208038073,-1.515442350367123,0.6811302295633157
0.43375,0.65,1.125,0.7229040139432148,1.3551592829979529,True,-0.806243394320032,-1.5113876795466166,0.7051442852265846
0.43375,0.65,1.25,0.7229040139432148,1.3970130429449927,True,-0.780001826704404,-1.5073546479333393,0.7273528212289353
0.43375,0.65,1.375,0.7229040139432148,1.4386440297231584,True,-0.7554146310051753,-1.5033430827602043,0.7479284517550291
0.43375,0.65,1.5,0.7229040139432148,1.4800540172289656,True,-0.732330140850067,-1.4993528130944045,0.7670226722443375
0.43375,0.65,1.625,0.7229040139432148,1.521244760575224,True,-0.7106146790502563,-1.4953836698131302,0.7847689907628739
0.43375,0.65,1.75,0.7229040139432148,1.562217996339012,True,-0.6901499672833927,-1.4914354855796774,0.8012855182962847
0.43375,0.65,1.875,0.7229040139432148,1.602975442805721,True,-0.6708309708327077,-1.4875080948199297,0.816677123987222
0.43375,0.65,2.0,0.7229040139432148,1.643518800209264,True,-0.6525640954555006,-1.483601333699213,0.8310372382437125
0.4475,0.5,0.0,0.8611532497637541,0.8907085537211975,True,-0.8736588154103804,-0.9036433179964618,0.02998450258608143
0.4475,0.5,0.125,0.8611532497637541,0.9040236672245513,True,-0.8904119709008244,-0.9347389625426508,0.04432699164182641
0.4475,0.5,0.25,0.8611532497637541,0.9182878223658371,True,-0.9078202001806356,-0.9680509653215524,0.06023076514091685
0.4475,0.5,0.375,0.8611532497637541,0.9336062339181574,True,-0.9259226909674956,-1.0038250411882892,0.07790235022079361
0.4475,0.5,0.5,0.8611532497637541,0.9501002661969575,True,-0.9447618202841462,-1.0423446200672635,0.09758279978311724
0.4475,0.5,0.625,0.8611532497637541,0.9679106552191986,True,-0.964383485650207,-1.0839383718685873,0.11955488621838029
0.4475,0.5,0.75,0.8611532497637541,0.9872015343893218,True,-0.9848374784202637,-1.1289896079325186,0.14415212951225487
0.4475,0.5,0.875,0.8611532497637541,1.0081655076260123,True,-1.0061779056611007,-1.1779481286300515,0.17177022296895084
0.4475,0.5,1.0,0.8611532497637541,1.0310301022980333,True,-1.0284636680937038,-1.2313452933207443,0.20288162522704045
0.4475,0.5,1.125,0.8611532497637541,1.0560660605924035,True,-1.0517590029893469,-1.2898133837203385,0.2380543807309916
0.4475,0.5,1.25,0.8611532497637541,1.0835981108376618,True,-1.0761341025571889,-1.3541107588676644,0.2779766563104755
0.4475,0.5,1.375,0.8611532497637541,1.1140191295677229,True,-1.10166582036085,-1.425154928707048,0.32348910834619793
0.4475,0.5,1.5,0.8611532497637541,1.1478090085577681,True,-1.1284384807389158,-1.5040666154957887,0.37562813475687284
0.4475,0.5,1.625,0.8611532497637541,1.1855601573458219,True,-1.1565448091881985,-1.5922293114899255,0.43568450230172706
0.4475,0.5,1.75,0.8611532497637541,1.2280125333968133,True,-1.186087005338439,-1.6913710871488614,0.5052840818104225
0.4475,0.5,1.875,0.8611532497637541,1.276102628391448,True,-1.2171779846827602,-1.803678991979636,0.5865010072968759
0.4475,0.5,2.0,0.8611532497637541,1.3310333588621521,True,-1.2499428208626615,-1.9319622746530654,0.6820194537904039
0.4475,0.509375,0.0,0.8501242873053393,0.8919287714924328,True,-0.8938909396510841,-0.9378476295253122,0.04395668987422807
0.4475,0.509375,0.125,0.8501242873053393,0.9081364002123274,True,-0.9063597579188154,-0.9682093549670311,0.06184959704821569
0.4475,0.509375,0.25,0.8501242873053393,0.9254285451126725,True,-0.9191813502438844,-1.0006027028673472,0.08142135262346284
0.4475,0.509375,0.375,0.8501242873053393,0.943917828043292,True,-0.9323709027436391,-1.0352386475607658,0.10286774481712668
0.4475,0.509375,0.5,0.8501242873053393,0.9637330236424105,True,-0.9459444858617219,-1.0723584223749503,0.1264139365132284
0.4475,0.509375,0.625,0.8501242873053393,0.9850220629261283,True,-0.9599191196897447,-1.1122391462501706,0.15232002656042587
0.4475,0.509375,0.75,0.8501242873053393,1.0079557329819706,True,-0.9743128451658529,-1.1552007543694236,0.18088790920357067
0.4475,0.509375,0.875,0.8501242873053393,1.0327322685438027,True,-0.9891448017764171,-1.2016145995485117,0.21246979777209463
0.4475,0.509375,1.0,0.8501242873053393,1.0595830967873197,True,-1.004435312464549,-1.2519142139524209,0.24747890148787177
0.4475,0.509375,1.125,0.8501242873053393,1.0887800880261962,True,-1.0202059765375215,-1.3066088918130334,0.28640291527551187
0.4475,0.509375,1.25,0.8501242873053393,1.1206447938857724,True,-1.0364797714662544,-1.3663009952853962,0.3298212238191418
0.4475,0.509375,1.375,0.8501242873053393,1.1555603389626425,True,-1.053281164585849,-1.431708231074963,0.37842706648911384
0.4475,0.509375,1.5,0.8501242873053393,1.1939868998667378,True,-1.0706362358391648,-1.5036926473028305,0.4330564114636657
0.4475,0.509375,1.625,0.8501242873053393,1.2364821010698737,True,-1.0885728128584728,-1.583298841016812,0.4947260281583392
0.4475,0.509375,1.75,0.8501242873053393,1.2837282515013604,True,-1.1071206198567676,-1.671804980463242,0.5646843606064744
0.4475,0.509375,1.875,0.8501242873053393,1.336569257157927,True,-1.1263114420043563,-1.7707919534212104,0.6444805114168541
0.4475,0.509375,2.0,0.8501242873053393,1.3960614725196705,True,-1.1461793072028403,-1.8822386270802445,0.7360593198774041
0.4475,0.51875,0.0,0.8392695677518524,0.8936033726675017,True,-0.9135449659292066,-0.9726873152621291,0.059142349332922506
0.4475,0.51875,0.125,0.8392695677518524,0.9125433883092652,True,-0.9216960060397307,-1.0021662033994994,0.08047019735976868
0.4475,0.51875,0.25,0.8392695677518524,0.9326673005031948,True,-0.9299938097919996,-1.033487748622673,0.10349393883067337
0.4475,0.51875,0.375,0.8392695677518524,0.954089694427525,True,-0.9384423770271365,-1.0668302952221334,0.12838791819499684
0.4475,0.51875,0.5,0.8392695677518524,0.9769404352883779,True,-0.9470458542656688,-1.102395969846381,0.1553501155807122
0.4475,0.51875,0.625,0.8392695677518524,1.0013673031648342,True,-0.9558085414933952,-1.1404147824649182,0.184606240971523
0.4475,0.51875,0.75,0.8392695677518524,1.0275391925430137,True,-0.9647348993274982,-1.1811496062325264,0.21641470690502818
0.4475,0.51875,0.875,0.8392695677518524,1.0556500229613635,True,-0.9738295565879872,-1.224902264151343,0.25107270756335576
0.4475,0.51875,1.0,0.8392695677518524,1.085923552249147,True,-0.98309731830148,-1.2720210205598714,0.2889237022583915
0.4475,0.51875,1.125,0.8392695677518524,1.118619345124016,True,-0.9925431741663989,-1.322909870862381,0.33036669669598207
0.4475,0.51875,1.25,0.8392695677518524,1.1540402341836502,True,-1.0021723075109152,-1.3780401540714782,0.37586784656056293
0.4475,0.51875,1.375,0.8392695677518524,1.192541727576077,True,-1.0119901047774342,-1.4379651952279582,0.42597509045052395
0.4475,0.51875,1.5,0.8392695677518524,1.2345439828572362,True,-1.0220021655700848,-1.503338941922249,0.4813367763521641
0.4475,0.51875,1.625,0.8392695677518524,1.2805472025918352,True,-1.0322143133045951,-1.5749399265341515,0.5427256132295564
0.4475,0.51875,1.75,0.8392695677518524,1.331151649543323,True,-1.0426326065031113,-1.653702418559079,0.6110698120559677
0.4475,0.51875,1.875,0.8392695677518524,1.387083983759399,True,-1.0532633507799922,-1.7407574165487312,0.687494065768739
0.4475,0.51875,2.0,0.8392695677518524,1.4492323806055298,True,-1.0641131115684066,-1.8374873070195819,0.7733741954511753
0.4475,0.528125,0.0,0.8286380627691026,0.8957576042686014,True,-0.9326202909885087,-1.0081623752069118,0.07554208421840303
0.4475,0.528125,0.125,0.8286380627691026,0.9172742405002418,True,-0.9364359792201723,-1.0366028791217048,0.10016689990153249
0.4475,0.528125,0.25,0.8286380627691026,0.940040096525602,True,-0.9402830184521171,-1.0666945909693382,0.12641157251722102
0.4475,0.528125,0.375,0.8286380627691026,0.964167216293987,True,-0.9441617966640511,-1.098585609474191,0.15442381281013995
0.4475,0.528125,0.5,0.8286380627691026,0.9897814558278553,True,-0.9480727082640473,-1.1324422900396314,0.18436958177558405
0.4475,0.528125,0.625,0.8286380627691026,1.017024679232226,True,-0.9520161542222366,-1.1684521474142808,0.2164359931920442
0.4475,0.528125,0.75,0.8286380627691026,1.0460573874420265,True,-0.9559925422078495,-1.2068273303475532,0.2508347881397037
0.4475,0.528125,0.875,0.8286380627691026,1.0770618825718636,True,-0.9600022867297074,-1.2478088041998483,0.28780651747014085
0.4475,0.528125,1.0,0.8286380627691026,1.110246099659605,True,-0.9640458092802642,-1.2916714157081204,0.3276256064278562
0.4475,0.528125,1.125,0.8286380627691026,1.145848276006924,True,-0.9681235384833033,-1.3387300648798766,0.3706065263965732
0.4475,0.528125,1.25,0.8286380627691026,1.184142679802852,True,-0.9722359102453993,-1.3893472770383093,0.41711136679290994
0.4475,0.528125,1.375,0.8286380627691026,1.2254466894067246,True,-0.9763833679112556,-1.4439425601573395,0.4675591922460839
0.4475,0.528125,1.5,0.8286380627691026,1.2701296100121133,True,-0.9805663624230356,-1.5030040586518492,0.5224376962288135
0.4475,0.528125,1.625,0.8286380627691026,1.3186237463545367,True,-0.9847853524838082,-1.5671031891870892,0.5823178367032811
0.4475,0.528125,1.75,0.8286380627691026,1.371438434965379,True,-0.9890408047252284,-1.636913188390702,0.6478723836654736
0.4475,0.528125,1.875,0.8286380627691026,1.4291780018759788,True,-0.9933331938795862,-1.7132328491908684,0.7198996553112822
0.4475,0.528125,2.0,0.8286380627691026,1.4925649895703477,True,-0.9976630029563548,-1.797017222001785,0.7993542190454302
0.4475,0.5375,0.0,0.8182734322657411,0.898416459492284,True,-0.9511187010302726,-1.044272809359661,0.09315410832938831
0.4475,0.5375,0.125,0.8182734322657411,0.922358620114459,True,-0.9505959583607941,-1.0715127020710835,0.12091674371028938
0.4475,0.5375,0.25,0.8182734322657411,0.9475832994751172,True,-0.950073789983031,-1.1002117643782654,0.15013797439523435
0.4475,0.5375,0.375,0.8182734322657411,0.9741963853871396,True,-0.9495521949511165,-1.1304904688111448,0.18093827386002825
0.4475,0.5375,0.5,0.8182734322657411,1.002315752005019,True,-0.9490311723212599,-1.162482925209368,0.21345175288810814
0.4475,0.5375,0.625,0.8182734322657411,1.032073005265027,True,-0.9485107211517407,-1.196338866574931,0.24782814542319032
0.4475,0.5375,0.75,0.8182734322657411,1.0636155424780025,True,-0.9479908405029035,-1.2322259923480203,0.28423515184511683
0.4475,0.5375,0.875,0.8182734322657411,1.0971089940812344,True,-0.9474715294371516,-1.2703327464795686,0.322861217042417
0.4475,0.5375,1.0,0.8182734322657411,1.1327401329177242,True,-0.9469527870189413,-1.3108716274272147,0.3639188404082735
0.4475,0.5375,1.125,0.8182734322657411,1.1707203589237072,True,-0.9464346123147771,-1.3540831528147916,0.40764854050001453
0.4475,0.5375,1.25,0.8182734322657411,1.211289896524562,True,-0.9459170043932055,-1.400240634966831,0.45432363057362557
0.4475,0.5375,1.375,0.8182734322657411,1.2547228808024422,True,-0.9453999623248094,-1.4496559676319443,0.5042560053071349
0.4475,0.5375,1.5,0.8182734322657411,1.3013335600244027,True,-0.944883485182203,-1.5026866828313394,0.5578031976491364
0.4475,0.5375,1.625,0.8182734322657411,1.3514839112532455,True,-0.9443675720400255,-1.5597446154244643,0.6153770433844388
0.4475,0.5375,1.75,0.8182734322657411,1.4055930594546382,True,-0.9438522219749365,-1.6213066195798977,0.6774543976049613
0.4475,0.5375,1.875,0.8182734322657411,1.464149018854299,True,-0.9433374340656094,-1.6879279273571015,0.7445904932914921
0.4475,0.5375,2.0,0.8182734322657411,1.527723453135968,True,-0.9428232073927272,-1.7602589419363832,0.817435734543656
0.4475,0.546875,0.0,0.808214404161529,0.9016048051299906,True,-0.9690441011818113,-1.0810186177203767,0.11197451653856538
0.4475,0.546875,0.125,0.808214404161529,0.9278262679485929,True,-0.9641929950446391,-1.1068889437853286,0.14269594874068958
0.4475,0.546875,0.25,0.808214404161529,0.9553335363707904,True,-0.9593902169628412,-1.1340278569787439,0.17463764001590265
0.4475,0.546875,0.375,0.808214404161529,0.9842235644109502,True,-0.9546350483298,-1.1625310129847586,0.20789596465495863
0.4475,0.546875,0.5,0.808214404161529,1.0146033049388044,True,-0.9499267847155796,-1.1925039324462412,0.24257714773066164
0.4475,0.546875,0.625,0.808214404161529,1.0465910327678118,True,-0.9452647355190446,-1.224063306335416,0.2787985708163715
0.4475,0.546875,0.75,0.808214404161529,1.0803178835462834,True,-0.9406482236301729,-1.2573385142373965,0.31669029060722365
0.4475,0.546875,0.875,0.808214404161529,1.11592965066379,True,-0.936076585102215,-1.2924733971938667,0.35639681209165164
0.4475,0.546875,1.0,0.808214404161529,1.1535888920933064,True,-0.9315491688333675,-1.3296283363320895,0.3980791674987221
0.4475,0.546875,1.125,0.808214404161529,1.1934774113834745,True,-0.9270653362576395,-1.368982700633714,0.44191736437607454
0.4475,0.546875,1.25,0.808214404161529,1.2357991926840775,True,-0.9226244610446052,-1.4107377426567493,0.4881132816121442
0.4475,0.546875,1.375,0.808214404161529,1.2807838897930306,True,-0.9182259288077415,-1.4551200408600409,0.5368941120522994
0.4475,0.546875,1.5,0.808214404161529,1.328690995195929,True,-0.9138691368210743,-1.5023856128143924,0.5885164759933181
0.4475,0.546875,1.625,0.808214404161529,1.3798148489027984,True,-0.9095534937438486,-1.5528248569650025,0.6432713632211539
0.4475,0.546875,1.75,0.808214404161529,1.4344906912983608,True,-0.9052784193529653,-1.6067685244268213,0.701490105073856
0.4475,0.546875,1.875,0.808214404161529,1.4931020230189418,True,-0.901043344282928,-1.6645949803039048,0.7635516360209769
0.4475,0.546875,2.0,0.808214404161529,1.5560896134214386,True,-0.8968477097730556,-1.726739091524207,0.8298913817511513
0.4475,0.55625,0.0,0.7984951657095322,0.9053475150992327,True,-0.9864022587651726,-1.1183998002890585,0.13199754152388588
0.4475,0.55625,0.125,0.7984951657095322,0.9337070419540456,True,-0.9772446942788936,-1.1427248303371147,0.1654801360582211
0.4475,0.55625,0.25,0.7984951657095322,0.9633276276718467,True,-0.9682555998038821,-1.1681315178786686,0.19987591807478655
0.4475,0.55625,0.375,0.7984951657095322,0.994295297872223,True,-0.9594303687462512,-1.1946936503147607,0.2352632815685095
0.4475,0.55625,0.5,0.7984951657095322,1.0267040847801587,True,-0.950764560943607,-1.2224918826122362,0.27172732166862923
0.4475,0.55625,0.625,0.7984951657095322,1.060656980908228,True,-0.9422538952160819,-1.2516145553127382,0.3093606600966563
0.4475,0.55625,0.75,0.7984951657095322,1.0962670323792696,True,-0.9338942423138898,-1.28215863231658,0.34826439000269005
0.4475,0.55625,0.875,0.7984951657095322,1.1336585963404806,True,-0.9256816182369936,-1.3142307794139816,0.388549161176988
0.4475,0.55625,1.0,0.7984951657095322,1.172968791938375,True,-0.9176121779041811,-1.3479486088407258,0.4303364309365446
0.4475,0.55625,1.125,0.7984951657095322,1.2143491805318418,True,-0.9096822091504093,-1.3834421204599259,0.47375991130951656
0.4475,0.55625,1.25,0.7984951657095322,1.2579677185392713,True,-0.9018881270327305,-1.4208553767922663,0.5189672497595358
0.4475,0.55625,1.375,0.7984951657095322,1.3040110359653374,True,-0.8942264684264497,-1.4603484573938976,0.5661219889674479
0.4475,0.55625,1.5,0.7984951657095322,1.3526871057856,True,-0.8866938868944007,-1.502099748487748,0.6154058615933474
0.4475,0.55625,1.625,0.7984951657095322,1.4042283847133512,True,-0.8792871478133691,-1.5463086369170704,0.6670214891037013
0.4475,0.55625,1.75,0.7984951657095322,1.4588955254076414,True,-0.8720031237427529,-1.5931986942455216,0.7211955705027687
0.4475,0.55625,1.875,0.7984951657095322,1.5169817852138758,True,-0.8648387900215275,-1.6430214582993607,0.7781826682778332
0.4475,0.55625,2.0,0.7984951657095322,1.5788182888336657,True,-0.8577912205804933,-1.696060947156801,0.8382697265763076
0.4475,0.565625,0.0,0.7891457581894568,0.909669609043935,True,-1.0032005618374253,-1.1564163570657067,0.15321579522828133
0.4475,0.565625,0.125,0.7891457581894568,0.9400309720734633,True,-0.989769024349499,-1.179013545256985,0.189244520907486
0.4475,0.565625,0.25,0.7891457581894568,0.9716025482533005,True,-0.9766923963699564,-1.2025114642317427,0.2258190678617863
0.4475,0.565625,0.375,0.7891457581894568,1.0044581682350653,True,-0.9639567943477353,-1.2269650642610626,0.26300826991332726
0.4475,0.565625,0.5,0.7891457581894568,1.0386777928454034,True,-0.9515490495503588,-1.2524338581489607,0.3008848085986019
0.4475,0.565625,0.625,0.7891457581894568,1.0743481628098672,True,-0.9394566626439842,-1.2789824048053007,0.3395257421613165
0.4475,0.565625,0.75,0.7891457581894568,1.1115635329017861,True,-0.9276677616931974,-1.3066808556540743,0.3790130939608769
0.4475,0.565625,0.875,0.7891457581894568,1.150426503597949,True,-0.9161710632838912,-1.335605573613516,0.41943451032962475
0.4475,0.565625,1.0,0.7891457581894568,1.1910489656920258,True,-0.9049558365016104,-1.3658398361477824,0.460883999646172
0.4475,0.565625,1.125,0.7891457581894568,1.2335531761795542,True,-0.8940118695236318,-1.3974746360207084,0.5034627664970767
0.4475,0.565625,1.25,0.7891457581894568,1.2780729872021905,True,-0.8833294386061697,-1.4306095959676723,0.5472801573615026
0.4475,0.565625,1.375,0.7891457581894568,1.3247552540720782,True,-0.8728992792687338,-1.4653540166522243,0.5924547373834905
0.4475,0.565625,1.5,0.7891457581894568,1.3737614535786649,True,-0.8627125594961532,-1.5018280811305764,0.6391155216344232
0.4475,0.565625,1.625,0.7891457581894568,1.4252695501521435,True,-0.8527608547953496,-1.5401642437894605,0.6874033889941109
0.4475,0.565625,1.75,0.7891457581894568,1.4794761553317406,True,-0.8430361249587985,-1.5805088375833023,0.7374727126245038
0.4475,0.565625,1.875,0.7891457581894568,1.5365990357673933,True,-0.8335306923999735,-1.623023940675905,0.7894932482759316
0.4475,0.565625,2.0,0.7891457581894568,1.596880037196916,True,-0.8242372219380895,-1.6678895526820865,0.843652330743997
0.4475,0.575,0.0,0.780192468300981,0.9145963952056901,True,-1.0194477939446907,-1.1950682880503205,0.17562049410562985
0.4475,0.575,0.125,0.780192468300981,0.9468283288767364,True,-1.001784151755394,-1.2157482324423587,0.2139640806869647
0.4475,0.575,0.25,0.780192468300981,0.9801954144752766,True,-0.984722188892968,-1.237156488048259,0.25243429915529103
0.4475,0.575,0.375,0.780192468300981,1.0147586939736637,True,-0.9682316775432722,-1.2593322192758023,0.2911005417325301
0.4475,0.575,0.5,0.780192468300981,1.0505836658769647,True,-0.9522843813655544,-1.282317449835274,0.3300330684697197
0.4475,0.575,0.625,0.780192468300981,1.0877406994854337,True,-0.9368538941467157,-1.3061573285294426,0.36930343438272684
0.4475,0.575,0.75,0.780192468300981,1.1263054962422876,True,-0.9219154938917968,-1.3309004252533725,0.40898493136157565
0.4475,0.575,0.875,0.780192468300981,1.1663596045310558,True,-0.9074460106547793,-1.3565990612873773,0.449153050632598
0.4475,0.575,1.0,0.780192468300981,1.2079909952892196,True,-0.8934237066234519,-1.3833096786095833,0.4898859719861314
0.4475,0.575,1.125,0.780192468300981,1.2512947069885547,True,-0.8798281671530177,-1.4110932537140313,0.5312650865610136
0.4475,0.575,1.25,0.780192468300981,1.296373569934611,True,-0.8666402015996489,-1.44001576231978,0.5733755607201311
0.4475,0.575,1.375,0.780192468300981,1.3433390215038297,True,-0.8538417529409185,-1.470148702425414,0.6163069494844956
0.4475,0.575,1.5,0.780192468300981,1.3923120259233581,True,-0.8414158152879802,-1.5015696844379403,0.6601538691499601
0.4475,0.575,1.625,0.780192468300981,1.4434241145756193,True,-0.8293463584970924,-1.534363098630126,0.7050167401330336
0.4475,0.575,1.75,0.780192468300981,1.4968185656643607,True,-0.8176182591777221,-1.5686208720118846,0.7510026128341625
0.4475,0.575,1.875,0.780192468300981,1.5526517455202822,True,-0.8062172374728643,-1.6044433289092912,0.7982260914364269
0.4475,0.575,2.0,0.780192468300981,1.6110946379895665,True,-0.7951297990559038,-1.6419401722172167,0.8468103731613129
0.4475,0.584375,0.0,0.7716582109625305,0.9201536169964489,True,-1.035153925583152,-1.2343555932429011,0.19920166765974923
0.4475,0.584375,0.125,0.7716582109625305,0.9541297047469374,True,-1.013308299126344,-1.2529219990506733,0.23961369992432924
0.4475,0.584375,0.25,0.7716582109625305,0.989143495150904,True,-0.9923656652855112,-1.2720554627467393,0.27968979746122813
0.4475,0.584375,0.375,0.7716582109625305,1.0252432659613326,True,-0.9722711697411223,-1.2917823659545506,0.3195111962134284
0.4475,0.584375,0.5,0.7716582109625305,1.0624803368503664,True,-0.952974312991434,-1.3121307525697412,0.35915643957830723
0.4475,0.584375,0.625,0.7716582109625305,1.1009093128279535,True,-0.9344285266080139,-1.333130461777484,0.39870193516947006
0.4475,0.584375,0.75,0.7716582109625305,1.14058835141511,True,-0.9165907980255608,-1.3548132740506778,0.438222476025117
0.4475,0.584375,0.875,0.7716582109625305,1.1815794563210273,True,-0.8994213375020608,-1.3772130716312947,0.4777917341292339
0.4475,0.584375,1.0,0.7716582109625305,1.2239488007430006,True,-0.8828832818214402,-1.4003660151992696,0.5174827333778295
0.4475,0.584375,1.125,0.7716582109625305,1.2677670838348059,True,-0.8669424300949049,-1.4243107386664557,0.5573683085715508
0.4475,0.584375,1.25,0.7716582109625305,1.313109924382591,True,-0.851567007676024,-1.4490885643028164,0.5975215566267924
0.4475,0.584375,1.375,0.7716582109625305,1.3600582962994359,True,-0.8367274547601468,-1.474743740714639,0.6380162859544923
0.4475,0.584375,1.5,0.7716582109625305,1.408699011214584,True,-0.8223962367086609,-1.501323706557876,0.678927469849215
0.4475,0.584375,1.625,0.7716582109625305,1.4591252542080744,True,-0.8085476735372688,-1.5288793832930532,0.7203317097557844
0.4475,0.584375,1.75,0.7716582109625305,1.5114371796465353,True,-0.7951577863467365,-1.5574655007827696,0.7623077144360331
0.4475,0.584375,1.875,0.7716582109625305,1.5657425751361953,True,-0.7822041587640909,-1.5871409601121946,0.8049368013481037
0.4475,0.584375,2.0,0.7716582109625305,1.6221576028547564,True,-0.76966581170999,-1.6179692386936348,0.8483034269836448
0.4475,0.59375,0.0,0.7635628994492996,0.926367602915604,True,-1.0503299224870668,-1.274278272643448,0.22394835015638126
0.4475,0.59375,0.125,0.7635628994492996,0.9619661064927305,True,-1.0243596240278847,-1.2905279183747087,0.266168294346824
0.4475,0.59375,0.25,0.7635628994492996,0.9984842442646865,True,-0.9996426123170152,-1.3071973494443039,0.30755473712728865
0.4475,0.59375,0.375,0.7635628994492996,1.0359581186219005,True,-0.9760903023011466,-1.324303045507151,0.34821274320600437
0.4475,0.59375,0.5,0.7635628994492996,1.0744257467226903,True,-0.9536222652717363,-1.3418623602520932,0.38824009498035683
0.4475,0.59375,0.625,0.7635628994492996,1.1139271891413332,True,-0.9321653112568516,-1.3598935801258738,0.42772826886902215
0.4475,0.59375,0.75,0.7635628994492996,1.1545046890296293,True,-0.9116526925667084,-1.378415987856202,0.46676329528949345
0.4475,0.59375,0.875,0.7635628994492996,1.196202822808195,True,-0.8920234102325375,-1.3974499312377933,0.5054265210052558
0.4475,0.59375,1.0,0.7635628994492996,1.239068663517546,True,-0.8732216081574912,-1.4170168976972253,0.5437952895397341
0.4475,0.59375,1.125,0.7635628994492996,1.2831519580874287,True,-0.8551960423053611,-1.437139595211052,0.5819435529056909
0.4475,0.59375,1.25,0.7635628994492996,1.3285053199278696,True,-0.837899614303571,-1.457842040217824,0.6199424259142531
0.4475,0.59375,1.375,0.7635628994492996,1.3751844384095266,True,-0.8212889605217366,-1.479149653239565,0.6578606927178283
0.4475,0.59375,1.5,0.7635628994492996,1.4232483069869322,True,-0.8053240890771425,-1.5010893630131674,0.6957652739360249
0.4475,0.59375,1.625,0.7635628994492996,1.47275947192944,True,-0.7899680583699955,-1.5236897200285873,0.7337216616585918
0.4475,0.59375,1.75,0.7635628994492996,1.5237843038649534,True,-0.7751866917089103,-1.5469810204803838,0.7717943287714735
0.4475,0.59375,1.875,0.7635628994492996,1.5763932946153607,True,-0.7609483233863724,-1.5709954417641643,0.8100471183777919
0.4475,0.59375,2.0,0.7635628994492996,1.6306613821153104,True,-0.747223572233475,-1.595767190792229,0.848543618558754
0.4475,0.603125,0.0,0.7559237998801125,0.9332654196497913,True,-1.0649875705603211,-1.3148363262519611,0.24984875569164
0.4475,0.603125,0.125,0.7559237998801125,0.9703690584077461,True,-1.0349561166039176,-1.3285590326982146,0.293602916094297
0.4475,0.603125,0.25,0.7559237998801125,1.0082553533995808,True,-1.006571918460505,-1.3425712029842798,0.3359992845237747
0.4475,0.603125,0.375,0.7559237998801125,1.0469493323654344,True,-0.9797030634167024,-1.3568820935696968,0.37717903015299437
0.4475,0.603125,0.5,0.7559237998801125,1.0864771016570638,True,-0.9542313573723856,-1.3715013598363504,0.41727000246396473
0.4475,0.603125,0.625,0.7559237998801125,1.1268659049763758,True,-0.9300505866529897,-1.3864390778127997,0.45638849115981006
0.4475,0.603125,0.75,0.7559237998801125,1.1681441859947415,True,-0.9070650375703578,-1.4017057673339062,0.49464072976354834
0.4475,0.603125,0.875,0.7559237998801125,1.2103416551555362,True,-0.8851882302170676,-1.4173124167476185,0.5321241865305509
0.4475,0.603125,1.0,0.7559237998801125,1.2534893609896316,True,-0.8643418311774692,-1.433270509290864,0.5689286781133948
0.4475,0.603125,1.125,0.7559237998801125,1.2976197663035605,True,-0.8444547163393473,-1.44959205126759,0.6051373349282426
0.4475,0.603125,1.25,0.7559237998801125,1.3427668296332633,True,-0.8254621601748966,-1.4662896021742677,0.6408274419993711
0.4475,0.603125,1.375,0.7559237998801125,1.3889660923929243,True,-0.8073051320181116,-1.4833763069317154,0.6760711749136038
0.4475,0.603125,1.5,0.7559237998801125,1.4362547721889338,True,-0.7899296832185678,-1.5008659303970795,0.7109362471785117
0.4475,0.603125,1.625,0.7559237998801125,1.4846718628138769,True,-0.7732864117686742,-1.5187728943464118,0.7454864825777376
0.4475,0.603125,1.75,0.7559237998801125,1.5342582414851764,True,-0.7573299932139878,-1.5371123171366665,0.7797823239226788
0.4475,0.603125,1.875,0.7559237998801125,1.5850567839482468,True,-0.7420187684660997,-1.5559000562763703,0.8138812878102706
0.4475,0.603125,2.0,0.7559237998801125,1.6371124881253596,True,-0.7273143806247352,-1.5751527541569086,0.8478383735321734
0.4475,0.6125,0.0,0.7487558679884312,0.9408750283721549,True,-1.0791393170273909,-1.3560297540684407,0.2768904370410499
0.4475,0.6125,0.125,0.7487558679884312,0.9793707149525498,True,-1.045115514089212,-1.3670083561299957,0.3218928420407836
0.4475,0.6125,0.25,0.7487558679884312,1.0184948219813743,True,-1.013171584523791,-1.3781661777001115,0.36499459317632055
0.4475,0.6125,0.375,0.7487558679884312,1.058262864007738,True,-0.9831224707776679,-1.389507643379983,0.406385172602315
0.4475,0.6125,0.5,0.7487558679884312,1.098690870519425,True,-0.9548044370195566,-1.4010373246263956,0.446232887606839
0.4475,0.6125,0.625,0.7487558679884312,1.1397954074856136,True,-0.9280720843417055,-1.4127599458955036,0.48468786155379806
0.4475,0.6125,0.75,0.7487558679884312,1.181593599990223,True,-0.9027958537108197,-1.4246803910976442,0.5218845373868245
0.4475,0.6125,0.875,0.7487558679884312,1.224103156020851,True,-0.8788599261462358,-1.4368037103817146,0.5579437842354789
0.4475,0.6125,1.0,0.7487558679884312,1.2673423914827273,True,-0.8561604483073504,-1.449135127268914,0.5929746789615635
0.4475,0.6125,1.125,0.7487558679884312,1.3113302565119167,True,-0.8346040261381865,-1.461680046157016,0.6270760200188296
0.4475,0.6125,1.25,0.7487558679884312,1.3560863631671911,True,-0.8141064404853653,-1.474444060217828,0.6603376197324626
0.4475,0.6125,1.375,0.7487558679884312,1.4016310145855853,True,-0.7945915474431093,-1.4874329597120746,0.6928414122689652
0.4475,0.6125,1.5,0.7487558679884312,1.4479852356927017,True,-0.7759903331543448,-1.5006527407476862,0.7246624075933413
0.4475,0.6125,1.625,0.7487558679884312,1.4951708055653505,True,-0.7582400983363755,-1.5141096145093127,0.7558695161729372
0.4475,0.6125,1.75,0.7487558679884312,1.5432102915511925,True,-0.7412837522241276,-1.5278100169889193,0.7865262647647917
0.4475,0.6125,1.875,0.7487558679884312,1.5921270852576785,True,-0.7250691991774628,-1.54176061924949,0.8166914200720271
0.4475,0.6125,2.0,0.7487558679884312,1.6419454405308758,True,-0.7095488040679807,-1.555968338256225,0.8464195341882443
0.4475,0.621875,0.0,0.7420720668956767,0.9492254444200972,True,-1.092798127194505,-1.3978585560928858,0.3050604288983807
0.4475,0.621875,0.125,0.7420720668956767,0.9890039823958106,True,-1.054855230329987,-1.4058688774146677,0.35101364708468075
0.4475,0.621875,0.25,0.7420720668956767,1.029241043630286,True,-1.0194587404531692,-1.4139715329152078,0.39451279246203863
0.4475,0.621875,0.375,0.7420720668956767,1.0699446021093306,True,-0.98636063997098,-1.4221681283395082,0.43580748836852823
0.4475,0.621875,0.5,0.7420720668956767,1.111122817793144,True,-0.9553441073679293,-1.4304603068827813,0.47511619951485196
0.4475,0.621875,0.625,0.7420720668956767,1.1527840420698867,True,-0.9262187618696217,-1.4388497502886521,0.5126309884190304
0.4475,0.621875,0.75,0.7420720668956767,1.1949368234022801,True,-0.8988167522207428,-1.4473381799862302,0.5485214277654874
0.4475,0.621875,0.875,0.7420720668956767,1.2375899131752708,True,-0.8729895197898588,-1.4559273582676708,0.582937838477812
0.4475,0.621875,1.0,0.7420720668956767,1.2807522717531472,True,-0.8486051041535715,-1.4646190895079154,0.6160139853543439
0.4475,0.621875,1.125,0.7420720668956767,1.3244330747549278,True,-0.8255458879741657,-1.473415221428383,0.6478693334542174
0.4475,0.621875,1.25,0.7420720668956767,1.3686417195572422,True,-0.8037066998225343,-1.4823176464064776,0.6786109465839433
0.4475,0.621875,1.375,0.7420720668956767,1.4133878320343902,True,-0.7829932103704903,-1.4913283028328497,0.7083350924623594
0.4475,0.621875,1.5,0.7420720668956767,1.45868127354573,True,-0.763320570356298,-1.5004491765184709,0.7371286061621729
0.4475,0.621875,1.625,0.7420720668956767,1.5045321481810556,True,-0.7446122488438646,-1.509682302153655,0.7650700533097904
0.4475,0.621875,1.75,0.7420720668956767,1.5509508102751335,True,-0.7267990382344981,-1.5190297648212823,0.7922307265867842
0.4475,0.621875,1.875,0.7420720668956767,1.5979478722031506,True,-0.7098181987593307,-1.5284937015665934,0.8186755028072626
0.4475,0.621875,2.0,0.7420720668956767,1.6455342124693884,True,-0.6936127201615491,-1.538076303026027,0.8444635828644779
0.4475,0.6312500000000001,0.0,0.7358836652556109,0.958346900677939,True,-1.1059773560750616,-1.4403227323252983,0.33434537625023664
0.4475,0.6312500000000001,0.125,0.7358836652556109,0.9993026489138711,True,-1.0641922985723542,-1.445133562718372,0.3809412641460177
0.4475,0.6312500000000001,0.25,0.7358836652556109,1.0405329071111897,True,-1.0254496669408024,-1.4499766381789227,0.42452697123812033
0.4475,0.6312500000000001,0.375,0.7358836652556109,1.082040444445563,True,-0.9894288486540518,-1.4548522839856974,0.46542343533164565
0.4475,0.6312500000000001,0.5,0.7358836652556109,1.123828067464497,True,-0.9558527509094253,-1.4597608298072926,0.5039080788978673
0.4475,0.6312500000000001,0.625,0.7358836652556109,1.165898620719915,True,-0.924480658812524,-1.4647026097764597,0.5402219509639358
0.4475,0.6312500000000001,0.75,0.7358836652556109,1.2082549874136335,True,-0.895102455280135,-1.469677962565926,0.574575507285791
0.4475,0.6312500000000001,0.875,0.7358836652556109,1.2509000900560339,True,-0.8675339090814709,-1.4746872314657629,0.607153322384292
0.4475,0.6312500000000001,1.0,0.7358836652556109,1.2938368911382527,True,-0.8416128076129213,-1.4797307644623465,0.6381179568494252
0.4475,0.6312500000000001,1.125,0.7358836652556109,1.3370683938182144,True,-0.8171957628532357,-1.4848089143189407,0.667613151465705
0.4475,0.6312500000000001,1.25,0.7358836652556109,1.3805976426208366,True,-0.794155557640508,-1.4899220386579461,0.6957664810174381
0.4475,0.6312500000000001,1.375,0.7358836652556109,1.4244277241527512,True,-0.7723789285573921,-1.4950705000448543,0.7226915714874622
0.4475,0.6312500000000001,1.5,0.7358836652556109,1.4685617678319003,True,-0.7517647038552769,-1.5002546660739495,0.7484899622186726
0.4475,0.6312500000000001,1.625,0.7358836652556109,1.5130029466323593,True,-0.732222231811612,-1.5054749094557978,0.7732526776441858
0.4475,0.6312500000000001,1.75,0.7358836652556109,1.5577544778447674,True,-0.7136700480098067,-1.510731608106571,0.7970615600967642
0.4475,0.6312500000000001,1.875,0.7358836652556109,1.602819623852743,True,-0.6960347402140513,-1.5160251452392477,0.8199904050251964
0.4475,0.6312500000000001,2.0,0.7358836652556109,1.6482016929256822,True,-0.6792499774842716,-1.5213559094567384,0.8421059319724667
0.4475,0.640625,0.0,0.7302005156692811,0.9682710151250741,True,-1.1186906340379088,-1.483422282765676,0.3647316487277672
0.4475,0.640625,0.125,0.7302005156692811,1.0103015228090628,True,-1.073143325908846,-1.4847953583877496,0.4116520324789035
0.4475,0.640625,0.25,0.7302005156692811,1.0524099105866493,True,-1.0311598206806618,-1.4861709782393326,0.45501115755867083
0.4475,0.640625,0.375,0.7302005156692811,1.09459639511951,True,-0.9923375965947274,-1.4875491493984478,0.4952115528037204
0.4475,0.640625,0.5,0.7302005156692811,1.1368611938737363,True,-0.9563325507789334,-1.4889298789693968,0.5325973281904633
0.4475,0.640625,0.625,0.7302005156692811,1.1792045251235688,True,-0.9228487722348311,-1.4903131740828806,0.5674644018480495
0.4475,0.640625,0.75,0.7302005156692811,1.2216266079551563,True,-0.8916303905979659,-1.4916990418961267,0.6000686512981608
0.4475,0.640625,0.875,0.7302005156692811,1.2641276622703344,True,-0.8624550252164449,-1.493087489593008,0.6306324643765631
0.4475,0.640625,1.0,0.7302005156692811,1.3067079087904239,True,-0.8351284796096001,-1.4944785243841692,0.659350044774569
0.4475,0.640625,1.125,0.7302005156692811,1.3493675690600537,True,-0.8094804135741226,-1.4958721535071524,0.6863917399330298
0.4475,0.640625,1.25,0.7302005156692811,1.3921068654510007,True,-0.785360789024855,-1.4972683842265193,0.7119075952016644
0.4475,0.640625,1.375,0.7302005156692811,1.4349260211660568,True,-0.7626369328580055,-1.4986672238339813,0.7360302909759758
0.4475,0.640625,1.5,0.7302005156692811,1.477825260242911,True,-0.7411910953793325,-1.5000686796485245,0.758877584269192
0.4475,0.640625,1.625,0.7302005156692811,1.5208048075580591,True,-0.7209184094161918,-1.501472759016537,0.7805543496003453
0.4475,0.640625,1.75,0.7302005156692811,1.5638648888307325,True,-0.701725175440736,-1.5028794693119383,0.8011542938712023
0.4475,0.640625,1.875,0.7302005156692811,1.6070057306268484,True,-0.6835274135233835,-1.5042888179363074,0.8207614044129239
0.4475,0.640625,2.0,0.7302005156692811,1.6502275603629868,True,-0.6662496349031763,-1.5057008123190139,0.8394511774158375
0.4475,0.65,0.0,0.7250313136943636,0.9790309631329761,True,-1.1309517655764003,-1.5271572074140205,0.3962054418376202
0.4475,0.65,0.125,0.7250313136943636,1.02203657866468,True,-1.0817244579072227,-1.5248471936805919,0.44312273577336914
0.4475,0.65,0.25,0.7250313136943636,1.064912288094285,True,-1.036603862304531,-1.5225441577540417,0.4859402954495107
0.4475,0.65,0.375,0.7250313136943636,1.1076586791408287,True,-0.9950966617133367,-1.5202480680654928,0.5251514063521562
0.4475,0.65,0.5,0.7250313136943636,1.1502763359834203,True,-0.9567855097672424,-1.5179588932362114,0.561173383468969
0.4475,0.65,0.625,0.7250313136943636,1.1927658392878533,True,-0.9213149486199332,-1.5156766020761774,0.5943616534562441
0.4475,0.65,0.75,0.7250313136943636,1.2351277662329812,True,-0.888380347180979,-1.5134011635826716,0.6250208164016926
0.4475,0.65,0.875,0.7250313136943636,1.2773626905368474,True,-0.8577191300404524,-1.511132546938867,0.6534134168984146
0.4475,0.65,1.0,0.7250313136943636,1.3194711824825902,True,-0.8291037621259782,-1.5088707215124428,0.6797669593864646
0.4475,0.65,1.125,0.7250313136943636,1.361453808944107,True,-0.8023360923046506,-1.5066156568542,0.7042795645495493
0.4475,0.65,1.25,0.7250313136943636,1.4033111334114943,True,-0.7772427584195827,-1.5043673226966996,0.7271245642771169
0.4475,0.65,1.375,0.7250313136943636,1.4450437160162592,True,-0.7536714284312507,-1.5021256889529064,0.7484542605216558
0.4475,0.65,1.5,0.7250313136943636,1.4866521135563031,True,-0.73148770539305,-1.4998907257148473,0.7684030203217973
0.4475,0.65,1.625,0.7250313136943636,1.528136879520685,True,-0.710572563395791,-1.49766240325228,0.7870898398564891
0.4475,0.65,1.75,0.7250313136943636,1.5694985641141677,True,-0.6908202111627727,-1.4954406920113783,0.8046204808486056
0.4475,0.65,1.875,0.7250313136943636,1.6107377142815347,True,-0.6721363023318293,-1.49322556261342,0.8210892602815908
0.4475,0.65,2.0,0.7250313136943636,1.6518548737317067,True,-0.6544364285173593,-1.4910169858534976,0.8365805573361383
0.46125000000000005,0.5,0.0,0.8419846946708023,0.8933573677016305,True,-0.8403110589950971,-0.8915816171788445,0.05127055818374748
0.46125000000000005,0.5,0.125,0.8419846946708023,0.9026672740592929,True,-0.8605530985117168,-0.9225739191382318,0.06202082062651504
0.46125000000000005,0.5,0.25,0.8419846946708023,0.912647733545951,True,-0.8817944201718149,-0.9557984653603704,0.07400404518855552
0.46125000000000005,0.5,0.375,0.8419846946708023,0.9233738982585438,True,-0.9041108935414727,-0.9915054341383323,0.08739454059685958
0.46125000000000005,0.5,0.5,0.8419846946708023,0.9349325863232646,True,-0.9275862680452704,-1.0299838395050376,0.10239757145976713
0.46125000000000005,0.5,0.625,0.8419846946708023,0.9474246369714896,True,-0.952313223245463,-1.0715693711858267,0.11925614794036377
0.46125000000000005,0.5,0.75,0.8419846946708023,0.9609678601356479,True,-0.9783945917075523,-1.116654213683893,0.13825962197634079
0.46125000000000005,0.5,0.875,0.8419846946708023,0.9757007633509076,True,-1.0059447884707682,-1.1656994529853557,0.15975466451458753
0.46125000000000005,0.5,1.0,0.8419846946708023,0.9917873059250267,True,-1.0350914890273022,-1.2192509029985243,0.18415941397122215
0.46125000000000005,0.5,1.125,0.8419846946708023,1.0094230266269497,True,-1.065977607717109,-1.2779595043815624,0.21198189666445333
0.46125000000000005,0.5,1.25,0.8419846946708023,1.0288430312715615,True,-1.098763641216972,-1.3426079148892738,0.24384427367230188
0.46125000000000005,0.5,1.375,0.8419846946708023,1.0503325339017524,True,-1.1336304582220011,-1.4141456005421245,0.2805151423201233
0.46125000000000005,0.5,1.5,0.8419846946708023,1.0742409576090555,True,-1.1707826376802224,-1.4937357766881882,0.32295313900796585
0.46125000000000005,0.5,1.625,0.8419846946708023,1.1010010810201758,True,-1.2104524856873402,-1.5828191458829082,0.37236666019556797
0.46125000000000005,0.5,1.75,0.8419846946708023,1.1311554704302174,True,-1.2529048976531993,-1.6832018893922227,0.43029699173902336
0.46125000000000005,0.5,1.875,0.8419846946708023,1.1653936510005158,True,-1.298443280797086,-1.7971794086076962,0.49873612781061016
0.46125000000000005,0.5,2.0,0.8419846946708023,1.204605477096616,True,-1.3474168169196883,-1.9277139927444213,0.5802971758247331
0.46125000000000005,0.509375,0.0,0.8328743910994457,0.8952767389593557,True,-0.8608323055915977,-0.9253293744853407,0.06449706889374296
0.46125000000000005,0.509375,0.125,0.8328743910994457,0.9076093705426254,True,-0.8769612145676245,-0.9556521661007373,0.07869095153311279
0.46125000000000005,0.509375,0.25,0.8328743910994457,0.9207776603762955,True,-0.8937060597546325,-0.9880296279475026,0.09432356819287013
0.46125000000000005,0.509375,0.375,0.8328743910994457,0.9348695232261273,True,-0.9111028103233959,-1.0226779199833949,0.11157510965999895
0.46125000000000005,0.509375,0.5,0.8328743910994457,0.9499856540387545,True,-0.9291902917269897,-1.0598446253671983,0.1306543336402085
0.46125000000000005,0.509375,0.625,0.8328743910994457,0.9662419378443321,True,-0.9480104749620765,-1.0998146757939045,0.151804200831828
0.46125000000000005,0.509375,0.75,0.8328743910994457,0.9837724263402221,True,-0.9676088017097815,-1.142917670153852,0.17530886844407045
0.46125000000000005,0.509375,0.875,0.8328743910994457,1.0027330429591212,True,-0.9880345506579573,-1.1895369843490688,0.20150243369111154
0.46125000000000005,0.509375,1.0,0.8328743910994457,1.023306233269638,True,-1.009341251221299,-1.240121205440697,0.230779954219398
0.46125000000000005,0.509375,1.125,0.8328743910994457,1.0457068546041624,True,-1.0315871519718522,-1.2951986127398527,0.26361146076800046
0.46125000000000005,0.509375,1.25,0.8328743910994457,1.0701897080839124,True,-1.0548357524108756,-1.355395697133736,0.3005599447228604
0.46125000000000005,0.509375,1.375,0.8328743910994457,1.0970592734231974,True,-1.0791564083049872,-1.4214610964832732,0.3423046881782861
0.46125000000000005,0.509375,1.5,0.8328743910994457,1.1266824366070987,True,-1.1046250227396754,-1.494296889732209,0.38967186699253364
0.46125000000000005,0.509375,1.625,0.8328743910994457,1.1595053419044954,True,-1.1313248373932447,-1.5750000317035497,0.443675194310305
0.46125000000000005,0.509375,1.75,0.8328743910994457,1.1960760164465187,True,-1.1593473414081674,-1.6649179811602275,0.5055706397520601
0.46125000000000005,0.509375,1.875,0.8328743910994457,1.2370752139696979,True,-1.1887933187676298,-1.7657245376927662,0.5769312189251363
0.46125000000000005,0.509375,2.0,0.8328743910994457,1.2833591857843156,True,-1.2197740594440374,-1.87952500460783,0.6597509451637926
0.46125000000000005,0.51875,0.0,0.8238323814790441,0.897617052080121,True,-0.8808157673636858,-0.959704025116416,0.07888825775273012
0.46125000000000005,0.51875,0.125,0.8238323814790441,0.9128239642011621,True,-0.8927753413679057,-0.9892142437827047,0.09643890241479902
0.46125000000000005,0.51875,0.25,0.8238323814790441,0.9289957490160852,True,-0.9050641560714623,-1.020596874412379,0.11553271834091672
0.46125000000000005,0.51875,0.375,0.8238323814790441,0.9462272465038832,True,-0.9176959969593957,-1.0540359615041586,0.13633996454476283
0.46125000000000005,0.51875,0.5,0.8238323814790441,0.9646261471213883,True,-0.9306854300176334,-1.0897404869278722,0.1590550569102388
0.46125000000000005,0.51875,0.625,0.8238323814790441,0.9843152446072028,True,-0.9440478577636664,-1.127948741669104,0.18390088390543768
0.46125000000000005,0.51875,0.75,0.8238323814790441,1.0054351799301013,True,-0.9577995801743395,-1.1689336506786223,0.2111340705042828
0.46125000000000005,0.51875,0.875,0.8238323814790441,1.0281478060150793,True,-0.971957861017481,-1.2130093023900546,0.2410514413725735
0.46125000000000005,0.51875,1.0,0.8238323814790441,1.0526403435158855,True,-0.9865410001549242,-1.2605390133259775,0.2739980131710533
0.46125000000000005,0.51875,1.125,0.8238323814790441,1.0791305534530629,True,-1.0015684124536315,-1.3119453660121587,0.31037695355852724
0.46125000000000005,0.51875,1.25,0.8238323814790441,1.107873229342224,True,-1.0170607140204215,-1.367722807467206,0.35066209344678456
0.46125000000000005,0.51875,1.375,0.8238323814790441,1.1391684189364848,True,-1.033039816565729,-1.4284536041456297,0.39541378757990064
0.46125000000000005,0.51875,1.5,0.8238323814790441,1.1733719381617962,True,-1.049529030804682,-1.4948282450629635,0.44529921425828145
0.46125000000000005,0.51875,1.625,0.8238323814790441,1.2109089591413795,True,-1.0665531799216348,-1.5676718104345202,0.5011186305128854
0.46125000000000005,0.51875,1.75,0.8238323814790441,1.2522917746370799,True,-1.0841387242596592,-1.6479784449823098,0.5638397207226507
0.46125000000000005,0.51875,1.875,0.8238323814790441,1.2981433173753556,True,-1.1023138985522676,-1.7369569990518772,0.6346431004996096
0.46125000000000005,0.51875,2.0,0.8238323814790441,1.3492287334429265,True,-1.1211088631943242,-1.836092299289882,0.7149834360955578
0.46125000000000005,0.528125,0.0,0.8149095060959631,0.9004042527163805,True,-0.9002567697320221,-0.9947055690720693,0.09444879934004724
0.46125000000000005,0.528125,0.125,0.8149095060959631,0.9183398009052381,True,-0.9080072468240447,-1.023253733121518,0.11524648629747325
0.46125000000000005,0.528125,0.25,0.8149095060959631,0.9373352736350669,True,-0.9158923333763017,-1.0534889880453053,0.13759665466900362
0.46125000000000005,0.528125,0.375,0.8149095060959631,0.9574874881033308,True,-0.9239155669327781,-1.085565438597125,0.16164987166434686
0.46125000000000005,0.528125,0.5,0.8149095060959631,0.9789054233008257,True,-0.93208061008871,-1.1196565475601838,0.18757593747147383
0.46125000000000005,0.528125,0.625,0.8149095060959631,1.0017121915720402,True,-0.9403912560655137,-1.1559582738965373,0.2155670178310236
0.46125000000000005,0.528125,0.75,0.8149095060959631,1.0260474065611322,True,-0.948851434586641,-1.1946928418267664,0.24584140724012538
0.46125000000000005,0.528125,0.875,0.8149095060959631,1.0520700437433947,True,-0.9574652180734872,-1.2361132939621537,0.2786480758886666
0.46125000000000005,0.528125,1.0,0.8149095060959631,1.0799619173826798,True,-0.9662368281818722,-1.2805090256072826,0.31427219742541046
0.46125000000000005,0.528125,1.125,0.8149095060959631,1.109931934663252,True,-0.9751706427011387,-1.3282125560977593,0.3530419133966206
0.46125000000000005,0.528125,1.25,0.8149095060959631,1.1422213375059536,True,-0.9842712028395572,-1.379607872243426,0.3953366694038688
0.46125000000000005,0.528125,1.375,0.8149095060959631,1.1771102103672735,True,-0.9935432209215098,-1.43514078684729,0.44159756592578026
0.46125000000000005,0.528125,1.5,0.8149095060959631,1.2149256256966827,True,-1.0029915885238643,-1.4953319038989943,0.49234031537513
0.46125000000000005,0.528125,1.625,0.8149095060959631,1.2560519288941403,True,-1.0126213850810557,-1.5607929892288401,0.5481716041477844
0.46125000000000005,0.528125,1.75,0.8149095060959631,1.3009438484087468,True,-1.0224378869906834,-1.6322478379629204,0.609809950972237
0.46125000000000005,0.528125,1.875,0.8149095060959631,1.350143379782717,True,-1.0324465772539162,-1.710559148998993,0.6781125717450769
0.46125000000000005,0.528125,2.0,0.8149095060959631,1.4043017749680364,True,-1.0426531556877172,-1.7967635255881562,0.754110369900439
0.46125000000000005,0.5375,0.0,0.8061519244603857,0.9036641197190975,True,-0.9191531719950108,-1.030334006352302,0.11118083435729131
0.46125000000000005,0.5375,0.125,0.8061519244603857,0.9241858926925256,True,-0.9226700201512388,-1.0577641637522452,0.13509414360100647
0.46125000000000005,0.5375,0.25,0.8061519244603857,0.9458302368144742,True,-0.9262138838826072,-1.08669479108412,0.16048090720151287
0.46125000000000005,0.5375,0.375,0.8061519244603857,0.968691851624961,True,-0.9297850756800061,-1.1172524672400987,0.18746739156009262
0.46125000000000005,0.5375,0.5,0.8061519244603857,0.9928763965965174,True,-0.9333839128724495,-1.1495784205617128,0.2161945076892633
0.46125000000000005,0.5375,0.625,0.8061519244603857,1.0185021239188143,True,-0.9370107177210716,-1.1838307112799067,0.2468199935588351
0.46125000000000005,0.5375,0.75,0.8061519244603857,1.0457018121456796,True,-0.9406658175153229,-1.2201868160988396,0.27952099858351676
0.46125000000000005,0.5375,0.875,0.8061519244603857,1.0746250674312845,True,-0.9443495446714272,-1.2588467041129088,0.3144971594414816
0.46125000000000005,0.5375,1.0,0.8061519244603857,1.1054410765488418,True,-0.9480622368331603,-1.3000365165929113,0.35197427975975104
0.46125000000000005,0.5375,1.125,0.8061519244603857,1.1383419186692858,True,-0.9518042369750155,-1.344012993631372,0.39220875665635657
0.46125000000000005,0.5375,1.25,0.8061519244603857,1.1735465728408943,True,-0.9555758935078228,-1.3910688306873686,0.43549293717954585
0.46125000000000005,0.5375,1.375,0.8061519244603857,1.211305797858445,True,-0.9593775603868882,-1.441539201199331,0.48216164081244295
0.46125000000000005,0.5375,1.5,0.8061519244603857,1.2519081144257667,True,-0.9632095972227247,-1.4958097525637786,0.5326001553410539
0.46125000000000005,0.5375,1.625,0.8061519244603857,1.2956871914670522,True,-0.9670723693944491,-1.554326478950997,0.5872541095565479
0.46125000000000005,0.5375,1.75,0.8061519244603857,1.34303103675817,True,-0.9709662481659164,-1.6176080058412632,0.6466417576753468
0.46125000000000005,0.5375,1.875,0.8061519244603857,1.3943935279187338,True,-0.9748916108046718,-1.686261002773434,0.7113693919687621
0.46125000000000005,0.5375,2.0,0.8061519244603857,1.4503090098734697,True,-0.9788488407038013,-1.7609996948493105,0.7821508541455092
0.46125000000000005,0.546875,0.0,0.797601370231672,0.9074223693775246,True,-0.9375051192699363,-1.0665893369571138,0.12908421768717748
0.46125000000000005,0.546875,0.125,0.797601370231672,0.9303915206369685,True,-0.9367778164149636,-1.0927390168100388,0.15596120039507522
0.46125000000000005,0.546875,0.25,0.797601370231672,0.9545152529388147,True,-0.9360516411472077,-1.1202031520506288,0.18415151090342108
0.46125000000000005,0.546875,0.375,0.797601370231672,0.9798828659664871,True,-0.9353265908464371,-1.1490834076514438,0.2137568168050067
0.46125000000000005,0.546875,0.5,0.797601370231672,1.0065931121426164,True,-0.9346026629005316,-1.1794922102410224,0.24488954734049073
0.46125000000000005,0.546875,0.625,0.797601370231672,1.0347554813926299,True,-0.933879854705452,-1.2115542107681385,0.27767435606268653
0.46125000000000005,0.546875,0.75,0.797601370231672,1.0644917013049222,True,-0.9331581636652091,-1.245407992388515,0.312249828723306
0.46125000000000005,0.546875,0.875,0.797601370231672,1.0959374960296389,True,-0.9324375871918316,-1.28120807291757,0.34877048572573854
0.46125000000000005,0.546875,1.0,0.797601370231672,1.129244657520243,True,-0.9317181227053356,-1.3191272628759223,0.3874091401705867
0.46125000000000005,0.546875,1.125,0.797601370231672,1.1645834958010874,True,-0.930999767633694,-1.359359455044469,0.428359687410775
0.46125000000000005,0.546875,1.25,0.797601370231672,1.2021457517262608,True,-0.9302825194128058,-1.4021229405517126,0.4718404211389068
0.46125000000000005,0.546875,1.375,0.797601370231672,1.2421480773828344,True,-0.9295663754864653,-1.4476643712069597,0.5180979957204944
0.46125000000000005,0.546875,1.5,0.797601370231672,1.2848362175321564,True,-0.9288513333063324,-1.4962635199440117,0.5674121866376793
0.46125000000000005,0.546875,1.625,0.797601370231672,1.3304900625522817,True,-0.9281373903319012,-1.5482390334423815,0.6201016431104802
0.46125000000000005,0.546875,1.75,0.797601370231672,1.3794297924201742,True,-0.9274245440304717,-1.6039554268640945,0.6765308828336228
0.46125000000000005,0.546875,1.875,0.797601370231672,1.4320233968359724,True,-0.9267127918771175,-1.663831645286359,0.7371188534092415
0.46125000000000005,0.546875,2.0,0.797601370231672,1.4886959450370336,True,-0.9260021313546585,-1.7283516171028142,0.8023494857481557
0.46125000000000005,0.55625,0.0,0.7892954301283913,0.9117047677011048,True,-0.9553148027080406,-1.1034715608865044,0.14815675817846385
0.46125000000000005,0.55625,0.125,0.7892954301283913,0.9369862537756467,True,-0.9503456272757891,-1.128171727724765,0.17782610044897584
0.46125000000000005,0.55625,0.25,0.7892954301283913,0.963425458579858,True,-0.9454278797649409,-1.1540029928572588,0.2085751130923179
0.46125000000000005,0.55625,0.375,0.7892954301283913,0.9911037689641795,True,-0.9405607659143355,-1.181044871735666,0.24048410582133062
0.46125000000000005,0.55625,0.5,0.7892954301283913,1.0201103834180698,True,-0.9357435077346402,-1.2093845118308604,0.27364100409622016
0.46125000000000005,0.55625,0.625,0.7892954301283913,1.0505432723286714,True,-0.9309753430937802,-1.2391176308115144,0.3081422877177342
0.46125000000000005,0.55625,0.75,0.7892954301283913,1.082510283459428,True,-0.926255525314974,-1.2703495966034823,0.34409407128850833
0.46125000000000005,0.55625,0.875,0.7892954301283913,1.116130418933027,True,-0.9215833227869393,-1.3031966750099624,0.38161335222302306
0.46125000000000005,0.55625,1.0,0.7892954301283913,1.1515353155844001,True,-0.9169580185858316,-1.3377874760254491,0.4208294574396175
0.46125000000000005,0.55625,1.125,0.7892954301283913,1.1888709675005036,True,-0.9123789101085155,-1.3742646367676576,0.4618857266591422
0.46125000000000005,0.55625,1.25,0.7892954301283913,1.2282997382682201,True,-0.9078453087167659,-1.412786787456055,0.504941478739289
0.46125000000000005,0.55625,1.375,0.7892954301283913,1.2700027214156457,True,-0.9033565393920268,-1.4535308575774641,0.5501743181854374
0.46125000000000005,0.55625,1.5,0.7892954301283913,1.3141825214262246,True,-0.8989119404003615,-1.4966947929539192,0.5977828525535577
0.46125000000000005,0.55625,1.625,0.7892954301283913,1.3610665454264377,True,-0.8945108629672434,-1.5425007717417087,0.6479899087744654
0.46125000000000005,0.55625,1.75,0.7892954301283913,1.410910918404287,True,-0.8901526709618561,-1.591199029623832,0.701046358661976
0.46125000000000005,0.55625,1.875,0.7892954301283913,1.4640051642491676,True,-0.8858367405905759,-1.643072433214642,0.7572356926240661
0.46125000000000005,0.55625,2.0,0.7892954301283913,1.5206778332638868,True,-0.8815624600993298,-1.6984419781735784,0.8168795180742486
0.46125000000000005,0.565625,0.0,0.7812678386660563,0.9165372496829319,True,-0.972586230051114,-1.1409806781404739,0.16839444808935988
0.46125000000000005,0.565625,0.125,0.7812678386660563,0.9439999831130795,True,-0.9633890768063947,-1.164055689005894,0.20066661219949922
0.46125000000000005,0.565625,0.25,0.7812678386660563,0.9725964488264518,True,-0.9543642377997161,-1.188083295679755,0.23371905788003877
0.46125000000000005,0.565625,0.375,0.7812678386660563,1.0023983315660745,True,-0.9455069153572744,-1.2131237298293966,0.26761681447212227
0.46125000000000005,0.565625,0.5,0.7812678386660563,1.033483489594959,True,-0.9368124882736731,-1.239242410298486,0.3024299220248129
0.46125000000000005,0.565625,0.625,0.7812678386660563,1.065936633902125,True,-0.9282765037722605,-1.2665105137962547,0.3382340100239942
0.46125000000000005,0.565625,0.75,0.7812678386660563,1.0998500990970028,True,-0.9198946699010264,-1.295005622626055,0.3751109527250285
0.46125000000000005,0.565625,0.875,0.7812678386660563,1.135324720764808,True,-0.911662848336781,-1.324812461865614,0.41314961352883306
0.46125000000000005,0.565625,1.0,0.7812678386660563,1.1724708368396917,True,-0.9035770475722621,-1.3560237407507356,0.4524466931784735
0.46125000000000005,0.565625,1.125,0.7812678386660563,1.211409433941287,True,-0.8956334164626102,-1.3887411158615897,0.49310769939897947
0.46125000000000005,0.565625,1.25,0.7812678386660563,1.2522734637631392,True,-0.887828238109285,-1.4230762971916815,0.5352480590823965
0.46125000000000005,0.565625,1.375,0.7812678386660563,1.2952093596895897,True,-0.8801579240610201,-1.4591523224547671,0.578994398393747
0.46125000000000005,0.565625,1.5,0.7812678386660563,1.3403787900968698,True,-0.8726190088128029,-1.497105030260926,0.624486021448123
0.46125000000000005,0.565625,1.625,0.7812678386660563,1.3879606925824535,True,-0.865208144585166,-1.5370847693369678,0.6718766247518018
0.46125000000000005,0.565625,1.75,0.7812678386660563,1.4381536430782855,True,-0.8579220963672649,-1.5792583891262995,0.7213362927590345
0.46125000000000005,0.565625,1.875,0.7812678386660563,1.491178625980801,True,-0.8507577372083202,-1.6238115673351043,0.7730538301267842
0.46125000000000005,0.565625,2.0,0.7812678386660563,1.547282286789626,True,-0.8437120437430305,-1.6709515428967618,0.8272394991537313
0.46125000000000005,0.575,0.0,0.7735487817466326,0.9219460446819153,True,-0.9893250080707398,-1.1791166887190216,0.1897916806482819
0.46125000000000005,0.575,0.125,0.7735487817466326,0.9514629697059198,True,-0.9759242409982162,-1.200384253015729,0.22446001201751276
0.46125000000000005,0.575,0.25,0.7735487817466326,0.9820642382554285,True,-0.962881658710773,-1.2224331095923613,0.25955145088158826
0.46125000000000005,0.575,0.375,0.7735487817466326,1.0138107206096827,True,-0.9501830898901508,-1.2453071167633085,0.29512402687315775
0.46125000000000005,0.575,0.5,0.7735487817466326,1.0467679299111257,True,-0.9378151010578091,-1.2690534781233913,0.33123837706558223
0.46125000000000005,0.575,0.625,0.7735487817466326,1.0810064734368883,True,-0.9257649491717623,-1.293723067698443,0.3679581185266807
0.46125000000000005,0.575,0.75,0.7735487817466326,1.1166025575483192,True,-0.9140205378316018,-1.31937079377205,0.40535025594044827
0.46125000000000005,0.575,0.875,0.7735487817466326,1.1536385539182967,True,-0.9025703767753032,-1.3460560068642184,0.4434856300889153
0.46125000000000005,0.575,1.0,0.7735487817466326,1.192203635891122,True,-0.8914035443827274,-1.3738429582420415,0.4824394138593141
0.46125000000000005,0.575,1.125,0.7735487817466326,1.2323944953229589,True,-0.8805096529286023,-1.4028013164182873,0.522291663489685
0.46125000000000005,0.575,1.25,0.7735487817466326,1.2743161520332855,True,-0.8698788163526152,-1.4330067503781694,0.5631279340255542
0.46125000000000005,0.575,1.375,0.7735487817466326,1.3180828701333989,True,-0.85950162033642,-1.4645415898132752,0.6050399694768552
0.46125000000000005,0.575,1.5,0.7735487817466326,1.3638191980660206,True,-0.8493690944971852,-1.4974955744919394,0.6481264799947541
0.46125000000000005,0.575,1.625,0.7735487817466326,1.4116611522901026,True,-0.8394726865250658,-1.5319667071290055,0.6924940206039397
0.46125000000000005,0.575,1.75,0.7735487817466326,1.4617575683023742,True,-0.8298042381078665,-1.5680622268252182,0.7382579887173517
0.46125000000000005,0.575,1.875,0.7735487817466326,1.51427164726059,True,-0.8203559625004614,-1.605899723441751,0.7855437609412895
0.46125000000000005,0.575,2.0,0.7735487817466326,1.5693827320646472,True,-0.8111204236093478,-1.6456084173039467,0.8344879936945989
0.46125000000000005,0.584375,0.0,0.766165203253249,0.9279578072543079,True,-1.0055381379679653,-1.217879592622149,0.21234145465418375
0.46125000000000005,0.584375,0.125,0.766165203253249,0.9594059058546212,True,-0.9879674894061535,-1.2371507347290993,0.24918324532294578
0.46125000000000005,0.584375,0.25,0.766165203253249,0.9918652450762728,True,-0.9710003498649801,-1.257041556962527,0.286041207097547
0.46125000000000005,0.584375,0.375,0.766165203253249,1.0253853979165188,True,-0.9546061507239426,-1.2775824372567854,0.3229762865328428
0.46125000000000005,0.584375,0.5,0.766165203253249,1.0600192314201549,True,-0.9387563535461252,-1.2988057721120878,0.3600494185659626
0.46125000000000005,0.584375,0.625,0.766165203253249,1.095823184906788,True,-0.9234242842901599,-1.3207461470899464,0.39732186279978654
0.46125000000000005,0.584375,0.75,0.766165203253249,1.132857576882787,True,-0.9085849835073287,-1.3434405248863468,0.43485554137901805
0.46125000000000005,0.584375,0.875,0.766165203253249,1.1711869441484397,True,-0.8942150707541019,-1.3669284531338917,0.47271338237978977
0.46125000000000005,0.584375,1.0,0.766165203253249,1.2108804171106182,True,-0.8802926216708158,-1.3912522943903836,0.5109596727195678
0.46125000000000005,0.584375,1.125,0.766165203253249,1.2520121358924663,True,-0.8667970563672276,-1.4164574811274988,0.5496604247602712
0.46125000000000005,0.584375,1.25,0.766165203253249,1.294661712509387,True,-0.8537090379198577,-1.4425927989485177,0.5888837610286599
0.46125000000000005,0.584375,1.375,0.766165203253249,1.3389147451730188,True,-0.8410103799282608,-1.46971070174967,0.6287003218214092
0.46125000000000005,0.584375,1.5,0.766165203253249,1.3848633917139364,True,-0.8286839622007994,-1.4978676631089562,0.6691837009081568
0.46125000000000005,0.584375,1.625,0.766165203253249,1.4326070102061796,True,-0.8167136537479156,-1.5271245688557114,0.7104109151077957
0.46125000000000005,0.584375,1.75,0.766165203253249,1.482252876164926,True,-0.8050842423545229,-1.5575471565635757,0.7524629142090528
0.46125000000000005,0.584375,1.875,0.766165203253249,1.5339169872125247,True,-0.7937813700849501,-1.5892065086433738,0.7954251385584237
0.46125000000000005,0.584375,2.0,0.766165203253249,1.5877249679165144,True,-0.7827914741454878,-1.6221796068205807,0.8393881326750929
0.46125000000000005,0.59375,0.0,0.7591411098570146,0.9345997529515123,True,-1.0212338244105952,-1.257269389849855,0.23603556543925985
0.46125000000000005,0.59375,0.125,0.7591411098570146,0.9678599884848217,True,-0.9995353472825973,-1.2743484144776722,0.2748130671950749
0.46125000000000005,0.59375,0.25,0.7591411098570146,1.0020362969013434,True,-0.9787397550474721,-1.2918978396027314,0.3131580845552593
0.46125000000000005,0.59375,0.375,0.7591411098570146,1.0371670531980555,True,-0.958791842010655,-1.3099373706633128,0.3511455286526578
0.46125000000000005,0.59375,0.5,0.7591411098570146,1.0732928061363043,True,-0.9396408132195153,-1.3284878293187508,0.38884701609923544
0.46125000000000005,0.59375,0.625,0.7591411098570146,1.1104564343697816,True,-0.9212398525861577,-1.347571233620652,0.4263313810344943
0.46125000000000005,0.59375,0.75,0.7591411098570146,1.1487033162250666,True,-0.903545740780213,-1.3672108851946596,0.4636651444144466
0.46125000000000005,0.59375,0.875,0.7591411098570146,1.1880815145481354,True,-0.8865185163262539,-1.3874314641585466,0.5009129478322927
0.46125000000000005,0.59375,1.0,0.7591411098570146,1.2286419782000109,True,-0.8701211743119375,-1.4082591325895866,0.5381379582776491
0.46125000000000005,0.59375,1.125,0.7591411098570146,1.270438761977721,True,-0.8543193979256933,-1.4297216474532637,0.5754022495275704
0.46125000000000005,0.59375,1.25,0.7591411098570146,1.313529266956676,True,-0.8390813187249981,-1.4518484840183155,0.6127671652933173
0.46125000000000005,0.59375,1.375,0.7591411098570146,1.357974503501561,True,-0.824377302110928,-1.4746709709119827,0.6502936688010548
0.46125000000000005,0.59375,1.5,0.7591411098570146,1.40383937947998,True,-0.8101797549702435,-1.4982224381167988,0.6880426831465553
0.46125000000000005,0.59375,1.625,0.7591411098570146,1.4511930165420988,True,-0.7964629528578459,-1.522538379379172,0.7260754265213262
0.46125000000000005,0.59375,1.75,0.7591411098570146,1.500109097707449,True,-0.7832028844423503,-1.5476566306940982,0.7644537462517479
0.46125000000000005,0.59375,1.875,0.7591411098570146,1.5506662499349881,True,-0.7703771112358685,-1.573617566753667,0.8032404555177984
0.46125000000000005,0.59375,2.0,0.7591411098570146,1.6029484658542503,True,-0.757964640884161,-1.6004643175046558,0.8424996766204947
0.46125000000000005,0.603125,0.0,0.7524978702048886,0.9418997987780087,True,-1.0364212985452976,-1.29728608040214,0.26086478185684236
0.46125000000000005,0.603125,0.125,0.7524978702048886,0.9768570038828105,True,-1.0106443765125739,-1.3119705406771134,0.3013261641645395
0.46125000000000005,0.603125,0.25,0.7524978702048886,1.0126146565804266,True,-0.986118538687315,-1.326991244677626,0.34087270599031094
0.46125000000000005,0.603125,0.375,0.7524978702048886,1.0492005681693823,True,-0.9627548608869475,-1.3423598750856076,0.3796050141986601
0.46125000000000005,0.603125,0.5,0.7524978702048886,1.0866438534376757,True,-0.9404726512520297,-1.3580886621393307,0.41761601088730094
0.46125000000000005,0.603125,0.625,0.7524978702048886,1.1249750079348604,True,-0.9191985191424608,-1.3741904160930658,0.45499189695060505
0.46125000000000005,0.603125,0.75,0.7524978702048886,1.1642259908069885,True,-0.8988655676114918,-1.390678562013526,0.4918129944020342
0.46125000000000005,0.603125,0.875,0.7524978702048886,1.2044303136673238,True,-0.8794126907365944,-1.4075671771117535,0.528154486375159
0.46125000000000005,0.603125,1.0,0.7524978702048886,1.2456231360222105,True,-0.8607839602588035,-1.424871030828631,0.5640870705698274
0.46125000000000005,0.603125,1.125,0.7524978702048886,1.2878413678232357,True,-0.8429280885623925,-1.4426056279139285,0.599677539351536
0.46125000000000005,0.603125,1.25,0.7524978702048886,1.3311237797743731,True,-0.8257979571350726,-1.460787254762987,0.6349892976279143
0.46125000000000005,0.603125,1.375,0.7524978702048886,1.3755111220870244,True,-0.8093502013792991,-1.479433029302103,0.6700828279228038
0.46125000000000005,0.603125,1.5,0.7524978702048886,1.4210462524475223,True,-0.7935448440715345,-1.4985609547437915,0.705016110672257
0.46125000000000005,0.603125,1.625,0.7524978702048886,1.4677742740417914,True,-0.7783449709467124,-1.5181899775667542,0.7398450066200418
0.46125000000000005,0.603125,1.75,0.7524978702048886,1.5157426845715458,True,-0.7637164428658781,-1.5383400501130582,0.77462360724718
0.46125000000000005,0.603125,1.875,0.7524978702048886,1.5650015372969548,True,-0.7496276398428778,-1.5590321982372706,0.8094045583943927
0.46125000000000005,0.603125,2.0,0.7524978702048886,1.6156036152535735,True,-0.7360492328905395,-1.5802885944896987,0.8442393615991592
0.46125000000000005,0.6125,0.0,0.7462545055197021,0.9498867081696503,True,-1.051110655038609,-1.337929664279004,0.28681900924039505
0.46125000000000005,0.6125,0.125,0.7462545055197021,0.986429423050171,True,-1.021311073667564,-1.3500103325353359,0.32869925886777196
0.46125000000000005,0.6125,0.25,0.7462545055197021,1.0236380665801554,True,-0.9931545797981031,-1.3623111503651975,0.3691565705670944
0.46125000000000005,0.6125,0.375,0.7462545055197021,1.0615310092658645,True,-0.9665089247035489,-1.3748381908803586,0.40832926617680976
0.46125000000000005,0.6125,0.5,0.7462545055197021,1.1001273035835841,True,-0.9412556813993148,-1.3875977526452856,0.4463420712459708
0.46125000000000005,0.6125,0.625,0.7462545055197021,1.1394467159221247,True,-0.917288484927587,-1.4005963702370245,0.4833078853094376
0.46125000000000005,0.6125,0.75,0.7462545055197021,1.1795097603376643,True,-0.8945115348121854,-1.4138408254042245,0.5193292905920391
0.46125000000000005,0.6125,0.875,0.7462545055197021,1.2203377342420518,True,-0.8728383152185548,-1.4273381588653464,0.5544998436467916
0.46125000000000005,0.6125,1.0,0.7462545055197021,1.2619527561550172,True,-0.8521904967687327,-1.441095682789178,0.5889051860204454
0.46125000000000005,0.6125,1.125,0.7462545055197021,1.3043778056609003,True,-0.8324969906258882,-1.4551209940041432,0.622624003378255
0.46125000000000005,0.6125,1.25,0.7462545055197021,1.3476367657215573,True,-0.8136931307729242,-1.4694219879865384,0.6557288572136143
0.46125000000000005,0.6125,1.375,0.7462545055197021,1.3917544675091513,True,-0.7957199646639429,-1.4840068736818215,0.6882869090178786
0.46125000000000005,0.6125,1.5,0.7462545055197021,1.4367567379356636,True,-0.7785236358542297,-1.4988841892174067,0.7203605533631771
0.46125000000000005,0.6125,1.625,0.7462545055197021,1.482670450070282,True,-0.7620548449888431,-1.5140628185701681,0.752007973581325
0.46125000000000005,0.6125,1.75,0.7462545055197021,1.529523576651476,True,-0.7462683777870592,-1.5295520092570114,0.7832836314699522
0.46125000000000005,0.6125,1.875,0.7462545055197021,1.577345246917662,True,-0.7311226905047968,-1.5453613911225457,0.8142387006177488
0.46125000000000005,0.6125,2.0,0.7462545055197021,1.6261658069990717,True,-0.7165795448717519,-1.5615009963040485,0.8449214514322966
0.46125000000000005,0.621875,0.0,0.7404279694028303,0.9585902405080945,True,-1.0653127029701277,-1.379200141480446,0.3138874385103183
0.46125000000000005,0.621875,0.125,0.7404279694028303,0.9966105070571767,True,-1.0315517835358068,-1.3884609827401606,0.3569091992043538
0.46125000000000005,0.621875,0.25,0.7404279694028303,1.0351448104735954,True,-0.9998649738932519,-1.3978470312712101,0.3979820573779582
0.46125000000000005,0.621875,0.375,0.7404279694028303,1.0742036464342646,True,-0.9700668351694648,-1.4073608435732365,0.43729400840377175
0.46125000000000005,0.621875,0.5,0.7404279694028303,1.1137977983104337,True,-0.9419933946707995,-1.4170050462214445,0.47501165155064506
0.46125000000000005,0.621875,0.625,0.7404279694028303,1.1539383470930955,True,-0.9154991271213564,-1.4267823382841966,0.5112832111628403
0.46125000000000005,0.621875,0.75,0.7404279694028303,1.1946366817321659,True,-0.8904544313947946,-1.436695493841394,0.5462410624465994
0.46125000000000005,0.621875,0.875,0.7404279694028303,1.2359045099096857,True,-0.8667435103819658,-1.446747364608576,0.5800038542266102
0.46125000000000005,0.621875,1.0,0.7404279694028303,1.2777538692684671,True,-0.8442625808007657,-1.4569408826719517,0.612678301871186
0.46125000000000005,0.621875,1.125,0.7404279694028303,1.3201971391187908,True,-0.8229183545581643,-1.4672790633398762,0.6443607087817119
0.46125000000000005,0.621875,1.25,0.7404279694028303,1.3632470526470817,True,-0.8026267447926709,-1.4777650081165987,0.6751382633239278
0.46125000000000005,0.621875,1.375,0.7404279694028303,1.4069167096518451,True,-0.7833117587491361,-1.4884019078044324,0.7050901490552963
0.46125000000000005,0.621875,1.5,0.7404279694028303,1.4512195898336353,True,-0.7649045467529958,-1.4991930457408815,0.7342884989878857
0.46125000000000005,0.621875,1.625,0.7404279694028303,1.496169566667362,True,-0.7473425821960074,-1.5101418011776062,0.7627992189815989
0.46125000000000005,0.621875,1.75,0.7404279694028303,1.541780921886943,True,-0.730568951950182,-1.5212516528085436,0.7906827008583616
0.46125000000000005,0.621875,1.875,0.7404279694028303,1.5880683606140547,True,-0.7145317402413344,-1.5325261824549141,0.8179944422135798
0.46125000000000005,0.621875,2.0,0.7404279694028303,1.6350470271646595,True,-0.6991834919295578,-1.5439690789153206,0.8447855869857629
0.46125000000000005,0.6312500000000001,0.0,0.7350334152881399,0.9680413053318822,True,-1.0790388302175586,-1.4210975120064682,0.3420586817889095
0.46125000000000005,0.6312500000000001,0.125,0.7350334152881399,1.007434421898152,True,-1.0413826265525352,-1.4273156601247383,0.3859330335722031
0.46125000000000005,0.6312500000000001,0.25,0.7350334152881399,1.0471737902225589,True,-1.006266041371408,-1.4335884635966838,0.42732242222527583
0.46125000000000005,0.6312500000000001,0.375,0.7350334152881399,1.0872639956050199,True,-0.9734405392516374,-1.4399166462054562,0.4664761069538188
0.46125000000000005,0.6312500000000001,0.5,0.7350334152881399,1.127709704666611,True,-0.9426889902809699,-1.4463009445706374,0.5036119542896675
0.46125000000000005,0.6312500000000001,0.625,0.7350334152881399,1.168515667160403,True,-0.9138208613754206,-1.4527421084340781,0.5389212470586575
0.46125000000000005,0.6312500000000001,0.75,0.7350334152881399,1.2096867178309043,True,-0.8866682648869572,-1.4592409009534084,0.5725726360664513
0.46125000000000005,0.6312500000000001,0.875,0.7350334152881399,1.2512277783236345,True,-0.8610826913360777,-1.4657980990034605,0.6047154076673827
0.46125000000000005,0.6312500000000001,1.0,0.7350334152881399,1.2931438591464142,True,-0.836932291957879,-1.4724144934858556,0.6354822015279766
0.46125000000000005,0.6312500000000001,1.125,0.7350334152881399,1.3354400616840152,True,-0.8140996060638338,-1.4790908896470152,0.6649912835831814
0.46125000000000005,0.6312500000000001,1.25,0.7350334152881399,1.378121580267872,True,-0.7924796505288193,-1.4858281074048598,0.6933484568760405
0.46125000000000005,0.6312500000000001,1.375,0.7350334152881399,1.4211937043026133,True,-0.7719783058264666,-1.492626981684481,0.7206486758580144
0.46125000000000005,0.6312500000000001,1.5,0.7350334152881399,1.4646618204512487,True,-0.7525109462653908,-1.499488362763068,0.7469774164976771
0.46125000000000005,0.6312500000000001,1.625,0.7350334152881399,1.508531414880903,True,-0.7340012723796661,-1.5064131166243961,0.7724118442447301
0.46125000000000005,0.6312500000000001,1.75,0.7350334152881399,1.5528080755710643,True,-0.7163803115021322,-1.5134021253231786,0.7970218138210464
0.46125000000000005,0.6312500000000001,1.875,0.7350334152881399,1.597497494686384,True,-0.699585558920492,-1.5204562873596101,0.8208707284391181
0.46125000000000005,0.6312500000000001,2.0,0.7350334152881399,1.642605471016155,True,-0.6835602370740091,-1.527576518064436,0.8440162809904269
0.46125000000000005,0.640625,0.0,0.7300844505572237,0.9782721215392873,True,-1.0923008808314303,-1.463621775857068,0.3713208950256377
0.46125000000000005,0.640625,0.125,0.7300844505572237,1.0189363624811756,True,-1.0508194386369962,-1.4665675123091384,0.41574807367214217
0.46125000000000005,0.640625,0.25,0.7300844505572237,1.0597646180760147,True,-1.0123733410789786,-1.4695251300586505,0.4571517889796719
0.46125000000000005,0.640625,0.375,0.7300844505572237,1.100757882631066,True,-0.9766411867576191,-1.472494701133683,0.49585351437606395
0.46125000000000005,0.640625,0.5,0.7300844505572237,1.1419171585069272,True,-0.9433454033131393,-1.475476298145702,0.5321308948325626
0.46125000000000005,0.640625,0.625,0.7300844505572237,1.183243456199231,True,-0.912245022607426,-1.4784699942954789,0.5662249716880529
0.46125000000000005,0.640625,0.75,0.7300844505572237,1.2247377944213422,True,-0.883129839428149,-1.4814758633790817,0.5983460239509326
0.46125000000000005,0.640625,0.875,0.7300844505572237,1.266401200188066,True,-0.8558156541800616,-1.4844939797939396,0.628678325613878
0.46125000000000005,0.640625,1.0,0.7300844505572237,1.3082347089003779,True,-0.8301403719189691,-1.4875244185449779,0.6573840466260088
0.46125000000000005,0.640625,1.125,0.7300844505572237,1.3502393644311994,True,-0.8059607831288684,-1.490567255250835,0.6846064721219667
0.46125000000000005,0.640625,1.25,0.7300844505572237,1.3924162192122238,True,-0.7831498911758944,-1.4936225661501505,0.7104726749742561
0.46125000000000005,0.640625,1.375,0.7300844505572237,1.4347663343218127,True,-0.761594681112963,-1.4966904281079325,0.7350957469949695
0.46125000000000005,0.640625,1.5,0.7300844505572237,1.4772907795739816,True,-0.7411942470795158,-1.4997709186220036,0.7585766715424879
0.46125000000000005,0.640625,1.625,0.7300844505572237,1.5199906336084819,True,-0.7218582128119803,-1.502864115829527,0.7810059030175468
0.46125000000000005,0.640625,1.75,0.7300844505572237,1.5628669839820015,True,-0.7035053930997761,-1.5059700985136135,0.8024647054138374
0.46125000000000005,0.640625,1.875,0.7300844505572237,1.6059209272605022,True,-0.6860626543687757,-1.5090889461100088,0.8230262917412331
0.46125000000000005,0.640625,2.0,0.7300844505572237,1.6491535691127004,True,-0.6694639406681621,-1.512220738713867,0.842756798045705
0.46125000000000005,0.65,0.0,0.7255933767973318,0.9893163820035351,True,-1.1051110447919197,-1.5067729330322475,0.4016618882403278
0.46125000000000005,0.65,0.125,0.7255933767973318,1.0311526855163629,True,-1.059877722038164,-1.506209668316582,0.4463319462784179
0.46125000000000005,0.65,0.25,0.7255933767973318,1.0729577220648099,True,-1.018201687945213,-1.50564682456492,0.487445136619707
0.46125000000000005,0.65,0.375,0.7255933767973318,1.1147315266875069,True,-0.9796791845956317,-1.5050844013055167,0.5254052167098849
0.46125000000000005,0.65,0.5,0.7255933767973318,1.1564741343707514,True,-0.9439653294752542,-1.5045223980673332,0.560557068592079
0.46125000000000005,0.65,0.625,0.7255933767973318,1.1981855800486043,True,-0.9107637615139772,-1.5039608143800334,0.5931970528660562
0.46125000000000005,0.65,0.75,0.7255933767973318,1.2398658986029873,True,-0.8798183979287986,-1.5033996497739832,0.6235812518451846
0.46125000000000005,0.65,0.875,0.7255933767973318,1.28151512486378,True,-0.850906816329789,-1.5028389037802485,0.6519320874504595
0.46125000000000005,0.65,1.0,0.7255933767973318,1.3231332936089182,True,-0.8238349001305949,-1.502278575930596,0.6784436758000012
0.46125000000000005,0.65,1.125,0.7255933767973318,1.3647204395644885,True,-0.7984324745911237,-1.5017186657574897,0.703286191166366
0.46125000000000005,0.65,1.25,0.7255933767973318,1.4062765974048277,True,-0.7745497260695678,-1.50115917279409,0.7266094467245222
0.46125000000000005,0.65,1.375,0.7255933767973318,1.4478018017526155,True,-0.7520542452548771,-1.500600096574253,0.7485458513193759
0.46125000000000005,0.65,1.5,0.7255933767973318,1.4892960871789749,True,-0.7308285711028781,-1.500041436632529,0.7692128655296508
0.46125000000000005,0.65,1.625,0.7255933767973318,1.5307594882035644,True,-0.7107681392697343,-1.4994831925041614,0.7887150532344271
0.46125000000000005,0.65,1.75,0.7255933767973318,1.5721920392946764,True,-0.6917795593980886,-1.4989253637250854,0.8071458043269969
0.46125000000000005,0.65,1.875,0.7255933767973318,1.6135937748693308,True,-0.6737791613576868,-1.4983679498319253,0.8245887884742386
0.46125000000000005,0.65,2.0,0.7255933767973318,1.6549647292933714,True,-0.6566917626946759,-1.4978109503619954,0.8411191876673195
0.47500000000000003,0.5,0.0,0.8212404833259324,0.895024610661861,True,-0.8075913587724609,-0.8801491842339391,0.07255782546147815
0.47500000000000003,0.5,0.125,0.8212404833259324,0.9003940681522191,True,-0.8309035033601151,-0.9109884386147883,0.0800849352546732
0.47500000000000003,0.5,0.25,0.8212404833259324,0.906153465897864,True,-0.8556015219463313,-0.9440672985326437,0.08846577658631238
0.47500000000000003,0.5,0.375,0.8212404833259324,0.9123468817152156,True,-0.8818127828351751,-0.9796389230814291,0.09782614024625402
0.47500000000000003,0.5,0.5,0.8212404833259324,0.9190252967866931,True,-0.9096807552376242,-1.0179961205487758,0.1083153653111516
0.47500000000000003,0.5,0.625,0.8212404833259324,0.9262480022203324,True,-0.9393676364883632,-1.059479426932322,0.12011179044395881
0.47500000000000003,0.5,0.75,0.8212404833259324,0.9340843641223265,True,-0.9710575110426866,-1.1044872435599706,0.13342973251728407
0.47500000000000003,0.5,0.875,0.8212404833259324,0.9426160585224018,True,-1.0049601712162783,-1.1534886732902658,0.1485285020739875
0.47500000000000003,0.5,1.0,0.8212404833259324,0.9519399288440252,True,-1.0413157672430648,-1.2070399322729335,0.16572416502986864
0.47500000000000003,0.5,1.125,0.8212404833259324,0.9621716780827929,True,-1.0804005045444611,-1.2658055558209413,0.18540505127648021
0.47500000000000003,0.5,1.25,0.8212404833259324,0.9734506947200109,True,-1.122533674082102,-1.3305861158431804,0.2080524417610785
0.47500000000000003,0.5,1.375,0.8212404833259324,0.9859464404291723,True,-1.168086394472271,-1.4023549083692808,0.23426851389700976
0.47500000000000003,0.5,1.5,0.8212404833259324,0.9998670228714286,True,-1.2174925726749144,-1.482307191041642,0.2648146183667277
0.47500000000000003,0.5,1.625,0.8212404833259324,1.0154708783513515,True,-1.2712627691360214,-1.5719272819598509,0.30066451282382944
0.47500000000000003,0.5,1.75,0.8212404833259324,1.0330829651800981,True,-1.3300019067923177,-1.6730815655843414,0.34307965879202373
0.47500000000000003,0.5,1.875,0.8212404833259324,1.0531176393534734,True,-1.3944321274147977,-1.7881498782359684,0.39371775082117066
0.47500000000000003,0.5,2.0,0.8212404833259324,1.0761116672387838,True,-1.4654226296472836,-1.9202151150813653,0.4547924854340817
0.47500000000000003,0.509375,0.0,0.8139738315663552,0.897646781559062,True,-0.8283168559225913,-0.913464206090294,0.0851473501677027
0.47500000000000003,0.509375,0.125,0.8139738315663552,0.9061395224920168,True,-0.8477081856694525,-0.9436935940519516,0.09598540838249914
0.47500000000000003,0.509375,0.25,0.8139738315663552,0.9152136045479677,True,-0.8680292021604797,-0.9759922299141225,0.10796302775364275
0.47500000000000003,0.509375,0.375,0.8139738315663552,0.9249308336160347,True,-0.8893484060216076,-1.010580107930165,0.12123170190855748
0.47500000000000003,0.509375,0.5,0.8139738315663552,0.9353620987579365,True,-0.9117411969531259,-1.0477095533465293,0.13596835639340332
0.47500000000000003,0.509375,0.625,0.8139738315663552,0.9465891044640488,True,-0.935290764718371,-1.0876713882614364,0.15238062354306536
0.47500000000000003,0.509375,0.75,0.8139738315663552,0.9587065150610095,True,-0.9600891218747903,-1.1308025645115969,0.17071344263680654
0.47500000000000003,0.509375,0.875,0.8139738315663552,0.971824630400867,True,-0.9862383052710552,-1.1774956876228369,0.1912573823517817
0.47500000000000003,0.509375,1.0,0.8139738315663552,0.9860727530096587,True,-1.0138517793869255,-1.2282110019679529,0.21435922258102735
0.47500000000000003,0.509375,1.125,0.8139738315663552,1.001603464548946,True,-1.043056082214856,-1.2834916125679943,0.24043553035313825
0.47500000000000003,0.509375,1.25,0.8139738315663552,1.0185981115839167,True,-1.0739927640392697,-1.3439830113457534,0.2699902473064837
0.47500000000000003,0.509375,1.375,0.8139738315663552,1.037273919356699,True,-1.1068206817829551,-1.4104583981634657,0.3036377163805106
0.47500000000000003,0.509375,1.5,0.8139738315663552,1.0578933265601116,True,-1.1417187273977847,-1.4838519073746887,0.34213317997690407
0.47500000000000003,0.509375,1.625,0.8139738315663552,1.08077639451031,True,-1.1788890892164938,-1.5653027775095978,0.38641368829310396
0.47500000000000003,0.509375,1.75,0.8139738315663552,1.1063175406370167,True,-1.2185611718122902,-1.656214913102198,0.43765374128990775
0.47500000000000003,0.509375,1.875,0.8139738315663552,1.1350084627780948,True,-1.2609963348894013,-1.7583384823040913,0.49734214741468996
0.47500000000000003,0.509375,2.0,0.8139738315663552,1.1674701019806129,True,-1.3064936580616155,-1.8738836865050696,0.5673900284434541
0.47500000000000003,0.51875,0.0,0.8066863768902924,0.9006603080348882,True,-0.8485475823709414,-0.9473980828418137,0.0988505004708723
0.47500000000000003,0.51875,0.125,0.8066863768902924,0.9121411805758894,True,-0.8639406938774397,-0.9768801197545103,0.11293942587707062
0.47500000000000003,0.51875,0.25,0.8066863768902924,0.9243595486853471,True,-0.8799026023841041,-1.0082559910856734,0.12835338870156932
0.47500000000000003,0.51875,0.375,0.8066863768902924,0.9373888321266357,True,-0.8964654281013656,-1.0417142333917555,0.14524880529038986
0.47500000000000003,0.51875,0.5,0.8066863768902924,0.9513125306873668,True,-0.9136637560928289,-1.0774692679906266,0.16380551189779768
0.47500000000000003,0.51875,0.625,0.8066863768902924,0.9662260155622556,True,-0.9315348773360015,-1.1157660011011283,0.18423112376512685
0.47500000000000003,0.51875,0.75,0.8066863768902924,0.982238716844104,True,-0.9501190586380833,-1.1568854411591458,0.2067663825210625
0.47500000000000003,0.51875,0.875,0.8066863768902924,0.9994768132175011,True,-0.9694598455184708,-1.2011516057533567,0.2316917602348859
0.47500000000000003,0.51875,1.0,0.8066863768902924,1.0180865637181062,True,-0.9896044028531173,-1.2489400773382056,0.2593356744850882
0.47500000000000003,0.51875,1.125,0.8066863768902924,1.0382384677810246,True,-1.0106038988899206,-1.300688685932397,0.2900847870424763
0.47500000000000003,0.51875,1.25,0.8066863768902924,1.0601325041978822,True,-1.03251393921717,-1.356910962375632,0.32439702315846186
0.47500000000000003,0.51875,1.375,0.8066863768902924,1.0840047901817844,True,-1.055395058433975,-1.4182132383180213,0.3628181798840462
0.47500000000000003,0.51875,1.5,0.8066863768902924,1.1101361308912143,True,-1.0793132786765043,-1.485316600769119,0.4060033220926147
0.47500000000000003,0.51875,1.625,0.8066863768902924,1.1388631166451795,True,-1.104340745851952,-1.5590853889308454,0.4547446430788933
0.47500000000000003,0.51875,1.75,0.8066863768902924,1.1705926998424354,True,-1.1305564564930426,-1.6405646266547405,0.5100081701616979
0.47500000000000003,0.51875,1.875,0.8066863768902924,1.2058215947474797,True,-1.158047090657791,-1.7310298396666293,0.5729827490088382
0.47500000000000003,0.51875,2.0,0.8066863768902924,1.245162470411576,True,-1.1869079693745552,-1.832054317062799,0.6451463476882437
0.47500000000000003,0.528125,0.0,0.7994291718075585,0.9040914883039803,True,-0.8682750988563209,-0.9819508144884973,0.11367571563217638
0.47500000000000003,0.528125,0.125,0.7994291718075585,0.9184266626233277,True,-0.8796092556866024,-1.0105417985763794,0.13093254288977696
0.47500000000000003,0.528125,0.25,0.7994291718075585,0.9336216523613493,True,-0.8912432304033993,-1.0408476532620088,0.14960442285860953
0.47500000000000003,0.528125,0.375,0.7994291718075585,0.9497562059948189,True,-0.9031890789043432,-1.0730274339834065,0.1698383550790633
0.47500000000000003,0.528125,0.5,0.7994291718075585,0.9669202489420602,True,-0.9154595122370962,-1.1072604937185768,0.19180098148148061
0.47500000000000003,0.528125,0.625,0.7994291718075585,0.9852155604484619,True,-0.9280679417155623,-1.1437498274727123,0.21568188575714997
0.47500000000000003,0.528125,0.75,0.7994291718075585,1.0047577933376086,True,-0.9410285278164199,-1.182726100598403,0.24169757278198323
0.47500000000000003,0.528125,0.875,0.7994291718075585,1.0256789213018156,True,-0.9543562332307596,-1.2244525298276518,0.27009629659689227
0.47500000000000003,0.528125,1.0,0.7994291718075585,1.048130223178075,True,-0.9680668804886807,-1.2692308353017627,0.301163954813082
0.47500000000000003,0.528125,1.125,0.7994291718075585,1.072285946890384,True,-0.982177214623433,-1.3174085481711342,0.3352313335477012
0.47500000000000003,0.528125,1.25,0.7994291718075585,1.0983478407762646,True,-0.9967049713968897,-1.3693880481612817,0.37268307676439194
0.47500000000000003,0.528125,1.375,0.7994291718075585,1.1265508017017103,True,-1.011668951670823,-1.4256378285327904,0.41396887686196737
0.47500000000000003,0.528125,1.5,0.7994291718075585,1.157169974836938,True,-1.0270891025797066,-1.4867066563259672,0.45961755374626057
0.47500000000000003,0.528125,1.625,0.7994291718075585,1.190529759858191,True,-1.0429866062419806,-1.5532415349029607,0.5102549286609801
0.47500000000000003,0.528125,1.75,0.7994291718075585,1.227015348786436,True,-1.0593839768393885,-1.626010715747631,0.5666267389082424
0.47500000000000003,0.528125,1.875,0.7994291718075585,1.2670876665200732,True,-1.076305167000012,-1.7059334968149447,0.6296283298149326
0.47500000000000003,0.528125,2.0,0.7994291718075585,1.3113029453431102,True,-1.093775684542123,-1.7941192631759821,0.7003435786338592
0.47500000000000003,0.5375,0.0,0.7922492851118609,0.9079665608929195,True,-0.8874935815864082,-1.0171224010303457,0.12962881944393745
0.47500000000000003,0.5375,0.125,0.7922492851118609,0.9250240542973863,True,-0.8947236866581048,-1.0446723621738914,0.1499486755157866
0.47500000000000003,0.5375,0.25,0.7922492851118609,0.9430313180502535,True,-0.9020725616679903,-1.0737563198767952,0.17168375820880488
0.47500000000000003,0.5375,0.375,0.7922492851118609,0.9620699494221835,True,-0.9095431574281201,-1.1045060638213307,0.19496290639321057
0.47500000000000003,0.5375,0.5,0.7922492851118609,0.98223116823172,True,-0.9171385233165038,-1.1370689252945059,0.21993040197800207
0.47500000000000003,0.5375,0.625,0.7922492851118609,1.0036172783858481,True,-0.9248618114272592,-1.1716101377567973,0.24674832632953814
0.47500000000000003,0.5375,0.75,0.7922492851118609,1.02634340415315,True,-0.9327162809322392,-1.208315641138,0.2755993602057608
0.47500000000000003,0.5375,0.875,0.7922492851118609,1.050539563368068,True,-0.9407053026668127,-1.2473954303184824,0.3066901276516697
0.47500000000000003,0.5375,1.0,0.7922492851118609,1.0763531563958704,True,-0.9488323639533529,-1.2890875751153856,0.3402552111620327
0.47500000000000003,0.5375,1.125,0.7922492851118609,1.1039519714947525,True,-0.9571010736769346,-1.3336630743140547,0.3765620006371201
0.47500000000000003,0.5375,1.25,0.7922492851118609,1.1335278360480057,True,-0.9655151676287614,-1.381431752859492,0.4159165852307305
0.47500000000000003,0.5375,1.375,0.7922492851118609,1.1653010816166776,True,-0.9740785141339452,-1.4327494734685484,0.4586709593346032
0.47500000000000003,0.5375,1.5,0.7922492851118609,1.199526042601324,True,-0.9827951199814472,-1.488027017648601,0.5052318976671538
0.47500000000000003,0.5375,1.625,0.7922492851118609,1.2364978788618481,True,-0.9916691366752826,-1.5477411050722694,0.5560719683969868
0.47500000000000003,0.5375,1.75,0.7922492851118609,1.2765611097543974,True,-1.000704867027476,-1.6124481771023016,0.6117433100748255
0.47500000000000003,0.5375,1.875,0.7922492851118609,1.320120382287747,True,-1.0099067721147688,-1.6828017886957052,0.6728950165809364
0.47500000000000003,0.5375,2.0,0.7922492851118609,1.3676541868759335,True,-1.0192794786227042,-1.7595747610403114,0.7402952824176072
0.47500000000000003,0.546875,0.0,0.7851899465183313,0.9123117876444561,True,-0.9061996015638498,-1.0529128424673588,0.146713240903509
0.47500000000000003,0.546875,0.125,0.7851899465183313,0.9319618952932918,True,-0.9092951327040534,-1.079265493672556,0.1699703609685027
0.47500000000000003,0.546875,0.25,0.7851899465183313,0.9526208720516488,True,-0.9124118846832583,-1.1069711336872825,0.19455924900402422
0.47500000000000003,0.546875,0.375,0.7851899465183313,0.9743684604970129,True,-0.91555007646528,-1.1361367048432662,0.22058662837798626
0.47500000000000003,0.546875,0.5,0.7851899465183313,0.9972930345886274,True,-0.9187099300367888,-1.1668807249708009,0.24817079493401206
0.47500000000000003,0.546875,0.625,0.7851899465183313,1.0214927999801902,True,-0.921891670459653,-1.1993348971314937,0.2774432266718406
0.47500000000000003,0.546875,0.75,0.7851899465183313,1.0470772003669768,True,-0.9250955259243769,-1.2336459956626538,0.3085504697382768
0.47500000000000003,0.546875,0.875,0.7851899465183313,1.0741685723428183,True,-0.9283217278046542,-1.2699780854968747,0.3416563576922206
0.47500000000000003,0.546875,1.0,0.7851899465183313,1.1029041015535623,True,-0.931570510713068,-1.3085151455486737,0.3769446348356057
0.47500000000000003,0.546875,1.125,0.7851899465183313,1.1334381461490193,True,-0.9348421125579652,-1.3494641846831077,0.41462207212514246
0.47500000000000003,0.546875,1.25,0.7851899465183313,1.1659450105930735,True,-0.9381367746015319,-1.393058961657246,0.4549221870557141
0.47500000000000003,0.546875,1.375,0.7851899465183313,1.2006222750743774,True,-0.9414547415191021,-1.4395644501745226,0.4981097086554205
0.47500000000000003,0.546875,1.5,0.7851899465183313,1.2376948148378208,True,-0.9447962614597301,-1.4892822291880499,0.5444859677283198
0.47500000000000003,0.546875,1.625,0.7851899465183313,1.27741968219635,True,-0.948161586108056,-1.542557030139793,0.594395444031737
0.47500000000000003,0.546875,1.75,0.7851899465183313,1.3200920752566914,True,-0.9515509707474993,-1.5997847415857855,0.6482337708382863
0.47500000000000003,0.546875,1.875,0.7851899465183313,1.366052686446215,True,-0.9549646743248118,-1.6614222642650558,0.706457589940244
0.47500000000000003,0.546875,2.0,0.7851899465183313,1.41569681788624,True,-0.9584029595160262,-1.727999735676591,0.7695967761605649
0.47500000000000003,0.55625,0.0,0.7782907234202939,0.9171535460950523,True,-0.9243919069535683,-1.0893221387995362,0.1649302318459679
0.47500000000000003,0.55625,0.125,0.7782907234202939,0.9392691827794748,True,-0.9233358352580241,-1.114314830327829,0.19097899506980487
0.47500000000000003,0.55625,0.25,0.7782907234202939,0.9624234626904334,True,-0.9222821738274583,-1.1404812836672413,0.21819910983978308
0.47500000000000003,0.55625,0.375,0.7782907234202939,0.9866913138711015,True,-0.9212309144198801,-1.167906174357373,0.24667525993749295
0.47500000000000003,0.55625,0.5,0.7782907234202939,1.0121550490521016,True,-0.9201820488308342,-1.196682523309838,0.2765004744790037
0.47500000000000003,0.55625,0.625,0.7782907234202939,1.0389052984000735,True,-0.9191355688931877,-1.2269127508994278,0.30777718200624005
0.47500000000000003,0.55625,0.75,0.7782907234202939,1.0670420873070727,True,-0.9180914664769176,-1.2587098949646784,0.3406184284877608
0.47500000000000003,0.55625,0.875,0.7782907234202939,1.09667608623341,True,-0.9170497334889008,-1.292199023244552,0.3751492897556511
0.47500000000000003,0.55625,1.0,0.7782907234202939,1.1279300655232452,True,-0.9160103618727049,-1.3275188774530768,0.41150851558037194
0.47500000000000003,0.55625,1.125,0.7782907234202939,1.1609405955128582,True,-0.9149733436083797,-1.3648237945571353,0.44985045094875564
0.47500000000000003,0.55625,1.25,0.7782907234202939,1.1958600415778955,True,-0.9139386707122521,-1.4042859613622654,0.49034729065001326
0.47500000000000003,0.55625,1.375,0.7782907234202939,1.2328589155915126,True,-0.9129063352367205,-1.4460980718753589,0.5331917366386384
0.47500000000000003,0.55625,1.5,0.7782907234202939,1.2721286603571123,True,-0.911876329270052,-1.4904764739682423,0.5786001446981903
0.47500000000000003,0.55625,1.625,0.7782907234202939,1.3138849629714195,True,-0.9108486449361788,-1.537664913780898,0.6268162688447192
0.47500000000000003,0.55625,1.75,0.7782907234202939,1.3583717181718828,True,-0.9098232743944991,-1.587939014666404,0.678115740271905
0.47500000000000003,0.55625,1.875,0.7782907234202939,1.4058657954555904,True,-0.9088002098396769,-1.6416116644711767,0.7328114546314998
0.47500000000000003,0.55625,2.0,0.7782907234202939,1.4566828067959001,True,-0.9077794435014443,-1.6990395335821165,0.7912600900806721
0.47500000000000003,0.565625,0.0,0.7715877222396411,0.922518430233665,True,-0.9420712109845535,-1.1263502900268783,0.18427907904232477
0.47500000000000003,0.565625,0.125,0.7715877222396411,0.9469753891459162,True,-0.9368589187547918,-1.1498139661780395,0.21295504742324778
0.47500000000000003,0.565625,0.25,0.7715877222396411,0.972472981168298,True,-0.9317039863126674,-1.174276011683947,0.24257202537127964
0.47500000000000003,0.565625,0.375,0.7715877222396411,0.9990790677778129,True,-0.9266054719974085,-1.1998015319293396,0.2731960599319311
0.47500000000000003,0.565625,0.5,0.7715877222396411,1.0268675420467253,True,-0.9215624546480639,-1.2264614189300092,0.3048989642819453
0.47500000000000003,0.565625,0.625,0.7715877222396411,1.0559190139888217,True,-0.9165740330486758,-1.2543330088447489,0.33775897579607306
0.47500000000000003,0.565625,0.75,0.7715877222396411,1.0863215915264914,True,-0.9116393253913733,-1.283500831224624,0.37186150583325084
0.47500000000000003,0.565625,0.875,0.7715877222396411,1.1181717730139074,True,-0.9067574687567197,-1.3140574652876629,0.4072999965309432
0.47500000000000003,0.565625,1.0,0.7715877222396411,1.1515754703606202,True,-0.9019276186106641,-1.3461045214898166,0.44417690287915257
0.47500000000000003,0.565625,1.125,0.7715877222396411,1.1866491856083479,True,-0.8971489483174858,-1.3797537703168437,0.48260482199935784
0.47500000000000003,0.565625,1.25,0.7715877222396411,1.2235213685010176,True,-0.8924206486681435,-1.415128444718681,0.5227077960505374
0.47500000000000003,0.565625,1.375,0.7715877222396411,1.2623339883854205,True,-0.8877419274234551,-1.4523647481697024,0.5646228207462473
0.47500000000000003,0.565625,1.5,0.7715877222396411,1.3032443609871232,True,-0.8831120088715779,-1.491613607252867,0.608501598381289
0.47500000000000003,0.565625,1.625,0.7715877222396411,1.3464272796152126,True,-0.8785301333992614,-1.5330427163087714,0.65451258290951
0.47500000000000003,0.565625,1.75,0.7715877222396411,1.3920775116746889,True,-0.8739955570763794,-1.5768389325559335,0.7028433754795541
0.47500000000000003,0.565625,1.875,0.7715877222396411,1.4404127356880525,True,-0.869507551253262,-1.6232110938296431,0.7537035425763812
0.47500000000000003,0.565625,2.0,0.7715877222396411,1.4916770122561092,True,-0.8650654021703704,-1.6723933485748927,0.8073279464045223
0.47500000000000003,0.575,0.0,0.7651138076769279,0.928433358798692,True,-0.9592399873856825,-1.1639972961493843,0.2047573087637018
0.47500000000000003,0.575,0.125,0.7651138076769279,0.9551104934374662,True,-0.9498781997027392,-1.1857564546876667,0.23587825498492743
0.47500000000000003,0.575,0.25,0.7651138076769279,0.9828040045792462,True,-0.9406973802378527,-1.2083446189554976,0.26764723871764495
0.47500000000000003,0.575,0.375,0.7651138076769279,1.0115731048408043,True,-0.9316923319077188,-1.2318100856209142,0.3001177537131954
0.47500000000000003,0.575,0.5,0.7651138076769279,1.041481697449539,True,-0.9228580547433496,-1.2562049772403634,0.3333469224970138
0.47500000000000003,0.575,0.625,0.7651138076769279,1.0725988500942991,True,-0.9141897366326938,-1.2815856287543068,0.36739589212161305
0.47500000000000003,0.575,0.75,0.7651138076769279,1.1049993274034735,True,-0.9056827445801232,-1.3080130218020463,0.40233027722192305
0.47500000000000003,0.575,0.875,0.7651138076769279,1.1387641906911257,True,-0.8973326164494297,-1.335553273903619,0.43822065745418937
0.47500000000000003,0.575,1.0,0.7651138076769279,1.173981475098727,True,-0.8891350531594129,-1.364278190769278,0.47514313760986515
0.47500000000000003,0.575,1.125,0.7651138076769279,1.2107469560409307,True,-0.8810859113033742,-1.3942658914496524,0.5131799801462782
0.47500000000000003,0.575,1.25,0.7651138076769279,1.2491650190048964,True,-0.8731811961659038,-1.4256015177860593,0.5524203216201554
0.47500000000000003,0.575,1.375,0.7651138076769279,1.2893496493368666,True,-0.8654170551122227,-1.4583780417282042,0.5929609866159815
0.47500000000000003,0.575,1.5,0.7651138076769279,1.331425561781096,True,-0.8577897713271019,-1.4926971866406484,0.6349074153135466
0.47500000000000003,0.575,1.625,0.7651138076769279,1.3755294933469018,True,-0.8502957578819784,-1.5286704818275718,0.6783747239455934
0.47500000000000003,0.575,1.75,0.7651138076769279,1.4218116877371574,True,-0.8429315521103695,-1.566420473304297,0.7234889211939275
0.47500000000000003,0.575,1.875,0.7651138076769279,1.4704376052904702,True,-0.8356938102730586,-1.606082118508656,0.7703883082355975
0.47500000000000003,0.575,2.0,0.7651138076769279,1.5215898994453008,True,-0.8285793024957788,-1.6478043984005175,0.8192250959047387
0.47500000000000003,0.584375,0.0,0.7588988340136668,0.9349256904232934,True,-0.9759022749054794,-1.2022631571670552,0.2263608822615758
0.47500000000000003,0.584375,0.125,0.7588988340136668,0.9637050258127333,True,-0.962408016373931,-1.222135811379199,0.2597277950052679
0.47500000000000003,0.584375,0.25,0.7588988340136668,0.9934517603469064,True,-0.9492818509317807,-1.2426764722853214,0.29339462135354066
0.47500000000000003,0.584375,0.375,0.7588988340136668,1.024215505621994,True,-0.936508920101859,-1.2639193975943825,0.3274104774925235
0.47500000000000003,0.584375,0.5,0.7588988340136668,1.0560493245735798,True,-0.9240751544942901,-1.2859012282279345,0.3618260737336444
0.47500000000000003,0.584375,0.625,0.7588988340136668,1.0890100369137365,True,-0.9119672221103966,-1.3086611992299826,0.396693977119586
0.47500000000000003,0.584375,0.75,0.7588988340136668,1.1231585575893066,True,-0.9001724806582082,-1.3322413734785812,0.432068892820373
0.47500000000000003,0.584375,0.875,0.7588988340136668,1.158560272502763,True,-0.8886789335210302,-1.3566869011279152,0.468007967606885
0.47500000000000003,0.584375,1.0,0.7588988340136668,1.1952854563712718,True,-0.8774751890566886,-1.382046308147581,0.5045711190908923
0.47500000000000003,0.584375,1.125,0.7588988340136668,1.233409738342562,True,-0.8665504229371757,-1.4083718178388058,0.5418213949016302
0.47500000000000003,0.584375,1.25,0.7588988340136668,1.2730146218590208,True,-0.8558943432669824,-1.4357197098100574,0.5798253665430749
0.47500000000000003,0.584375,1.375,0.7588988340136668,1.31418806628982,True,-0.8454971582438308,-1.4641507216045975,0.6186535633607667
0.47500000000000003,0.584375,1.5,0.7588988340136668,1.357025139066224,True,-0.8353495461482108,-1.493730499011767,0.6583809528635562
0.47500000000000003,0.584375,1.625,0.7588988340136668,1.4016287484961487,True,-0.8254426274683931,-1.5245301020887603,0.6990874746203671
0.47500000000000003,0.584375,1.75,0.7588988340136668,1.4481104691479507,True,-0.8157679389857109,-1.5566265751031323,0.7408586361174214
0.47500000000000003,0.584375,1.875,0.7588988340136668,1.4965914737390833,True,-0.8063174096611472,-1.5901035900188571,0.78378618035771
0.47500000000000003,0.584375,2.0,0.7588988340136668,1.547203587915576,True,-0.7970833381788258,-1.6250521748407307,0.8279688366619049
0.47500000000000003,0.59375,0.0,0.7529698834509615,0.9420233450930814,True,-0.9920634920634918,-1.2411478730798906,0.24908438101639885
0.47500000000000003,0.59375,0.125,0.7529698834509615,0.9727901243666065,True,-0.9744630779543212,-1.258945516451837,0.28448243849751587
0.47500000000000003,0.59375,0.25,0.7529698834509615,1.0044521111643816,True,-0.9574762830404501,-1.277261010071248,0.31978472703079797
0.47500000000000003,0.59375,0.375,0.7529698834509615,1.03704895348959,True,-0.9410715673810978,-1.2961172890986352,0.35504572171753745
0.47500000000000003,0.59375,0.5,0.7529698834509615,1.0706226757313035,True,-0.9252195161565655,-1.3155386633612636,0.39031914720469807
0.47500000000000003,0.59375,0.625,0.7529698834509615,1.1052178594149609,True,-0.909892663648293,-1.3355509219117883,0.42565825826349524
0.47500000000000003,0.59375,0.75,0.7529698834509615,1.1408818407053813,True,-0.8950653344291144,-1.3561814472777263,0.46111611284861187
0.47500000000000003,0.59375,0.875,0.7529698834509615,1.1776649265021963,True,-0.8807134998320261,-1.3774593404660702,0.49674584063404414
0.47500000000000003,0.59375,1.0,0.7529698834509615,1.2156206312021893,True,-0.8668146480096587,-1.3994155579230814,0.5326009099134227
0.47500000000000003,0.59375,1.125,0.7529698834509615,1.2548059364718624,True,-0.8533476661064194,-1.4220830618047962,0.5687353956983767
0.47500000000000003,0.59375,1.25,0.7529698834509615,1.295281576682193,True,-0.8402927332461672,-1.4454969850923258,0.6052042518461587
0.47500000000000003,0.59375,1.375,0.7529698834509615,1.3371123530127123,True,-0.8276312231946388,-1.4696948132914858,0.642063590096847
0.47500000000000003,0.59375,1.5,0.7529698834509615,1.380367479641582,True,-0.8153456156913297,-1.4947165846931953,0.6793709690018657
0.47500000000000003,0.59375,1.625,0.7529698834509615,1.425120965911805,True,-0.8034194155631531,-1.5206051114449743,0.7171856958818212
0.47500000000000003,0.59375,1.75,0.7529698834509615,1.4714520389121808,True,-0.791837078834593,-1.547406224001135,0.755569145166542
0.47500000000000003,0.59375,1.875,0.7529698834509615,1.5194456115487265,True,-0.7805839451383368,-1.5751690418878244,0.7945850967494875
0.47500000000000003,0.59375,2.0,0.7529698834509615,1.5691928019241161,True,-0.7696461758083996,-1.6039462741481858,0.8343000983397862
0.47500000000000003,0.603125,0.0,0.7473515072636184,0.949754931531664,True,-1.0077302629273428,-1.2806514438878904,0.2729211809605476
0.47500000000000003,0.603125,0.125,0.7473515072636184,0.9823976036810043,True,-0.9860583318777869,-1.2961790173853622,0.3101206855075753
0.47500000000000003,0.603125,0.25,0.7473515072636184,1.015841559408681,True,-0.9652989160689502,-1.3120877480870607,0.3467888320181105
0.47500000000000003,0.603125,0.375,0.7473515072636184,1.050116669136892,True,-0.9453955704788085,-1.3283918448535215,0.38299627437471295
0.47500000000000003,0.603125,0.5,0.7473515072636184,1.0852543066568687,True,-0.9262964113610233,-1.3451062316728,0.4188098203117767
0.47500000000000003,0.603125,0.625,0.7473515072636184,1.1212874449142058,True,-0.9079536646274906,-1.3622465932239505,0.45429292859645987
0.47500000000000003,0.603125,0.75,0.7473515072636184,1.1582507592121318,True,-0.8903232668472008,-1.379829423969098,0.48950615712189727
0.47500000000000003,0.603125,0.875,0.7473515072636184,1.196180738511697,True,-0.8733645118458124,-1.3978720810970773,0.5245075692512648
0.47500000000000003,0.603125,1.0,0.7473515072636184,1.2351158055798275,True,-0.8570397369394142,-1.4163928416758524,0.5593531047364383
0.47500000000000003,0.603125,1.125,0.7473515072636184,1.2750964468168604,True,-0.8413140437117834,-1.435410964409307,0.5940969206975235
0.47500000000000003,0.603125,1.25,0.7473515072636184,1.3161653526857071,True,-0.8261550489782538,-1.4549467564370486,0.6287917074587949
0.47500000000000003,0.603125,1.375,0.7473515072636184,1.3583675697666027,True,-0.8115326621962093,-1.4750216456643115,0.6634889834681021
0.47500000000000003,0.603125,1.5,0.7473515072636184,1.4017506655759817,True,-0.7974188861025816,-1.4956582591635406,0.698239373060959
0.47500000000000003,0.603125,1.625,0.7473515072636184,1.4463649074172826,True,-0.7837876377990178,-1.5168805082507306,0.7330928704517128
0.47500000000000003,0.603125,1.75,0.7473515072636184,1.49226345667745,True,-0.7706145878790828,-1.5387136809090227,0.76809909302994
0.47500000000000003,0.603125,1.875,0.7473515072636184,1.5395025801480855,True,-0.757877015509966,-1.5611845423106454,0.8033075268006794
0.47500000000000003,0.603125,2.0,0.7473515072636184,1.588141880137397,True,-0.7455536776527119,-1.584321444277321,0.8387677666246092
0.47500000000000003,0.6125,0.0,0.7420659662916257,0.9581498802766953,True,-1.0229102544038116,-1.3207738695910551,0.2978636151872436
0.47500000000000003,0.6125,0.125,0.7420659662916257,0.9925600345187174,True,-0.9972088480012223,-1.3338297315275132,0.3366208835262908
0.47500000000000003,0.6125,0.25,0.7420659662916257,1.0276572699515873,True,-0.9727673213344032,-1.3471462850349465,0.37437896370054324
0.47500000000000003,0.6125,0.375,0.7420659662916257,1.0634623729338075,True,-0.9494952519312764,-1.3607314168500677,0.41123616491879134
0.47500000000000003,0.6125,0.5,0.7420659662916257,1.099996976835416,True,-0.9273106680620359,-1.3745933350817532,0.4472826670197173
0.47500000000000003,0.6125,0.625,0.7420659662916257,1.1372836056250046,True,-0.9061390840376382,-1.3887405857487767,0.48260150171113847
0.47500000000000003,0.6125,0.75,0.7420659662916257,1.175345720176297,True,-0.8859126647100307,-1.4031820703494027,0.517269405639372
0.47500000000000003,0.6125,0.875,0.7420659662916257,1.2142077674943363,True,-0.8665694994270311,-1.4179270645387287,0.5513575651116976
0.47500000000000003,0.6125,1.0,0.7420659662916257,1.2538952330783224,True,-0.8480529690703555,-1.4329852379961345,0.584932268925779
0.47500000000000003,0.6125,1.125,0.7420659662916257,1.294434696656772,True,-0.8303111925453126,-1.448366675572254,0.6180554830269414
0.47500000000000003,0.6125,1.25,0.7420659662916257,1.3358538915511458,True,-0.8132965413253513,-1.4640818998126561,0.6507853584873048
0.47500000000000003,0.6125,1.375,0.7420659662916257,1.3781817679465458,True,-0.7969652124854806,-1.48014189496394,0.6831766824784594
0.47500000000000003,0.6125,1.5,0.7420659662916257,1.4214485603728235,True,-0.7812768521650325,-1.4965581325773427,0.7152812804123102
0.47500000000000003,0.6125,1.625,0.7420659662916257,1.4656858597266433,True,-0.7661942226449656,-1.5133425988352684,0.7471483761903028
0.47500000000000003,0.6125,1.75,0.7420659662916257,1.5109266901950456,True,-0.7516829072574518,-1.5305078237375402,0.7788249164800884
0.47500000000000003,0.6125,1.875,0.7420659662916257,1.5572055914741492,True,-0.7377110482053101,-1.5480669122967274,0.8103558640914174
0.47500000000000003,0.6125,2.0,0.7420659662916257,1.6045587067131668,True,-0.7242491130874601,-1.5660335779057646,0.8417844648183045
0.47500000000000003,0.621875,0.0,0.7371334679713498,0.9672385823506071,True,-1.0376120252726222,-1.3615151501893834,0.3239031249167612
0.47500000000000003,0.621875,0.125,0.7371334679713498,1.0033108341444528,True,-1.0079297182536073,-1.3718910486632727,0.3639613304096654
0.47500000000000003,0.621875,0.25,0.7371334679713498,1.0399371102875465,True,-0.9798983885204541,-1.3824263078677514,0.40252791934729737
0.47500000000000003,0.621875,0.375,0.7371334679713498,1.0771302732295949,True,-0.9533840182292328,-1.3931246275849407,0.4397406093557079
0.47500000000000003,0.621875,0.5,0.7371334679713498,1.1149035866852797,True,-0.9282667125634047,-1.4039898230176655,0.47572311045426086
0.47500000000000003,0.621875,0.625,0.7371334679713498,1.1532707314048953,True,-0.9044388871026708,-1.4150258293257518,0.510586942223081
0.47500000000000003,0.621875,0.75,0.7371334679713498,1.1922458216946648,True,-0.8818037273773491,-1.426236706377966,0.5444329790006168
0.47500000000000003,0.621875,0.875,0.7371334679713498,1.2318434227286463,True,-0.860273874089078,-1.4376266437316487,0.5773527696425708
0.47500000000000003,0.621875,1.0,0.7371334679713498,1.2720785686968314,True,-0.8397702963484801,-1.4491999658528711,0.609429669504391
0.47500000000000003,0.621875,1.125,0.7371334679713498,1.3129667818369488,True,-0.8202213222919147,-1.4609611375907827,0.640739815298868
0.47500000000000003,0.621875,1.25,0.7371334679713498,1.3545240924005753,True,-0.8015618020153957,-1.4729147699207068,0.6713529679053111
0.47500000000000003,0.621875,1.375,0.7371334679713498,1.3967670596075175,True,-0.7837323822234314,-1.485065625971503,0.7013332437480715
0.47500000000000003,0.621875,1.5,0.7371334679713498,1.4397127936460006,True,-0.7666788755768799,-1.4974186273537446,0.7307397517768648
0.47500000000000003,0.621875,1.625,0.7371334679713498,1.483378978780076,True,-0.7503517106228732,-1.509978860806388,0.7596271501835148
0.47500000000000003,0.621875,1.75,0.7371334679713498,1.5277838976298013,True,-0.7347054505447846,-1.5227515851807687,0.788046134635984
0.47500000000000003,0.621875,1.875,0.7371334679713498,1.5729464566942346,True,-0.7196983708922189,-1.5357422387820927,0.8160438678898738
0.47500000000000003,0.621875,2.0,0.7371334679713498,1.618886213192094,True,-0.7052920880267609,-1.54895644708994,0.843664359063179
0.47500000000000003,0.6312500000000001,0.0,0.7325723977213726,0.9770525335654036,True,-1.0518448869750223,-1.4028752856828774,0.35103039870785513
0.47500000000000003,0.6312500000000001,0.125,0.7325723977213726,1.0146843668410557,True,-1.0182359704007524,-1.4103563335645075,0.3921203631637551
0.47500000000000003,0.6312500000000001,0.25,0.7325723977213726,1.0527197069379086,True,-0.9867083202416956,-1.4179175968804445,0.43120927663874886
0.47500000000000003,0.6312500000000001,0.375,0.7325723977213726,1.0911650787320253,True,-0.9570744158842351,-1.4255603727482082,0.4684859568639731
0.47500000000000003,0.6312500000000001,0.5,0.7325723977213726,1.1300271485418723,True,-0.9291686071745049,-1.4332859864034646,0.5041173792289597
0.47500000000000003,0.6312500000000001,0.625,0.7325723977213726,1.1693127279818352,True,-0.9028440163213364,-1.4410957919660892,0.5382517756447528
0.47500000000000003,0.6312500000000001,0.75,0.7325723977213726,1.2090287779424074,True,-0.8779699519293024,-1.4489911732314098,0.5710212213021074
0.47500000000000003,0.6312500000000001,0.875,0.7325723977213726,1.2491824127019369,True,-0.854429739042897,-1.456973544487606,0.602543805444709
0.47500000000000003,0.6312500000000001,1.0,0.7325723977213726,1.2897809041750368,True,-0.8321188891617342,-1.4650443513602736,0.6329254621985394
0.47500000000000003,0.6312500000000001,1.125,0.7325723977213726,1.3308316863029817,True,-0.8109435496669002,-1.4732050716852176,0.6622615220183175
0.47500000000000003,0.6312500000000001,1.25,0.7325723977213726,1.372342359591661,True,-0.7908191841214097,-1.4814572164105781,0.6906380322891684
0.47500000000000003,0.6312500000000001,1.375,0.7325723977213726,1.4143206958029118,True,-0.7716694443103393,-1.489802330529446,0.7181328862191068
0.47500000000000003,0.6312500000000001,1.5,0.7325723977213726,1.4567746428053001,True,-0.7534252022881256,-1.4982419940441796,0.744816791756054
0.47500000000000003,0.6312500000000001,1.625,0.7325723977213726,1.4997123295907284,True,-0.7360237165637815,-1.5067778229636826,0.770754106399901
0.47500000000000003,0.6312500000000001,1.75,0.7325723977213726,1.5431420714635022,True,-0.7194079112268027,-1.51541147033497,0.7960035591081672
0.47500000000000003,0.6312500000000001,1.875,0.7325723977213726,1.5870723754088247,True,-0.7035257505602476,-1.524144627310401,0.8206188767501533
0.47500000000000003,0.6312500000000001,2.0,0.7325723977213726,1.6315119456479947,True,-0.6883296947034278,-1.5329790242520296,0.8446493295486018
0.47500000000000003,0.640625,0.0,0.728399543040692,0.9876244846295312,True,-1.065618775992248,-1.4448542760715348,0.37923550007928686
0.47500000000000003,0.640625,0.125,0.728399543040692,1.026716054283725,True,-1.0281424946015698,-1.4492189285184356,0.4210764339168658
0.47500000000000003,0.640625,0.25,0.728399543040692,1.0660445171613704,True,-0.9932126332269605,-1.4536100305706234,0.4603973973436629
0.47500000000000003,0.640625,0.375,0.728399543040692,1.1056120331509338,True,-0.9605781851584927,-1.4580278233839932,0.4974496382255005
0.47500000000000003,0.640625,0.5,0.728399543040692,1.1454207884781469,True,-0.9300200839845125,-1.4624725510550491,0.5324524670705366
0.47500000000000003,0.640625,0.625,0.728399543040692,1.1854729961086716,True,-0.9013462797739996,-1.4669444606658621,0.5655981808918625
0.47500000000000003,0.640625,0.75,0.728399543040692,1.2257708961581788,True,-0.8743876988647445,-1.4714438023298564,0.5970561034651118
0.47500000000000003,0.640625,0.875,0.728399543040692,1.2663167563099944,True,-0.8489949076339061,-1.4759708292384404,0.6269759216045343
0.47500000000000003,0.640625,1.0,0.728399543040692,1.307112872240481,True,-0.8250353411808672,-1.4805257977085018,0.6554904565276346
0.47500000000000003,0.640625,1.125,0.728399543040692,1.3481615680523165,True,-0.8023909883882386,-1.4851089672307825,0.6827179788425438
0.47500000000000003,0.640625,1.25,0.728399543040692,1.3894651967158518,True,-0.7809564480213234,-1.4897206005191592,0.7087641524978359
0.47500000000000003,0.640625,1.375,0.728399543040692,1.4310261405187104,True,-0.7606372882895169,-1.4943609635608415,0.7337236752713245
0.47500000000000003,0.640625,1.5,0.728399543040692,1.4728468115238214,True,-0.7413486560022295,-1.4990303256675102,0.7576816696652806
0.47500000000000003,0.640625,1.625,0.728399543040692,1.5149296520360653,True,-0.7230140921096407,-1.5037289595274224,0.7807148674177816
0.47500000000000003,0.640625,1.75,0.728399543040692,1.557277135077724,True,-0.705564518761342,-1.5084571412584942,0.8028926224971522
0.47500000000000003,0.640625,1.875,0.728399543040692,1.5998917648729267,True,-0.6889373695892501,-1.5132151504623903,0.8242777808731402
0.47500000000000003,0.640625,2.0,0.728399543040692,1.6427760773412974,True,-0.6730758401324397,-1.5180032702796424,0.8449274301472027
0.47500000000000003,0.65,0.0,0.7246303091507992,0.9989885973471719,True,-1.0789441375076732,-1.487452121355357,0.40850798384768394
0.47500000000000003,0.65,0.125,0.7246303091507992,1.039442495537751,True,-1.0376639814845816,-1.4884721558334817,0.4508081743489001
0.47500000000000003,0.65,0.25,0.7246303091507992,1.0799519150956272,True,-0.9994261649128513,-1.4894935902683826,0.49006742535553127
0.47500000000000003,0.65,0.375,0.7246303091507992,1.1205169704005964,True,-0.9639063112979903,-1.490516427544117,0.5266101162461266
0.47500000000000003,0.65,0.5,0.7246303091507992,1.1611377761468482,True,-0.9308245751853661,-1.4915406705526686,0.5607160953673025
0.47500000000000003,0.65,0.625,0.7246303091507992,1.2018144473440497,True,-0.8999382540871297,-1.4925663221939767,0.592628068106847
0.47500000000000003,0.65,0.75,0.7246303091507992,1.2425470993184282,True,-0.8710358240619169,-1.4935933853759613,0.6225575613140444
0.47500000000000003,0.65,0.875,0.7246303091507992,1.2833358477138626,True,-0.8439320888519743,-1.4946218630145534,0.650689774162579
0.47500000000000003,0.65,1.0,0.7246303091507992,1.3241808084929774,True,-0.8184642073459397,-1.4956517580337194,0.6771875506877797
0.47500000000000003,0.65,1.125,0.7246303091507992,1.365082097938242,True,-0.7944884192618508,-1.4966830733654921,0.7021946541036413
0.47500000000000003,0.65,1.25,0.7246303091507992,1.406039832653073,True,-0.7718773299512567,-1.4977158119499956,0.7258384819987389
0.47500000000000003,0.65,1.375,0.7246303091507992,1.4470541295629444,True,-0.7505176460189495,-1.498749976735476,0.7482323307165264
0.47500000000000003,0.65,1.5,0.7246303091507992,1.4881251059164977,True,-0.7303082767837704,-1.4997855706783263,0.7694772938945559
0.47500000000000003,0.65,1.625,0.7246303091507992,1.5292528792866624,True,-0.7111587344310033,-1.500822596743118,0.7896638623121146
0.47500000000000003,0.65,1.75,0.7246303091507992,1.5704375675717737,True,-0.6929877794328733,-1.5018610579026261,0.8088732784697529
0.47500000000000003,0.65,1.875,0.7246303091507992,1.6116792889967022,True,-0.6757222684618541,-1.5029009571378602,0.8271786886760061
0.47500000000000003,0.65,2.0,0.7246303091507992,1.6529781621139856,True,-0.6592961703400758,-1.5039422974380918,0.844646127098016
0.48875,0.5,0.0,0.7992170249398952,0.8957853568907461,True,-0.7755916712151212,-0.8693053830443326,0.0937137118292114
0.48875,0.5,0.125,0.7992170249398952,0.8973162704500403,True,-0.8015600760885987,-0.899946917511627,0.09838684142302834
0.48875,0.5,0.25,0.7992170249398952,0.8989590513341827,True,-0.8293276728547289,-0.9328274983766016,0.10349982552187276
0.48875,0.5,0.375,0.7992170249398952,0.9007264261217475,True,-0.8590881538909194,-0.9682018505998307,0.10911369670891125
0.48875,0.5,0.5,0.7992170249398952,0.9026331279338232,True,-0.8910640490675804,-1.0063648604829647,0.11530081141538429
0.48875,0.5,0.625,0.7992170249398952,0.9046963081141406,True,-0.9255122999893688,-1.0476598155270507,0.12214751553768188
0.48875,0.5,0.75,0.7992170249398952,0.9069360536029688,True,-0.962731179223498,-1.0924887597722979,0.12975758054879982
0.48875,0.5,0.875,0.7992170249398952,0.9093760430781309,True,-1.0030689489932947,-1.1413256265889244,0.13825667759562976
0.48875,0.5,1.0,0.7992170249398952,0.9120443873176297,True,-1.0469347918245953,-1.194733058699522,0.1477982668749267
0.48875,0.5,1.125,0.7992170249398952,0.9149747170897573,True,-1.0948127404444175,-1.2533841825125374,0.1585714420681199
0.48875,0.5,1.25,0.7992170249398952,0.9182076080223092,True,-1.147279613067181,-1.3180911271583589,0.1708115140911779
0.48875,0.5,1.375,0.7992170249398952,0.9217924708576695,True,-1.2050283653573262,-1.3898428583147917,0.18481449295746555
0.48875,0.5,1.5,0.7992170249398952,0.9257900946395597,True,-1.2688988687811475,-1.4698560805874652,0.20095721180631765
0.48875,0.5,1.625,0.7992170249398952,0.9302761220297071,True,-1.3399190249282131,-1.5596447966530578,0.21972577172484464
0.48875,0.5,1.75,0.7992170249398952,0.9353458812723012,True,-1.4193605054146397,-1.661117019973387,0.24175651455874725
0.48875,0.5,1.875,0.7992170249398952,0.9411212356569969,True,-1.5088155697998096,-1.776711868137821,0.2678962983380113
0.48875,0.5,2.0,0.7992170249398952,0.9477605067494201,True,-1.6103048860908304,-1.9095981782636433,0.29929329217281286
0.48875,0.509375,0.0,0.7937017676409566,0.8991074461758787,True,-0.7964405535836722,-0.9022099500822216,0.10576939649854944
0.48875,0.509375,0.125,0.7937017676409566,0.9038334446139812,True,-0.8186969173981348,-0.9322968463912245,0.11359992899308968
0.48875,0.509375,0.25,0.7937017676409566,0.9088855223234631,True,-0.8422329398178433,-0.9644596454655363,0.122226705647693
0.48875,0.509375,0.375,0.7937017676409566,0.9142986328385858,True,-0.8671622509539344,-0.9989208703073833,0.1317586193534489
0.48875,0.509375,0.5,0.7937017676409566,0.9201129105265095,True,-0.8936123446533487,-1.0359360264060253,0.14232368175267662
0.48875,0.509375,0.625,0.7937017676409566,0.9263746674071238,True,-0.9217267593707735,-1.075799947743855,0.15407318837308137
0.48875,0.509375,0.75,0.7937017676409566,0.9331376293359577,True,-0.9516676840948988,-1.1188546666481312,0.1671869825532324
0.48875,0.509375,0.875,0.7937017676409566,0.9404644814027948,True,-0.9836190892247619,-1.1654992521877812,0.18188016296301923
0.48875,0.509375,1.0,0.7937017676409566,0.9484288167091376,True,-1.0177905100553832,-1.2162022165815387,0.19841170652615547
0.48875,0.509375,1.125,0.7937017676409566,0.9571176169493505,True,-1.0544216472884016,-1.2715173072022354,0.21709565991383384
0.48875,0.509375,1.25,0.7937017676409566,0.966634442174808,True,-1.0937879980904948,-1.3321038134187304,0.23831581532823565
0.48875,0.509375,1.375,0.7937017676409566,0.9771035781189527,True,-1.1362077974698979,-1.3987529695117227,0.2625451720418248
0.48875,0.509375,1.5,0.7937017676409566,0.9886754941139841,True,-1.1820506400450046,-1.4724227011459925,0.2903720611009879
0.48875,0.509375,1.625,0.7937017676409566,1.0015341216475504,True,-1.2317482767529049,-1.5542839624954192,0.32253568574251434
0.48875,0.509375,1.75,0.7937017676409566,1.0159067038169858,True,-1.2858082546866807,-1.645783440349253,0.35997518566257236
0.48875,0.509375,1.875,0.7937017676409566,1.0320773413769753,True,-1.3448313136277663,-1.7487297916631581,0.4038984780353918
0.48875,0.509375,2.0,0.7937017676409566,1.0504059619762003,True,-1.4095338044675152,-1.8654144064971245,0.45588060202960934
0.48875,0.51875,0.0,0.7880929045982143,0.902795218984075,True,-0.81683952985362,-0.9357257474675639,0.11888621761394391
0.48875,0.51875,0.125,0.7880929045982143,0.9105956254767682,True,-0.8352871502444825,-0.9651258380728037,0.1298386878283212
0.48875,0.51875,0.25,0.7880929045982143,0.9189021031722492,True,-0.854587271002776,-0.9964333343021737,0.14184606329939775
0.48875,0.51875,0.375,0.7880929045982143,0.9277655521917618,True,-0.8748003833842798,-1.0298400810521904,0.1550396976679106
0.48875,0.51875,0.5,0.7880929045982143,0.9372439354208875,True,-0.8959928403629903,-1.0655645431027914,0.16957170273980104
0.48875,0.51875,0.625,0.7880929045982143,0.9474035475443144,True,-0.91823758427321,-1.1038565881677036,0.1856190038944936
0.48875,0.51875,0.75,0.7880929045982143,0.9583205679036579,True,-0.9416149856018323,-1.145003339686948,0.20338835408511557
0.48875,0.51875,0.875,0.7880929045982143,0.9700829741031722,True,-0.9662138132567019,-1.18933638929472,0.2231225760380181
0.48875,0.51875,1.0,0.7880929045982143,0.9827929180753513,True,-0.992132360998835,-1.237240752319853,0.24510839132101803
0.48875,0.51875,1.125,0.7880929045982143,0.9965697004681452,True,-1.0194797601702978,-1.2891660783879517,0.2696863182176539
0.48875,0.51875,1.25,0.7880929045982143,1.0115535268292728,True,-1.048377515682363,-1.3456408086527114,0.2972632929703485
0.48875,0.51875,1.375,0.7880929045982143,1.0279102963093198,True,-1.078961310855371,-1.407290224638002,0.32832891378263085
0.48875,0.51875,1.5,0.7880929045982143,1.0458377699102972,True,-1.1113831376615797,-1.4748596966501972,0.3634765589886175
0.48875,0.51875,1.625,0.7880929045982143,1.0655736053260134,True,-1.145813822937962,-1.5492449674608488,0.40343114452288686
0.48875,0.51875,1.75,0.7880929045982143,1.0874059523737676,True,-1.1824460391843994,-1.6315320869757446,0.4490860477913452
0.48875,0.51875,1.875,0.7880929045982143,1.1116876144489782,True,-1.2214979119758609,-1.7230507874083063,0.5015528754324454
0.48875,0.51875,2.0,0.7880929045982143,1.1388552594343164,True,-1.263217366627271,-1.8254468900791248,0.5622295234518537
0.48875,0.528125,0.0,0.7824403439100837,0.9068750234737841,True,-0.8367767545996976,-0.9698527752003586,0.13307602060066104
0.48875,0.528125,0.125,0.7824403439100837,0.9176291292845059,True,-0.8513354916878626,-0.9984278699927378,0.1470923783048752
0.48875,0.528125,0.25,0.7824403439100837,0.9290361765159048,True,-0.8664098020694563,-1.0287379173063318,0.16232811523687551
0.48875,0.528125,0.375,0.7824403439100837,0.9411574924720244,True,-0.8820275666698039,-1.0609458719750655,0.17891830530526165
0.48875,0.528125,0.5,0.7824403439100837,0.9540623328769355,True,-0.8982187136253449,-1.095235755703308,0.197017042077963
0.48875,0.528125,0.625,0.7824403439100837,0.967829205904423,True,-0.9150154096979407,-1.1318161751895004,0.2168007654915597
0.48875,0.528125,0.75,0.7824403439100837,0.98254747070812,True,-0.9324522735751448,-1.1709245696341288,0.238472296058984
0.48875,0.528125,0.875,0.7824403439100837,0.998319279223368,True,-0.9505666140326168,-1.2128323703664914,0.2622657563338746
0.48875,0.528125,1.0,0.7824403439100837,1.0152619504337541,True,-0.9693986964065602,-1.2578513095878454,0.28845261318128523
0.48875,0.528125,1.125,0.7824403439100837,1.0335108938022188,True,-0.9889920413815743,-1.3063411883181388,0.3173491469365646
0.48875,0.528125,1.25,0.7824403439100837,1.0532232359997094,True,-1.0093937607603152,-1.3587195130981984,0.3493257523378832
0.48875,0.528125,1.375,0.7824403439100837,1.074582356569699,True,-1.030654935667681,-1.4154735478558635,0.3848186121881825
0.48875,0.528125,1.5,0.7824403439100837,1.0978036098788262,True,-1.052831043580826,-1.477175517892703,0.42434447431187716
0.48875,0.528125,1.625,0.7824403439100837,1.1231416118320723,True,-1.075982441700649,-1.544501971659007,0.468519529958358
0.48875,0.528125,1.75,0.7824403439100837,1.150899614422894,True,-1.1001749155322533,-1.6182586901849714,0.518083774652718
0.48875,0.528125,1.875,0.7824403439100837,1.1814417010412839,True,-1.125480303173596,-1.699413091642266,0.57393278846867
0.48875,0.528125,2.0,0.7824403439100837,1.215208845031446,True,-1.1519772077889756,-1.7891369010755709,0.6371596932865953
0.48875,0.5375,0.0,0.7767907276805828,0.9113732673114474,True,-0.8562430211119595,-1.0045910332806067,0.14834801216864724
0.48875,0.5375,0.125,0.7767907276805828,0.9249609173109908,True,-0.8668484707052238,-1.0321968685532956,0.16534839784807187
0.48875,0.5375,0.25,0.7767907276805828,0.9393164365236917,True,-0.8777199339309553,-1.0613627727864081,0.18364283885545285
0.48875,0.5375,0.375,0.7767907276805828,0.9545068087239234,True,-0.8888675464262015,-1.0922248359617557,0.2033572895355542
0.48875,0.5375,0.5,0.7767907276805828,0.9706070419696217,True,-0.9003019653685734,-1.1249354508839498,0.22463348551537632
0.48875,0.5375,0.625,0.7767907276805828,0.9877014072796182,True,-0.9120344034589676,-1.1596658297835225,0.24763142632455493
0.48875,0.5375,0.75,0.7767907276805828,1.005884914072296,True,-0.924076665596483,-1.196609001944665,0.27253233634818186
0.48875,0.5375,0.875,0.7767907276805828,1.0252650768999696,True,-0.9364411884976884,-1.2359834031543382,0.29954221465664976
0.48875,0.5375,1.0,0.7767907276805828,1.0459640428574508,True,-0.9491410835397595,-1.2780371979280054,0.32889611438824595
0.48875,0.5375,1.125,0.7767907276805828,1.068121168593018,True,-0.9621901831377431,-1.3230535151861678,0.3608633320484247
0.48875,0.5375,1.25,0.7767907276805828,1.0918961618234153,True,-0.9756030910008098,-1.3713568308257142,0.39575373982490447
0.48875,0.5375,1.375,0.7767907276805828,1.117472937085687,True,-0.9893952366513565,-1.423320801396091,0.4339255647447344
0.48875,0.5375,1.5,0.7767907276805828,1.145064382636165,True,-1.0035829346348548,-1.4793779489401804,0.47579501430532556
0.48875,0.5375,1.625,0.7767907276805828,1.1749182999927508,True,-1.018183448898149,-1.5400317282778915,0.5218482793797425
0.48875,0.5375,1.75,0.7767907276805828,1.2073248670532177,True,-1.033215062870319,-1.6058716897174818,0.5726566268471629
0.48875,0.5375,1.875,0.7767907276805828,1.2426261011083684,True,-1.0486971558442544,-1.6775927049248105,0.6288955490805561
0.48875,0.5375,2.0,0.7767907276805828,1.2812279762108079,True,-1.0646502863298821,-1.7560195856091563,0.6913692992792742
0.48875,0.546875,0.0,0.7711874839551642,0.9163164819893421,True,-0.8752315713650767,-1.039940521708308,0.1647089503432313
0.48875,0.546875,0.125,0.7711874839551642,0.9326185757344515,True,-0.8818341752842641,-1.0664267116598967,0.18459253637563255
0.48875,0.546875,0.25,0.7711874839551642,0.9497727657961124,True,-0.8885371543466889,-1.0942973118136412,0.2057601574669523
0.48875,0.546875,0.375,0.7711874839551642,0.9678476525189804,True,-0.8953428149921842,-1.1236637778995666,0.22832096290738246
0.48875,0.546875,0.5,0.7711874839551642,0.9869194031228853,True,-0.9022535348697758,-1.1546498596325274,0.25239632476275164
0.48875,0.546875,0.625,0.7711874839551642,1.0070728246075566,True,-0.909271765607205,-1.187393343872248,0.2781215782650429
0.48875,0.546875,0.75,0.7711874839551642,1.0284026245374056,True,-0.9164000357107236,-1.2220481030341408,0.3056480673234172
0.48875,0.546875,0.875,0.7711874839551642,1.0510148992440074,True,-0.9236409536023644,-1.2587865129881524,0.33514555938578794
0.48875,0.546875,1.0,0.7711874839551642,1.0750288987876095,True,-0.9309972108023529,-1.2978023206110243,0.3668051098086714
0.48875,0.546875,1.125,0.7711874839551642,1.1005791306449209,True,-0.9384715852648137,-1.3393140616708432,0.40084247640602955
0.48875,0.546875,1.25,0.7711874839551642,1.1278178804711527,True,-0.9460669448754634,-1.3835691563366936,0.43750221146123025
0.48875,0.546875,1.375,0.7711874839551642,1.1569182497029118,True,-0.953786251120532,-1.4308488444052871,0.4770625932847552
0.48875,0.546875,1.5,0.7711874839551642,1.188077838007529,True,-0.9616325629367809,-1.4814741682166521,0.5198416052798712
0.48875,0.546875,1.625,0.7711874839551642,1.2215232361454278,True,-0.9696090407531316,-1.5358132722567484,0.5662042315036168
0.48875,0.546875,1.75,0.7711874839551642,1.2575155452445905,True,-0.9777189507351183,-1.594290370383037,0.6165714196479186
0.48875,0.546875,1.875,0.7711874839551642,1.2963572068849547,True,-0.9859656692441457,-1.6573968427372798,0.6714311734931341
0.48875,0.546875,2.0,0.7711874839551642,1.3384005221603341,True,-0.9943526875243404,-1.7257050767585873,0.731352389234247
0.48875,0.55625,0.0,0.765670915081671,0.9217313972869811,True,-0.8937379042996749,-1.0759012404834625,0.18216333618378755
0.48875,0.55625,0.125,0.765670915081671,0.9406303086921504,True,-0.8963020181788176,-1.101111231253978,0.2048092130751603
0.48875,0.55625,0.25,0.765670915081671,0.9604361304427275,True,-0.898880887159728,-1.1275309849016908,0.22865009774196277
0.48875,0.55625,0.375,0.765670915081671,0.9812157478218066,True,-0.9014746389714721,-1.1552497222993456,0.2537750833278736
0.48875,0.55625,0.5,0.765670915081671,1.003042788992832,True,-0.9040834028216477,-1.1843656589092548,0.28028225608760715
0.48875,0.55625,0.625,0.765670915081671,1.025998496677895,True,-0.9067073094178423,-1.2149871675487842,0.30827985813094194
0.48875,0.55625,0.75,0.765670915081671,1.0501727386472541,True,-0.9093464909894614,-1.2472341263215025,0.33788763533204114
0.48875,0.55625,0.875,0.765670915081671,1.0756651835125037,True,-0.9120010813099425,-1.2812394870532873,0.36923840574334477
0.48875,0.55625,1.0,0.765670915081671,1.1025866742562642,True,-0.9146712157193568,-1.3171511074968372,0.40247989177748034
0.48875,0.55625,1.125,0.765670915081671,1.1310608394133839,True,-0.9173570311474116,-1.3551339005487575,0.43777686940134586
0.48875,0.55625,1.25,0.765670915081671,1.1612259913003595,True,-0.920058666136857,-1.3953723663713895,0.47531370023453245
0.48875,0.55625,1.375,0.765670915081671,1.1932373727827577,True,-0.9227762608673082,-1.438073589442998,0.5152973285756897
0.48875,0.55625,1.5,0.765670915081671,1.227269829599365,True,-0.9255099571794921,-1.4834708032745825,0.5579608460950903
0.48875,0.55625,1.625,0.765670915081671,1.2635210053464772,True,-0.9282598985999246,-1.531827652323309,0.6035677537233843
0.48875,0.55625,1.75,0.765670915081671,1.3022151824012977,True,-0.9310262303660303,-1.583443315549176,0.6524170851831458
0.48875,0.55625,1.875,0.765670915081671,1.3436079264537835,True,-0.933809099451712,-1.638658701936143,0.704849602484431
0.48875,0.55625,2.0,0.765670915081671,1.3879917378894282,True,-0.936608654593381,-1.69786398909077,0.761255334497389
0.48875,0.565625,0.0,0.7602783159993265,0.9276450250147938,True,-0.9117595851652562,-1.1124731896060698,0.20071360444081354
0.48875,0.565625,0.125,0.7602783159993265,0.9490249443661708,True,-0.9102625216659119,-1.1362442158397263,0.22598169417381442
0.48875,0.565625,0.25,0.7602783159993265,0.9713384939442034,True,-0.9087703663139639,-1.1610532884871987,0.2522829221732348
0.48875,0.565625,0.375,0.7602783159993265,0.9946481942664253,True,-0.9072830950117506,-1.1869699202925719,0.2796868252808212
0.48875,0.565625,0.5,0.7602783159993265,1.019022275546109,True,-0.9058006838191043,-1.2140699722618196,0.3082692884427153
0.48875,0.565625,0.625,0.7602783159993265,1.0445353447199035,True,-0.9043231089520646,-1.2424363952900854,0.33811328633802085
0.48875,0.565625,0.75,0.7602783159993265,1.0712691482221075,True,-0.902850346781608,-1.2721600782438,0.36930973146219204
0.48875,0.565625,0.875,0.7602783159993265,1.099313446932885,True,-0.9013823738323874,-1.3033408207621509,0.40195844692976346
0.48875,0.565625,1.0,0.7602783159993265,1.128767023029732,True,-0.899919166781485,-1.3360884527137211,0.43616928593223614
0.48875,0.565625,1.125,0.7602783159993265,1.1597388425394526,True,-0.8984607024571777,-1.3705241267670112,0.4720634243098335
0.48875,0.565625,1.25,0.7602783159993265,1.1923494024244239,True,-0.8970069578377132,-1.4067818161333634,0.5097748582956502
0.48875,0.565625,1.375,0.7602783159993265,1.2267322973052086,True,-0.8955579100500984,-1.4450100565101238,0.5494521464600254
0.48875,0.565625,1.5,0.7602783159993265,1.2630360487657217,True,-0.894113536368901,-1.485373979973307,0.591260443604406
0.48875,0.565625,1.625,0.7602783159993265,1.3014262500599734,True,-0.8926738142150602,-1.528057699546002,0.6353838853309418
0.48875,0.565625,1.75,0.7602783159993265,1.3420880915411184,True,-0.8912387211547115,-1.573267117068657,0.6820283959139455
0.48875,0.565625,1.875,0.7602783159993265,1.3852293480656597,True,-0.8898082348980195,-1.6212332447113103,0.7314250098132907
0.48875,0.565625,2.0,0.7602783159993265,1.4310839300668983,True,-0.8883823332980259,-1.6722161531952282,0.7838338198972024
0.48875,0.575,0.0,0.7550441164616092,0.9340847512808566,True,-0.9292960582358861,-1.1496563690761297,0.22036031084024355
0.48875,0.575,0.125,0.7550441164616092,0.9578319538378841,True,-0.9237271212327414,-1.1718194130029855,0.24809229177024417
0.48875,0.575,0.25,0.7550441164616092,0.9825127500254403,True,-0.9182245319044008,-1.1948537712075356,0.27662923930313477
0.48875,0.575,0.375,0.7550441164616092,1.0081832984695789,True,-0.9127871115842662,-1.2188118560146892,0.30602474443042305
0.48875,0.575,0.5,0.7550441164616092,1.0349043541174148,True,-0.9074137093600738,-1.243750369453178,0.33633666009310415
0.48875,0.575,0.625,0.7550441164616092,1.0627417482939698,True,-0.9021032012617531,-1.269730751288158,0.3676275500264048
0.48875,0.575,0.75,0.7550441164616092,1.0917669302093447,True,-0.8968544894776374,-1.2968196844048319,0.3999651949271945
0.48875,0.575,0.875,0.7550441164616092,1.1220575792933065,True,-0.8916665015978783,-1.325089666294642,0.4334231646967638
0.48875,0.575,1.0,0.7550441164616092,1.1536982994061555,True,-0.8865381898839674,-1.3546196569558322,0.4680814670718648
0.48875,0.575,1.125,0.7550441164616092,1.1867814079894372,True,-0.8814685305633234,-1.3854958154004922,0.5040272848371687
0.48875,0.575,1.25,0.7550441164616092,1.2214078356577354,True,-0.8764565231479433,-1.4178123392352322,0.5413558160872889
0.48875,0.575,1.375,0.7550441164616092,1.2576881546943528,True,-0.8715011897761673,-1.4516724245466677,0.5801712347705004
0.48875,0.575,1.5,0.7550441164616092,1.2957437585274256,True,-0.8666015745766484,-1.4871893666955367,0.6205877921188883
0.48875,0.575,1.625,0.7550441164616092,1.33570821869242,True,-0.861756743053655,-1.5244878267572135,0.6627310837035585
0.48875,0.575,1.75,0.7550441164616092,1.3777288512418742,True,-0.8569657814928807,-1.5637052934373978,0.7067395119445171
0.48875,0.575,1.875,0.7550441164616092,1.4219685313145056,True,-0.8522277963869617,-1.6049937765926323,0.7527659802056706
0.48875,0.575,2.0,0.7550441164616092,1.4686078029748484,True,-0.8475419138799499,-1.648521776324072,0.8009798624441221
0.48875,0.584375,0.0,0.7500000417629707,0.9410784366338409,True,-0.9463484647966901,-1.1874507788936433,0.24110231409695315
0.48875,0.584375,0.125,0.7500000417629707,0.9670814823688859,True,-0.9367079877945084,-1.2078305319206644,0.271122544126156
0.48875,0.584375,0.25,0.7500000417629707,0.9939926744605537,True,-0.9272619456707358,-1.2289220399724217,0.30166009430168583
0.48875,0.584375,0.375,0.7500000417629707,1.0218604334355343,True,-0.9180045149336563,-1.2507632523870593,0.332758737453403
0.48875,0.584375,0.5,0.7500000417629707,1.0507366843513963,True,-0.9089301023508423,-1.2733948651607292,0.36446476280988693
0.48875,0.584375,0.625,0.7500000417629707,1.0806771796983996,True,-0.9000333336800597,-1.2968605740202204,0.3968272403401607
0.48875,0.584375,0.75,0.7500000417629707,1.1117418586735381,True,-0.8913090430555851,-1.3212073560021398,0.4298983129465547
0.48875,0.584375,0.875,0.7500000417629707,1.1439952476981523,True,-0.8827522629858827,-1.3464857833565242,0.4637335203706415
0.48875,0.584375,1.0,0.7500000417629707,1.1775069078105835,True,-0.8743582149219519,-1.3727503741885272,0.4983921592665753
0.48875,0.584375,1.125,0.7500000417629707,1.212351935461633,True,-0.8661223003587176,-1.4000599849542787,0.5339376845955611
0.48875,0.584375,1.25,0.7500000417629707,1.2486115243005733,True,-0.8580400924346437,-1.4284782507577733,0.5704381583231296
0.48875,0.584375,1.375,0.7500000417629707,1.2863735967971095,True,-0.8501073279973261,-1.4580740803813272,0.6079667523840011
0.48875,0.584375,1.5,0.7500000417629707,1.3257335160418138,True,-0.8423199001051871,-1.488922214155499,0.6466023140503119
0.48875,0.584375,1.625,0.7500000417629707,1.366794889855906,True,-0.8346738509375567,-1.5211038541759825,0.6864300032384257
0.48875,0.584375,1.75,0.7500000417629707,1.4096704814851586,True,-0.8271653650874305,-1.554707378055262,0.7275420129678315
0.48875,0.584375,1.875,0.7500000417629707,1.4544832437325372,True,-0.819790763213016,-1.5898291494187355,0.7700383862057195
0.48875,0.584375,2.0,0.7500000417629707,1.5013674965006039,True,-0.8125464960258761,-1.6265744407975022,0.8140279447716261
0.48875,0.59375,0.0,0.7451752871350834,0.9486545235544042,True,-0.9629194679173401,-1.2258564190586096,0.2629369511412696
0.48875,0.59375,0.125,0.7451752871350834,0.976804392719367,True,-0.9492178677919814,-1.244271245859014,0.2950533780670326
0.48875,0.59375,0.25,0.7451752871350834,1.005812895491869,True,-0.9359007235259897,-1.263247765826629,0.32734704230063927
0.48875,0.59375,0.375,0.7451752871350834,1.0357199256479646,True,-0.9229520777128951,-1.282812076311043,0.359859998598148
0.48875,0.59375,0.5,0.7451752871350834,1.0665678872301836,True,-0.9103568440088473,-1.3029919168052624,0.3926350727964151
0.48875,0.59375,0.625,0.7451752871350834,1.0984018951474197,True,-0.8981007484972215,-1.3238168001723312,0.4257160516751096
0.48875,0.59375,0.75,0.7451752871350834,1.131269995323611,True,-0.8861702757267381,-1.345318156660206,0.4591478809334678
0.48875,0.59375,0.875,0.7451752871350834,1.1652234066544762,True,-0.8745526189942121,-1.367529492182823,0.49297687318861083
0.48875,0.59375,1.0,0.7451752871350834,1.200316787334995,True,-0.8632356344874423,-1.3904865625438019,0.5272509280563595
0.48875,0.59375,1.125,0.7451752871350834,1.2366085284703496,True,-0.852207798943049,-1.4142275655081953,0.5620197665651463
0.48875,0.59375,1.25,0.7451752871350834,1.2741610782878163,True,-0.8414581705088983,-1.4387933528924903,0.5973351823835921
0.48875,0.59375,1.375,0.7451752871350834,1.3130413007362438,True,-0.8309763525316862,-1.4642276651499742,0.6332513126182879
0.48875,0.59375,1.5,0.7451752871350834,1.35332087280492,True,-0.8207524600177517,-1.490577391285195,0.6698249312674432
0.48875,0.59375,1.625,0.7451752871350834,1.3950767255286576,True,-0.8107770885396872,-1.517892857346681,0.7071157688069938
0.48875,0.59375,1.75,0.7451752871350834,1.438391534387701,True,-0.8010412853831662,-1.5462281472323154,0.7451868618491492
0.48875,0.59375,1.875,0.7451752871350834,1.4833542656797847,True,-0.7915365227479136,-1.5756414601100674,0.7841049373621538
0.48875,0.59375,2.0,0.7451752871350834,1.5300607864620273,True,-0.7822546728342107,-1.6061955094242648,0.8239408365900541
0.48875,0.603125,0.0,0.7405967015814736,0.9568421508897558,True,-0.9790130851820541,-1.264873289571029,0.28586020438897497
0.48875,0.603125,0.125,0.7405967015814736,0.987032320097194,True,-0.9612699403309325,-1.281135194659185,0.3198652543282524
0.48875,0.603125,0.25,0.7405967015814736,1.0180088823687163,True,-0.944158482906931,-1.2978206896014504,0.3536622066945193
0.48875,0.603125,0.375,0.7405967015814736,1.0498029690909556,True,-0.9276455691098737,-1.3149465432887582,0.3873009741788844
0.48875,0.603125,0.5,0.7405967015814736,1.0824473768452747,True,-0.9117003339654847,-1.3325304215675524,0.42083008760206775
0.48875,0.603125,0.625,0.7405967015814736,1.1159766802543192,True,-0.8962939987821035,-1.3505909480244735,0.4542969492423701
0.48875,0.603125,0.75,0.7405967015814736,1.1504273541314944,True,-0.8813996978051002,-1.3691477697820542,0.487748071976954
0.48875,0.603125,0.875,0.7405967015814736,1.1858379058405675,True,-0.8669923218723543,-1.38822162879409,0.5212293069217357
0.48875,0.603125,1.0,0.7405967015814736,1.2222490188751343,True,-0.8530483771567821,-1.4078344391845783,0.5547860620277962
0.48875,0.603125,1.125,0.7405967015814736,1.259703708783459,True,-0.8395458573242697,-1.42800937123648,0.5884635139122104
0.48875,0.603125,1.25,0.7405967015814736,1.2982474926950913,True,-0.8264641276437514,-1.4487709427070674,0.622306815063316
0.48875,0.603125,1.375,0.7405967015814736,1.3379285738539626,True,-0.8137838197657703,-1.4701451182264942,0.6563612984607239
0.48875,0.603125,1.5,0.7405967015814736,1.3787980427309328,True,-0.8014867360410434,-1.4921594176268724,0.6906726815858291
0.48875,0.603125,1.625,0.7405967015814736,1.4209100964800647,True,-0.7895557623849405,-1.514843034152181,0.7252872717672405
0.48875,0.603125,1.75,0.7405967015814736,1.4643222787207615,True,-0.7779747888104329,-1.538226963616677,0.7602521748062441
0.48875,0.603125,1.875,0.7405967015814736,1.5090957418765372,True,-0.7667286368535432,-1.5623441457134197,0.7956155088598765
0.48875,0.603125,2.0,0.7405967015814736,1.5552955345854396,True,-0.755802993203781,-1.587229618827613,0.831426625623832
0.48875,0.6125,0.0,0.7362889775110112,0.965671274949691,True,-0.9946345302360787,-1.304501390430902,0.30986686019482323
0.48875,0.6125,0.125,0.7362889775110112,0.9977977383385656,True,-0.9728776903947399,-1.3184159872085026,0.3455382968137627
0.48875,0.6125,0.25,0.7362889775110112,1.0306169513916161,True,-0.9520523029325091,-1.3326306273530981,0.38057832442058903
0.48875,0.6125,0.375,0.7362889775110112,1.0641515651831004,True,-0.9320998055168449,-1.3471551214859525,0.4150553159691076
0.48875,0.6125,0.5,0.7362889775110112,1.0984252291754544,True,-0.9129664442885318,-1.3619997126496888,0.449033268361157
0.48875,0.6125,0.625,0.7362889775110112,1.1334626468394493,True,-0.8946027902670138,-1.37717510039846,0.4825723101314462
0.48875,0.6125,0.75,0.7362889775110112,1.1692896350345612,True,-0.8769633129678716,-1.3926924665167448,0.5157291535488733
0.48875,0.6125,0.875,0.7362889775110112,1.2059331874495107,True,-0.8600060034885062,-1.4085635024966803,0.5485574990081741
0.48875,0.6125,1.0,0.7362889775110112,1.2434215424305906,True,-0.8436920404932876,-1.4248004389158295,0.5811083984225419
0.48875,0.6125,1.125,0.7362889775110112,1.2817842555559682,True,-0.8279854935077199,-1.4414160768705275,0.6134305833628076
0.48875,0.6125,1.25,0.7362889775110112,1.321052277347959,True,-0.8128530587485489,-1.458423821634578,0.6455707628860291
0.48875,0.6125,1.375,0.7362889775110112,1.3612580365527034,True,-0.7982638234020893,-1.4758377187293035,0.6775738953272141
0.48875,0.6125,1.5,0.7362889775110112,1.402435529458214,True,-0.78418905483963,-1.4936724926089306,0.7094834377693007
0.48875,0.6125,1.625,0.7362889775110112,1.4446204157678237,True,-0.7706020117454578,-1.511943588185247,0.7413415764397892
0.48875,0.6125,1.75,0.7362889775110112,1.487850121597314,True,-0.7574777745451223,-1.5306672154376622,0.7731894408925398
0.48875,0.6125,1.875,0.7362889775110112,1.5321639502209798,True,-0.7447930928715344,-1.549860397379486,0.8050673045079516
0.48875,0.6125,2.0,0.7362889775110112,1.5776032012554373,True,-0.7325262481045914,-1.5695410216787549,0.8370147735741634
0.48875,0.621875,0.0,0.7322748430964777,0.9751727971051426,True,-1.0097900637366783,-1.344740721638227,0.33495065790154865
0.48875,0.621875,0.125,0.7322748430964777,1.0091340369502035,True,-0.9840547970773728,-1.3561072038959399,0.3720524068185671
0.48875,0.621875,0.25,0.7322748430964777,1.0436742887766688,True,-0.9595986955540322,-1.3676674755866551,0.4080687800326229
0.48875,0.621875,0.375,0.7322748430964777,1.0788084874350603,True,-0.9363287009980029,-1.3794265352532484,0.4430978342552455
0.48875,0.621875,0.5,0.7322748430964777,1.1145520858633937,True,-0.9141605680682242,-1.3913895548372215,0.4772289867689973
0.48875,0.621875,0.625,0.7322748430964777,1.1509210777491765,True,-0.8930178451350095,-1.4035618872634408,0.5105440421284313
0.48875,0.621875,0.75,0.7322748430964777,1.1879320213914288,True,-0.8728309933878187,-1.4159490744265164,0.5431180810386977
0.48875,0.621875,0.875,0.7322748430964777,1.225602064837531,True,-0.8535366227784368,-1.4285568556038475,0.5750202328254107
0.48875,0.621875,1.0,0.7322748430964777,1.263948972375061,True,-0.8350768271116265,-1.4413911763221732,0.6063143492105467
0.48875,0.621875,1.125,0.7322748430964777,1.3029911524646134,True,-0.8173986035908758,-1.4544581977064017,0.6370595941155259
0.48875,0.621875,1.25,0.7322748430964777,1.3427476872058788,True,-0.8004533445635467,-1.4677643063416097,0.667310961778063
0.48875,0.621875,1.375,0.7322748430964777,1.3832383634360799,True,-0.7841963912009878,-1.4813161246813722,0.6971197334803844
0.48875,0.621875,1.5,0.7322748430964777,1.4244837055672452,True,-0.7685866404837332,-1.4951205220380654,0.7265338815543323
0.48875,0.621875,1.625,0.7322748430964777,1.4665050102768216,True,-0.7535861982093228,-1.509184626193462,0.7555984279841392
0.48875,0.621875,1.75,0.7322748430964777,1.5093243831748147,True,-0.7391600718555779,-1.5235158356708514,0.7843557638152735
0.48875,0.621875,1.875,0.7322748430964777,1.5529647775801059,True,-0.7252758980588905,-1.5381218327130783,0.8128459346541879
0.48875,0.621875,2.0,0.7322748430964777,1.5974500355488621,True,-0.7119037002400543,-1.5530105970143377,0.8411068967742834
0.48875,0.6312500000000001,0.0,0.7285752548141304,0.9853786978509467,True,-1.0244868540615495,-1.3855912831930062,0.3611044291314567
0.48875,0.6312500000000001,0.125,0.7285752548141304,1.021075608689992,True,-0.9948150357384161,-1.3942023990503207,0.3993873633119046
0.48875,0.6312500000000001,0.25,0.7285752548141304,1.0572189896268283,True,-0.9668135860716621,-1.4029212162646583,0.43610763019299614
0.48875,0.6312500000000001,0.375,0.7285752548141304,1.093817269540495,True,-0.9403453169795822,-1.411749768122717,0.4714044511431347
0.48875,0.6312500000000001,0.5,0.7285752548141304,1.1308790908246649,True,-0.9152876631425555,-1.4206901394170302,0.5054024762744747
0.48875,0.6312500000000001,0.625,0.7285752548141304,1.1684133161914894,True,-0.8915307842871619,-1.4297444680872506,0.5382136838000887
0.48875,0.6312500000000001,0.75,0.7285752548141304,1.206429035737288,True,-0.8689759555320735,-1.4389149469245952,0.5699389913925217
0.48875,0.6312500000000001,0.875,0.7285752548141304,1.2449355742819137,True,-0.847534196040767,-1.4482038253423104,0.6006696293015434
0.48875,0.6312500000000001,1.0,0.7285752548141304,1.2839424989942332,True,-0.8271250958111218,-1.4576134112151562,0.6304883154040344
0.48875,0.6312500000000001,1.125,0.7285752548141304,1.3234596273168364,True,-0.8076758079885166,-1.467146072791073,0.6594702648025564
0.48875,0.6312500000000001,1.25,0.7285752548141304,1.363497035203746,True,-0.7891201800831481,-1.476804240678352,0.6876840605952038
0.48875,0.6312500000000001,1.375,0.7285752548141304,1.4040650656856597,True,-0.7713980022548517,-1.4865904099118172,0.7151924076569656
0.48875,0.6312500000000001,1.5,0.7285752548141304,1.4451743377780095,True,-0.7544543546658222,-1.496507142101704,0.7420527874358818
0.48875,0.6312500000000001,1.625,0.7285752548141304,1.4868357557479648,True,-0.7382390389965336,-1.5065570676691256,0.7683180286725919
0.48875,0.6312500000000001,1.75,0.7285752548141304,1.5290605187573525,True,-0.7227060817289719,-1.5167428881722198,0.7940368064432479
0.48875,0.6312500000000001,1.875,0.7285752548141304,1.571860130899418,True,-0.7078132988448359,-1.527067378727305,0.8192540798824691
0.48875,0.6312500000000001,2.0,0.7285752548141304,1.6152464116483214,True,-0.6935219132585396,-1.537533390529596,0.8440114772710564
0.48875,0.640625,0.0,0.7252095881071801,0.9963221774122445,True,-1.0387328479276539,-1.4270530750952375,0.38832022716758363
0.48875,0.640625,0.125,0.7252095881071801,1.0336579474244871,True,-1.0051721929672854,-1.4326951033598008,0.42752291039251533
0.48875,0.640625,0.25,0.7252095881071801,1.0712901123045737,True,-0.9737123015727417,-1.438381921599803,0.46466962002706136
0.48875,0.640625,0.375,0.7252095881071801,1.109222215571679,True,-0.9441619107261495,-1.4441140652973126,0.49995215457116304
0.48875,0.640625,0.5,0.7252095881071801,1.1474578574565677,True,-0.9163522914756396,-1.44989207850442,0.5335397870287805
0.48875,0.640625,0.625,0.7252095881071801,1.1860006960406866,True,-0.8901340252617294,-1.4557165140153736,0.5655824887536443
0.48875,0.640625,0.75,0.7252095881071801,1.2248544484228283,True,-0.8653743182562637,-1.4615879335428807,0.5962136152866171
0.48875,0.640625,0.875,0.7252095881071801,1.2640228919141383,True,-0.8419547517925358,-1.4675069078986915,0.6255521561061558
0.48875,0.640625,1.0,0.7252095881071801,1.3035098652622796,True,-0.8197693884500901,-1.4734740171785916,0.6537046287285015
0.48875,0.640625,1.125,0.7252095881071801,1.3433192699055851,True,-0.7987231698783033,-1.4794898509519225,0.6807666810736193
0.48875,0.640625,1.25,0.7252095881071801,1.383455071258054,True,-0.7787305552417249,-1.4855550084557658,0.706824453214041
0.48875,0.640625,1.375,0.7252095881071801,1.4239213000260917,True,-0.7597143591561668,-1.491670098793924,0.7319557396377572
0.48875,0.640625,1.5,0.7252095881071801,1.4647220535579009,True,-0.7416047558281793,-1.4978357411408332,0.7562309853126539
0.48875,0.640625,1.625,0.7252095881071801,1.5058614972264777,True,-0.7243384223106247,-1.504052564950558,0.7797141426399333
0.48875,0.640625,1.75,0.7252095881071801,1.5473438658471936,True,-0.7078577987175223,-1.5103212101710095,0.8024634114534872
0.48875,0.640625,1.875,0.7252095881071801,1.5891734651309735,True,-0.6921104471846332,-1.5166423274635432,0.82453188027891
0.48875,0.640625,2.0,0.7252095881071801,1.6313546731741202,True,-0.6770484945332046,-1.5230165784280958,0.8459680838948912
0.48875,0.65,0.0,0.7221958245566811,1.0080378030883985,True,-1.0525366509064467,-1.4691260973449223,0.4165894464384756
0.48875,0.65,0.125,0.7221958245566811,1.0469177560749166,True,-1.015139993253749,-1.4715788262712535,0.45643883301750443
0.48875,0.65,0.25,0.7221958245566811,1.085927747538164,True,-0.9803095660164555,-1.4740397586317178,0.4937301926152623
0.48875,0.65,0.375,0.7221958245566811,1.125068430963944,True,-0.9477899822807624,-1.4765089356512495,0.5287189533704871
0.48875,0.65,0.5,0.7221958245566811,1.1643404642240456,True,-0.9173586546474959,-1.4789863988314722,0.5616277441839763
0.48875,0.65,0.625,0.7221958245566811,1.203744509613103,True,-0.8888206934582804,-1.4814721899530237,0.5926514964947432
0.48875,0.65,0.75,0.7221958245566811,1.2432812338858261,True,-0.8620047285532287,-1.4839663510779024,0.6219616225246737
0.48875,0.65,0.875,0.7221958245566811,1.282951308294608,True,-0.8367594652299035,-1.4864689245518432,0.6497094593219397
0.48875,0.65,1.0,0.7221958245566811,1.3227554086275137,True,-0.8129508281699749,-1.4889799530067125,0.6760291248367376
0.48875,0.65,1.125,0.7221958245566811,1.3626942152466548,True,-0.790459579465815,-1.4914994793629268,0.7010398998971118
0.48875,0.65,1.25,0.7221958245566811,1.4027684131269533,True,-0.7691793214030773,-1.494027546831903,0.7248482254288258
0.48875,0.65,1.375,0.7221958245566811,1.4429786918953031,True,-0.749014813392956,-1.496564198918524,0.7475493855255682
0.48875,0.65,1.5,0.7221958245566811,1.4833257458701268,True,-0.7298805468774505,-1.499109479423637,0.7692289325461865
0.48875,0.65,1.625,0.7221958245566811,1.5238102741013406,True,-0.7116995332256473,-1.5016634324465745,0.7899638992209272
0.48875,0.65,1.75,0.7221958245566811,1.5644329804107269,True,-0.694402268385033,-1.504226102387699,0.809823834002666
0.48875,0.65,1.875,0.7221958245566811,1.6051945734327215,True,-0.6779258449301698,-1.5067975339509796,0.8288716890208098
0.48875,0.65,2.0,0.7221958245566811,1.6460957666556175,True,-0.6622131875945622,-1.5093777721465877,0.8471645845520256
0.5025000000000001,0.5,0.0,0.7761942754796876,0.8957156135968602,True,-0.7443891204800615,-0.8590129802149953,0.11462385973493383
0.5025000000000001,0.5,0.125,0.7761942754796876,0.8935414010914291,True,-0.7726112925357592,-0.8894167332074437,0.11680544067168452
0.5025000000000001,0.5,0.25,0.7761942754796876,0.8912076339544626,True,-0.8030577811346701,-0.9220516662680271,0.11899388513335707
0.5025000000000001,0.5,0.375,0.7761942754796876,0.8886960798143619,True,-0.8360023366402475,-0.9571727372360362,0.12117040059578876
0.5025000000000001,0.5,0.5,0.7761942754796876,0.8859856184053909,True,-0.8717655523151094,-0.9950752876850248,0.12330973536991541
0.5025000000000001,0.5,0.625,0.7761942754796876,0.8830516462119513,True,-0.9107253315217914,-1.0361033682582073,0.1253780367364159
0.5025000000000001,0.5,0.75,0.7761942754796876,0.8798653274959192,True,-0.9533302929422516,-1.0806602121524738,0.1273299192102222
0.5025000000000001,0.5,0.875,0.7761942754796876,0.8763926433857494,True,-1.0001171231453256,-1.1292215324662238,0.12910440932089817
0.5025000000000001,0.5,1.0,0.7761942754796876,0.8725931725175358,True,-1.0517333025642375,-1.182352573471008,0.1306192709067706
0.5025000000000001,0.5,1.125,0.7761942754796876,0.8684185104472856,True,-1.1089672517817502,-1.2407302132342635,0.13176296145251332
0.5025000000000001,0.5,1.25,0.7761942754796876,0.8638101965024938,True,-1.172788887420595,-1.3051719541124553,0.1323830666918604
0.5025000000000001,0.5,1.375,0.7761942754796876,0.8586969591820252,True,-1.2444050372643587,-1.3766744425283555,0.13226940526399678
0.5025000000000001,0.5,1.5,0.7761942754796876,0.8529910036295819,True,-1.3253364793296332,-1.4564653841998927,0.13112890487025952
0.5025000000000001,0.5,1.625,0.7761942754796876,0.846582928624829,True,-1.417527134052233,-1.546074623919981,0.1285474898677479
0.5025000000000001,0.5,1.75,0.7761942754796876,0.8393346441634127,True,-1.5235022360779575,-1.6474331847016046,0.12393094862364706
0.5025000000000001,0.5,1.875,0.7761942754796876,0.831069307701413,True,-1.6466031889660524,-1.7630139973233638,0.11641080835731143
0.5025000000000001,0.5,2.0,0.7761942754796876,0.8215567044370996,True,-1.7913462879787774,-1.896036339546528,0.10469005156775069
0.5025000000000001,0.509375,0.0,0.7723251012226473,0.8997290231277629,True,-0.7652853327241371,-0.8915279637239145,0.1262426309997774
0.5025000000000001,0.509375,0.125,0.7723251012226473,0.9007943717568375,True,-0.7900161894705603,-0.9214282119605881,0.1314120224900278
0.5025000000000001,0.509375,0.25,0.7723251012226473,0.9019336599491256,True,-0.8163988228120941,-0.9534036600278732,0.13700483721577916
0.5025000000000001,0.509375,0.375,0.7723251012226473,0.9031548619920531,True,-0.8446044335135074,-0.9876781155761816,0.14307368206267412
0.5025000000000001,0.509375,0.5,0.7723251012226473,0.9044671416221833,True,-0.8748287281183492,-1.0245087695292574,0.14968004141090818
0.5025000000000001,0.509375,0.625,0.7723251012226473,0.9058810823891369,True,-0.9072964663945565,-1.064192661515478,0.15689619512092146
0.5025000000000001,0.509375,0.75,0.7723251012226473,0.9074089737151191,True,-0.9422670604332795,-1.1070747084611936,0.16480764802791414
0.5025000000000001,0.509375,0.875,0.7723251012226473,0.9090651690196053,True,-0.980041520518342,-1.1535577557764771,0.1735162352581351
0.5025000000000001,0.509375,1.0,0.7723251012226473,0.9108665380182132,True,-1.0209711414840326,-1.2041152716490189,0.18314413016498632
0.5025000000000001,0.509375,1.125,0.7723251012226473,0.9128330434119815,True,-1.0654684605551203,-1.2593075324993586,0.19383907194423822
0.5025000000000001,0.509375,1.25,0.7723251012226473,0.9149884837955383,True,-1.1140212112395647,-1.3198024735626297,0.20578126232306504
0.5025000000000001,0.509375,1.375,0.7723251012226473,0.9173614614987732,True,-1.167210274601931,-1.3864028524906546,0.2191925778887236
0.5025000000000001,0.509375,1.5,0.7723251012226473,0.9199866590393353,True,-1.2257330308902272,-1.4600820744757526,0.23434904358552533
0.5025000000000001,0.509375,1.625,0.7723251012226473,0.9229065454357244,True,-1.2904341069431204,-1.5420320819120705,0.2515979749689501
0.5025000000000001,0.509375,1.75,0.7723251012226473,0.9261736913112601,True,-1.3623464044011786,-1.6337283304807637,0.2713819260795851
0.5025000000000001,0.509375,1.875,0.7723251012226473,0.9298539622209093,True,-1.4427466558465063,-1.7370194135812476,0.29427275773474126
0.5025000000000001,0.509375,2.0,0.7723251012226473,0.9340310051073405,True,-1.5332318869418244,-1.8542529799378515,0.3210210929960271
0.5025000000000001,0.51875,0.0,0.768304868729386,0.9040863251572399,True,-0.7857775597905756,-0.9246469407345476,0.13886938094397194
0.5025000000000001,0.51875,0.125,0.768304868729386,0.9082858032748983,True,-0.806903241769742,-0.9539165882522773,0.14701334648253528
0.5025000000000001,0.51875,0.25,0.768304868729386,0.9127598410562724,True,-0.8291962377960861,-0.9850998698822465,0.15590363208616043
0.5025000000000001,0.51875,0.375,0.768304868729386,0.9175362742950524,True,-0.8527560479496396,-1.01839079636742,0.16563474841778036
0.5025000000000001,0.51875,0.5,0.768304868729386,0.922646833177254,True,-0.8776938113223536,-1.0540105217022566,0.17631671037990304
0.5025000000000001,0.51875,0.625,0.768304868729386,0.9281278480263785,True,-0.9041340591258173,-1.0922122620563104,0.18807820293049304
0.5025000000000001,0.51875,0.75,0.768304868729386,0.9340211142952337,True,-0.932216794511991,-1.133287324619967,0.20107053010797604
0.5025000000000001,0.51875,0.875,0.768304868729386,0.9403749603643555,True,-0.9620999724188227,-1.1775725499776388,0.2154725775588161
0.5025000000000001,0.51875,1.0,0.768304868729386,0.9472455758781823,True,-0.993962472175972,-1.2254595703847568,0.23149709820878484
0.5025000000000001,0.51875,1.125,0.768304868729386,0.9546986779277885,True,-1.0280076810167913,-1.2774064227777613,0.24939874176097
0.5025000000000001,0.51875,1.25,0.768304868729386,0.9628116197662697,True,-1.0644678401648648,-1.3339522461613118,0.26948440599644696
0.5025000000000001,0.51875,1.375,0.768304868729386,0.9716760855322943,True,-1.1036093497793236,-1.3957360633726759,0.2921267135933523
0.5025000000000001,0.51875,1.5,0.768304868729386,0.9814015702013215,True,-1.1457392889878537,-1.4635210357492534,0.3177817467613997
0.5025000000000001,0.51875,1.625,0.768304868729386,0.9921199253369022,True,-1.1912134885937848,-1.538226146241229,0.34701265764744416
0.5025000000000001,0.51875,1.75,0.768304868729386,1.0039913719515392,True,-1.240446605663801,-1.6209681080280725,0.3805215023642714
0.5025000000000001,0.51875,1.875,0.768304868729386,1.017212564297025,True,-1.2939248041325377,-1.7131175677643378,0.4191927636318
0.5025000000000001,0.51875,2.0,0.768304868729386,1.0320275699218913,True,-1.3522218633125211,-1.8163756347107174,0.46415377139819625
0.5025000000000001,0.528125,0.0,0.7641812811949849,0.9088136619754659,True,-0.8058509431333196,-0.9583699112468936,0.15251896811357402
0.5025000000000001,0.528125,0.125,0.7641812811949849,0.9160406060894017,True,-0.8232737520435901,-0.9868760271387493,0.16360227509515923
0.5025000000000001,0.528125,0.25,0.7641812811949849,0.9237106518865841,True,-0.841466584896811,-1.0171299229684823,0.17566333807167123
0.5025000000000001,0.528125,0.375,0.7641812811949849,0.931865839640998,True,-0.8604816435892884,-1.0492974233091703,0.18881577971988195
0.5025000000000001,0.528125,0.5,0.7641812811949849,0.9405537015337179,True,-0.8803759576434694,-1.0835660151319224,0.20319005748845298
0.5025000000000001,0.528125,0.625,0.7641812811949849,0.9498281887197864,True,-0.9012119554889237,-1.120148504548686,0.21893654905976234
0.5025000000000001,0.528125,0.75,0.7641812811949849,0.9597507927500978,True,-0.923058118833415,-1.1592874401731654,0.2362293213397504
0.5025000000000001,0.528125,0.875,0.7641812811949849,0.9703919106058807,True,-0.9459897345735704,-1.2012604973925936,0.25527076281902317
0.5025000000000001,0.528125,1.0,0.7641812811949849,0.9818325174066795,True,-0.9700897616395717,-1.2463870762335512,0.27629731459397944
0.5025000000000001,0.528125,1.125,0.7641812811949849,0.994166230856285,True,-0.9954498338060924,-1.295036444407496,0.29958661060140357
0.5025000000000001,0.528125,1.25,0.7641812811949849,1.0075018788071157,True,-1.0221714240183726,-1.347637864867677,0.32546644084930443
0.5025000000000001,0.528125,1.375,0.7641812811949849,1.0219667190480062,True,-1.05036720142029,-1.4046932960102645,0.35432609458997444
0.5025000000000001,0.528125,1.5,0.7641812811949849,1.037710513154665,True,-1.0801626193486225,-1.4667934606589028,0.38663084131028036
0.5025000000000001,0.528125,1.625,0.7641812811949849,1.0549107309288959,True,-1.1116977814946254,-1.5346383745682146,0.4229405930735892
0.5025000000000001,0.528125,1.75,0.7641812811949849,1.0737792692383257,True,-1.1451296447898194,-1.6090638483616726,0.4639342035718532
0.5025000000000001,0.528125,1.875,0.7641812811949849,1.094571225568133,True,-1.1806346320974184,-1.6910760941202887,0.5104414620228703
0.5025000000000001,0.528125,2.0,0.7641812811949849,1.117596498741217,True,-1.2184117464981066,-1.7818974835161032,0.5634857370179966
0.5025000000000001,0.5375,0.0,0.7599994776780854,0.9139373597094812,True,-0.8254932339463765,-0.9926968752609538,0.16720364131457732
0.5025000000000001,0.5375,0.125,0.7599994776780854,0.9240844910068594,True,-0.8391310136626824,-1.0203006428604409,0.18116962919775847
0.5025000000000001,0.5375,0.25,0.7599994776780854,0.9348120824731286,True,-0.853226976013893,-1.049483466365804,0.19625649035191095
0.5025000000000001,0.5375,0.375,0.7599994776780854,0.9461714079316319,True,-0.8678046055483122,-1.0803848286182542,0.21258022306994206
0.5025000000000001,0.5375,0.5,0.7599994776780854,0.9582199633098819,True,-0.882889019673299,-1.113161138771715,0.23027211909841605
0.5025000000000001,0.5375,0.625,0.7599994776780854,0.971022439987965,True,-0.898507113079679,-1.1479883801429749,0.24948126706329588
0.5025000000000001,0.5375,0.75,0.7599994776780854,0.9846518867659261,True,-0.9146877177712013,-1.1850652711718337,0.2703775534006324
0.5025000000000001,0.5375,0.875,0.7599994776780854,0.9991911045165021,True,-0.9314617807022624,-1.2246170593672743,0.2931552786650119
0.5025000000000001,0.5375,1.0,0.7599994776780854,1.01473432976161,True,-0.9488625613264972,-1.2669001012279135,0.31803753990141637
0.5025000000000001,0.5375,1.125,0.7599994776780854,1.0313892795007396,True,-0.9669258517095047,-1.3122074248947364,0.34528157318523167
0.5025000000000001,0.5375,1.25,0.7599994776780854,1.049279651079857,True,-0.9856902222709062,-1.3608755306741525,0.37518530840324626
0.5025000000000001,0.5375,1.375,0.7599994776780854,1.0685481997893156,True,-1.0051972967062073,-1.4132927631872187,0.40809546648101147
0.5025000000000001,0.5375,1.5,0.7599994776780854,1.0893605561987407,True,-1.0254920602124191,-1.469909695863737,0.44441763565131787
0.5025000000000001,0.5375,1.625,0.7599994776780854,1.1119099993243462,True,-1.0466232058212035,-1.5312521156368897,0.4846289098156862
0.5025000000000001,0.5375,1.75,0.7599994776780854,1.1364234770109438,True,-1.0686435244518506,-1.5979374005006897,0.529293876048839
0.5025000000000001,0.5375,1.875,0.7599994776780854,1.1631692710496335,True,-1.0916103452613561,-1.6706953713272308,0.5790850260658746
0.5025000000000001,0.5375,2.0,0.7599994776780854,1.1924668562606118,True,-1.1155860340245203,-1.750395112041039,0.6348090780165188
0.5025000000000001,0.546875,0.0,0.7558020110740621,0.9194839768456675,True,-0.8446946354767145,-1.0276278327767279,0.18293319730001334
0.5025000000000001,0.546875,0.125,0.7558020110740621,0.9324439452470511,True,-0.8544800683766471,-1.0541845012556017,0.19970443287895456
0.5025000000000001,0.546875,0.25,0.7558020110740621,0.9460915242731471,True,-0.8644948787867175,-1.0821501737410815,0.21765529495436398
0.5025000000000001,0.546875,0.375,0.7558020110740621,0.9604829285235785,True,-0.8747472275125527,-1.1116400412922522,0.2368928137796995
0.5025000000000001,0.546875,0.5,0.7558020110740621,0.9756806719182239,True,-0.8852456671334142,-1.1427822030984107,0.2575365359649965
0.5025000000000001,0.546875,0.625,0.7558020110740621,0.991754475493773,True,-0.8959991657974983,-1.1757195266728127,0.2797203608753144
0.5025000000000001,0.546875,0.75,0.7558020110740621,1.0087823368465973,True,-0.9070171327728785,-1.2106118392808358,0.3035947065079573
0.5025000000000001,0.546875,0.875,0.7558020110740621,1.0268517958297094,True,-0.9183094459070973,-1.2476385215184158,0.3293290756113185
0.5025000000000001,0.546875,1.0,0.7558020110740621,1.0460614398466166,True,-0.9298864811638373,-1.287001591855819,0.35711511069198176
0.5025000000000001,0.546875,1.125,0.7558020110740621,1.0665227033810023,True,-0.9417591444223153,-1.3289293941090667,0.3871702496867514
0.5025000000000001,0.546875,1.25,0.7558020110740621,1.0883620311208761,True,-0.9539389057442426,-1.3736810299639335,0.4197421242196909
0.5025000000000001,0.546875,1.375,0.7558020110740621,1.1117234933721878,True,-0.9664378363346714,-1.4215517183001467,0.4551138819654753
0.5025000000000001,0.546875,1.5,0.7558020110740621,1.1367719680767858,True,-0.9792686484470821,-1.472879315561915,0.49361066711483303
0.5025000000000001,0.546875,1.625,0.7558020110740621,1.1636970380068201,True,-0.9924447385100159,-1.52805230161843,0.5356075631084141
0.5025000000000001,0.546875,1.75,0.7558020110740621,1.1927177979636299,True,-1.0059802337828128,-1.5875196303424481,0.5815393965596354
0.5025000000000001,0.546875,1.875,0.7558020110740621,1.2240888299224348,True,-1.0198900428820357,-1.6518029734624204,0.6319129305803848
0.5025000000000001,0.546875,2.0,0.7558020110740621,1.2581076911489009,True,-1.034189910558478,-1.7215120646916569,0.6873221541331789
0.5025000000000001,0.55625,0.0,0.7516288636425904,0.9254803631748102,True,-0.8634476395685553,-1.0631627837942155,0.19971514422566017
0.5025000000000001,0.55625,0.125,0.7516288636425904,0.9411462197433349,True,-0.869327478301796,-1.0885216221709513,0.21919414386915526
0.5025000000000001,0.55625,0.25,0.7516288636425904,0.957577669710321,True,-0.8752879462365882,-1.1151197518158635,0.2398318055792753
0.5025000000000001,0.55625,0.375,0.7516288636425904,0.9748322408146615,True,-0.8813307133039051,-1.1430502947760226,0.2617195814721175
0.5025000000000001,0.55625,0.5,0.7516288636425904,0.9929733724837377,True,-0.8874574958704273,-1.1724159425435046,0.28495844667307724
0.5025000000000001,0.55625,0.625,0.7516288636425904,1.012071195230721,True,-0.8936700583638877,-1.2033302176914935,0.3096601593276058
0.5025000000000001,0.55625,0.75,0.7516288636425904,1.032203436698222,True,-0.8999702149671657,-1.2359189405169988,0.3359487255498331
0.5025000000000001,0.55625,0.875,0.7516288636425904,1.0534564790255498,True,-0.9063598313845462,-1.2703219406360906,0.3639621092515444
0.5025000000000001,0.55625,1.0,0.7516288636425904,1.0759265978695256,True,-0.9128408266837589,-1.306695062627727,0.39385423594396807
0.5025000000000001,0.55625,1.125,0.7516288636425904,1.0997214205610666,True,-0.9194151752176163,-1.3452125263998786,0.42579735118226236
0.5025000000000001,0.55625,1.25,0.7516288636425904,1.1249616499871424,True,-0.9260849086292922,-1.3860697176940708,0.4599848090647787
0.5025000000000001,0.55625,1.375,0.7516288636425904,1.1517831124625495,True,-0.93285211794552,-1.4294865030429227,0.49663438509740265
0.5025000000000001,0.55625,1.5,0.7516288636425904,1.1803392029285324,True,-0.9397189557622405,-1.4757111878937492,0.5359922321315087
0.5025000000000001,0.55625,1.625,0.7516288636425904,1.2108038204209997,True,-0.9466876385275002,-1.5250252683477177,0.5783376298202175
0.5025000000000001,0.55625,1.75,0.7516288636425904,1.2433749124571785,True,-0.9537604489266799,-1.577749168575347,0.6239887196486672
0.5025000000000001,0.55625,1.875,0.7516288636425904,1.27827878098057,True,-0.9609397383754555,-1.6342492109915319,0.6733094726160763
0.5025000000000001,0.55625,2.0,0.7516288636425904,1.3157753478571088,True,-0.9682279296262021,-1.6949461396877306,0.7267182100615285
0.5025000000000001,0.565625,0.0,0.747517494829147,0.9319537284674695,True,-0.881746860288333,-1.0993017283134168,0.21755486802508373
0.5025000000000001,0.565625,0.125,0.747517494829147,0.9502193278825476,True,-0.883681113247325,-1.1233059818677484,0.23962486862042343
0.5025000000000001,0.565625,0.25,0.747517494829147,0.9693004264315369,True,-0.885623871050367,-1.1483819466503238,0.2627580755999568
0.5025000000000001,0.565625,0.375,0.747517494829147,0.989252885165157,True,-0.8875751899143135,-1.174603034039265,0.2870278441249515
0.5025000000000001,0.565625,0.5,0.747517494829147,1.010137786266127,True,-0.8895351265525686,-1.202049516910831,0.31251439035826234
0.5025000000000001,0.565625,0.625,0.747517494829147,1.0320220576444292,True,-0.891503738180582,-1.230809350468931,0.339305612288349
0.5025000000000001,0.565625,0.75,0.747517494829147,1.054979189393551,True,-0.893481082521416,-1.2609791137963373,0.3674980312749213
0.5025000000000001,0.565625,0.875,0.747517494829147,1.0790900582657277,True,-0.895467217811387,-1.2926650933621218,0.3971978755507347
0.5025000000000001,0.565625,1.0,0.747517494829147,1.1044438796561014,True,-0.897462202805784,-1.3259845340985355,0.4285223312927514
0.5025000000000001,0.565625,1.125,0.747517494829147,1.131139310710981,True,-0.8994660967846612,-1.3610670890818959,0.4616009922972347
0.5025000000000001,0.565625,1.25,0.747517494829147,1.1592857333096636,True,-0.9014789595587107,-1.398056505599397,0.49657754604068627
0.5025000000000001,0.565625,1.375,0.747517494829147,1.1890047520944353,True,-0.9035008514752128,-1.437112593827562,0.5336117423523492
0.5025000000000001,0.565625,1.5,0.747517494829147,1.220431950810392,True,-0.9055318334240666,-1.4784135349758416,0.572881701551775
0.5025000000000001,0.565625,1.625,0.747517494829147,1.253718960457331,True,-0.9075719668439037,-1.522158599206858,0.6145866323629543
0.5025000000000001,0.565625,1.75,0.747517494829147,1.2890359058068481,True,-0.9096213137282821,-1.5685713607959724,0.6589500470676902
0.5025000000000001,0.565625,1.875,0.747517494829147,1.3265743135827253,True,-0.9116799366319669,-1.6179035199987095,0.7062235833667426
0.5025000000000001,0.565625,2.0,0.747517494829147,1.3665505872413095,True,-0.9137478986772942,-1.6704394695315705,0.7566915708542763
0.5025000000000001,0.575,0.0,0.7435029163403792,0.9389317202475159,True,-0.8995888671114931,-1.136044666334331,0.236455799222838
0.5025000000000001,0.575,0.125,0.7435029163403792,0.9596920557401503,True,-0.8975499539005032,-1.1585315154216704,0.26098156152116725
0.5025000000000001,0.575,0.25,0.7435029163403792,0.9812908470794319,True,-0.8955202621602194,-1.1819265497402478,0.2864062875800284
0.5025000000000001,0.575,0.375,0.7435029163403792,1.003779935705488,True,-0.8934997294723453,-1.2062859220743485,0.31278619260200313
0.5025000000000001,0.575,0.5,0.7435029163403792,1.0272155267790724,True,-0.8914882939806459,-1.2316705118335685,0.3401822178529226
0.5025000000000001,0.575,0.625,0.7435029163403792,1.0516586581930532,True,-0.889485894384635,-1.258146433069196,0.36866053868456106
0.5025000000000001,0.575,0.75,0.7435029163403792,1.0771757314038484,True,-0.8874924699333477,-1.2857856094517417,0.39829313951839396
0.5025000000000001,0.575,0.875,0.7435029163403792,1.1038391138028372,True,-0.8855079604191973,-1.3146664267379946,0.4291584663187973
0.5025000000000001,0.575,1.0,0.7435029163403792,1.1317278241345354,True,-0.8835323061719123,-1.3448744751913508,0.4613421690194386
0.5025000000000001,0.575,1.125,0.7435029163403792,1.1609283146332594,True,-0.881565448052556,-1.376503396764129,0.49493794871157293
0.5025000000000001,0.575,1.25,0.7435029163403792,1.1915353661842192,True,-0.8796073274476272,-1.4096558547038882,0.5300485272562611
0.5025000000000001,0.575,1.375,0.7435029163403792,1.223653116034301,True,-0.8776578862632355,-1.4444446467328005,0.566786760469565
0.5025000000000001,0.575,1.5,0.7435029163403792,1.2573962415302251,True,-0.8757170669193574,-1.4809939872302706,0.6052769203109133
0.5025000000000001,0.575,1.625,0.7435029163403792,1.292891328237664,True,-0.8737848123441667,-1.5194409891303797,0.645656176786213
0.5025000000000001,0.575,1.75,0.7435029163403792,1.330278456840395,True,-0.8718610659684398,-1.5599373827940004,0.6880763168255606
0.5025000000000001,0.575,1.875,0.7435029163403792,1.3697130507538469,True,-0.8699457717200362,-1.6026515172773725,0.7327057455573364
0.5025000000000001,0.575,2.0,0.7435029163403792,1.4113680358320033,True,-0.868038874018449,-1.647770699648978,0.779731825630529
0.5025000000000001,0.584375,0.0,0.7396177897423283,0.9464425101061174,True,-0.9169720197921762,-1.1733915978569598,0.25641957806478355
0.5025000000000001,0.584375,0.125,0.7396177897423283,0.9695939837618444,True,-0.9109439110179622,-1.1941921191149425,0.28324820809698026
0.5025000000000001,0.584375,0.25,0.7396177897423283,0.9935810750615155,True,-0.9049945413343923,-1.2157434039236552,0.31074886258926293
0.5025000000000001,0.584375,0.375,0.7396177897423283,1.0184498559991533,True,-0.8991223780179681,-1.238086845824836,0.33896446780686784
0.5025000000000001,0.584375,0.5,0.7396177897423283,1.0442498489021264,True,-0.893325927869758,-1.261266938324103,0.36794101045434513
0.5025000000000001,0.584375,0.625,0.7396177897423283,1.0710343555882922,True,-0.8876037359495231,-1.2853315706233237,0.3977278346738006
0.5025000000000001,0.584375,0.75,0.7396177897423283,1.0988608249374432,True,-0.8819543843581902,-1.3103323578664479,0.4283779735082577
0.5025000000000001,0.584375,0.875,0.7396177897423283,1.1277912642111558,True,-0.8763764910665208,-1.33632501069124,0.4599485196247193
0.5025000000000001,0.584375,1.0,0.7396177897423283,1.1578927003187411,True,-0.8708687087879532,-1.363369749655265,0.49250104086731183
0.5025000000000001,0.584375,1.125,0.7396177897423283,1.1892376982511728,True,-0.8654297238936794,-1.3915317710246335,0.5261020471309541
0.5025000000000001,0.584375,1.25,0.7396177897423283,1.2219049451234436,True,-0.8600582553681276,-1.420881771508873,0.5608235161407454
0.5025000000000001,0.584375,1.375,0.7396177897423283,1.2559799097206983,True,-0.8547530538030994,-1.4514965408324176,0.5967434870293182
0.5025000000000001,0.584375,1.5,0.7396177897423283,1.2915555891866988,True,-0.8495129004289096,-1.4834596325994365,0.6339467321705269
0.5025000000000001,0.584375,1.625,0.7396177897423283,1.3287333565896828,True,-0.844336606180945,-1.5168621257922967,0.6725255196113518
0.5025000000000001,0.584375,1.75,0.7396177897423283,1.367623925631796,True,-0.8392230108001439,-1.551803491518077,0.712580480717933
0.5025000000000001,0.584375,1.875,0.7396177897423283,1.408348451836536,True,-0.8341709819659643,-1.5883925823742187,0.7542216004082544
0.5025000000000001,0.584375,2.0,0.7396177897423283,1.4510397932836965,True,-0.8291794144604825,-1.6267487651601809,0.7975693506996984
0.5025000000000001,0.59375,0.0,0.7358925422216931,0.9545148880836735,True,-0.9338963066925137,-1.211342522881302,0.2774462161887883
0.5025000000000001,0.59375,0.125,0.7358925422216931,0.9799555197669245,True,-0.9238736604668903,-1.2302816528191665,0.3064079923522761
0.5025000000000001,0.59375,0.25,0.7358925422216931,1.0062043065292405,True,-0.9140638575940853,-1.2498224090941012,0.335758551500016
0.5025000000000001,0.59375,0.375,0.7358925422216931,1.0333003780344754,True,-0.9044601893186718,-1.269993921556237,0.36553373223756525
0.5025000000000001,0.59375,0.5,0.7358925422216931,1.0612854315191322,True,-0.895056225897572,-1.2908272314701938,0.3957710055726218
0.5025000000000001,0.59375,0.625,0.7358925422216931,1.0902039459002832,True,-0.8858458022444137,-1.3123554509064743,0.42650964866206065
0.5025000000000001,0.59375,0.75,0.7358925422216931,1.1201034176720348,True,-0.8768230044512,-1.3346139383532116,0.45779093390201164
0.5025000000000001,0.59375,0.875,0.7358925422216931,1.1510346212220108,True,-0.8679821571253815,-1.3576404925072578,0.4896583353818763
0.5025000000000001,0.59375,1.0,0.7358925422216931,1.1830518965689156,True,-0.8593178114853476,-1.3814755664787357,0.5221577549933881
0.5025000000000001,0.59375,1.125,0.7358925422216931,1.2162134679512893,True,-0.8508247341618655,-1.406162504962579,0.5553377708007134
0.5025000000000001,0.59375,1.25,0.7358925422216931,1.2505817971968298,True,-0.8424978966571114,-1.431747807302266,0.5892499106451546
0.5025000000000001,0.59375,1.375,0.7358925422216931,1.2862239763842445,True,-0.8343324654166698,-1.4582814198046437,0.6239489543879738
0.5025000000000001,0.59375,1.5,0.7358925422216931,1.3232121649911472,True,-0.8263237924733259,-1.485817061172132,0.6594932686988061
0.5025000000000001,0.59375,1.625,0.7358925422216931,1.3616240775211428,True,-0.8184674066245868,-1.5144125855138648,0.695945178889278
0.5025000000000001,0.59375,1.75,0.7358925422216931,1.401543528544089,True,-0.810759005108749,-1.5441303880977342,0.7333713829889852
0.5025000000000001,0.59375,1.875,0.7358925422216931,1.443061043193843,True,-0.8031944457469515,-1.5750378598318795,0.771843414084928
0.5025000000000001,0.59375,2.0,0.7358925422216931,1.4862745424822557,True,-0.7957697395210592,-1.6072078974426938,0.8114381579216345
0.5025000000000001,0.603125,0.0,0.7323554965606616,0.9631783647402253,True,-0.9503631880255805,-1.2498974414073578,0.2995342533817773
0.5025000000000001,0.603125,0.125,0.7323554965606616,0.990807943099289,True,-0.9363504937197682,-1.2667939423673615,0.33044344864759334
0.5025000000000001,0.603125,0.25,0.7323554965606616,1.0191947685649103,True,-0.9227450173987803,-1.2841535277181815,0.36140851031940113
0.5025000000000001,0.603125,0.375,0.7323554965606616,1.0483704046098823,True,-0.909529262268582,-1.3019954996815675,0.3924662374129855
0.5025000000000001,0.603125,0.5,0.7323554965606616,1.0783681935886447,True,-0.8966867197532445,-1.320340248330668,0.42365352857742355
0.5025000000000001,0.603125,0.625,0.7323554965606616,1.109223383847937,True,-0.8842018006982141,-1.339209329322858,0.4550075286246439
0.5025000000000001,0.603125,0.75,0.7323554965606616,1.1409732678947568,True,-0.8720597722419599,-1.3586255483945153,0.4865657761525555
0.5025000000000001,0.603125,0.875,0.7323554965606616,1.1736573327603197,True,-0.8602466998185073,-1.378613053314099,0.5183663534955917
0.5025000000000001,0.603125,1.0,0.7323554965606616,1.2073174238347246,True,-0.8487493938108328,-1.3991974340730593,0.5504480402622265
0.5025000000000001,0.603125,1.125,0.7323554965606616,1.2419979236016105,True,-0.8375553604257417,-1.420405832188638,0.5828504717628962
0.5025000000000001,0.603125,1.25,0.7323554965606616,1.2777459468780608,True,-0.8266527564055686,-1.4422670601002336,0.6156143036946651
0.5025000000000001,0.603125,1.375,0.7323554965606616,1.3146115543657626,True,-0.8160303472315792,-1.4648117317637712,0.648781384532192
0.5025000000000001,0.603125,1.5,0.7323554965606616,1.3526479865488508,True,-0.8056774685089834,-1.4880724056888164,0.682394937179833
0.5025000000000001,0.603125,1.625,0.7323554965606616,1.3919119202366155,True,-0.7955839902545446,-1.5120837418238544,0.7164997515693098
0.5025000000000001,0.603125,1.75,0.7323554965606616,1.4324637503507887,True,-0.7857402838353912,-1.5368826738795536,0.7511423900441624
0.5025000000000001,0.603125,1.875,0.7323554965606616,1.4743678999038894,True,-0.7761371913322148,-1.5625085988918999,0.786371407559685
0.5025000000000001,0.603125,2.0,0.7323554965606616,1.5176931615148304,True,-0.7667659971219472,-1.589003586071519,0.8222375889495719
0.5025000000000001,0.6125,0.0,0.7290330118058934,0.9724632806331504,True,-0.9663754451689655,-1.2890563534351276,0.32268090826616214
0.5025000000000001,0.6125,0.125,0.7290330118058934,1.002183459726905,True,-0.9483861832219072,-1.3037227819137314,0.3553365986918242
0.5025000000000001,0.6125,0.25,0.7290330118058934,1.0325877134080585,True,-0.9310544286866048,-1.3187267901551778,0.387672361468573
0.5025000000000001,0.6125,0.375,0.7290330118058934,1.0636999348508784,True,-0.9143447806764636,-1.334080169055155,0.4197353883786913
0.5025000000000001,0.6125,0.5,0.7290330118058934,1.0955451430496141,True,-0.8982243348601765,-1.3497952650833331,0.45157093022315664
0.5025000000000001,0.6125,0.625,0.7290330118058934,1.1281495499181562,True,-0.8826624671958001,-1.365885013395962,0.4832225462001618
0.5025000000000001,0.6125,0.75,0.7290330118058934,1.1615406322466113,True,-0.8676306397630108,-1.3823629733452802,0.5147323335822694
0.5025000000000001,0.6125,0.875,0.7290330118058934,1.195747208929965,True,-0.8531022261033092,-1.3992433665906123,0.5461411404873031
0.5025000000000001,0.6125,1.0,0.7290330118058934,1.2307995239250429,True,-0.8390523538192212,-1.4165411180362901,0.577488764217069
0.5025000000000001,0.6125,1.125,0.7290330118058934,1.2667293354376914,True,-0.8254577624750425,-1.4342718998440855,0.608814137369043
0.5025000000000001,0.6125,1.25,0.7290330118058934,1.3035700118929643,True,-0.812296675091357,-1.452452178792949,0.640155503701592
0.5025000000000001,0.6125,1.375,0.7290330118058934,1.3413566352979107,True,-0.7995486817399606,-1.4710992672868752,0.6715505855469146
0.5025000000000001,0.6125,1.5,0.7290330118058934,1.3801261126699491,True,-0.7871946339304318,-1.4902313783430075,0.7030367444125757
0.5025000000000001,0.6125,1.625,0.7290330118058934,1.4199172962747868,True,-0.7752165486388876,-1.5098676849271078,0.7346511362882202
0.5025000000000001,0.6125,1.75,0.7290330118058934,1.4607711134972847,True,-0.7635975209673065,-1.530028384042734,0.7664308630754275
0.5025000000000001,0.6125,1.875,0.7290330118058934,1.5027307072578437,True,-0.7523216445412904,-1.550734766024457,0.7984131214831667
0.5025000000000001,0.6125,2.0,0.7290330118058934,1.5458415879870118,True,-0.7413739388580112,-1.5720092895348765,0.8306353506768653
0.5025000000000001,0.621875,0.0,0.7259496315460908,0.982400923022447,True,-0.9819370369368706,-1.3288192589646104,0.3468822220277398
0.5025000000000001,0.621875,0.125,0.7259496315460908,1.0141152680870795,True,-0.9599928619151414,-1.3410619362797291,0.3810690743645877
0.5025000000000001,0.621875,0.25,0.7259496315460908,1.0464194284321873,True,-0.9390080570094143,-1.3535322997772257,0.4145242427678114
0.5025000000000001,0.621875,0.375,0.7259496315460908,1.0793300123467922,True,-0.9189210544733544,-1.3662367607489885,0.4473157062756341
0.5025000000000001,0.621875,0.5,0.7259496315460908,1.1128642575798753,True,-0.899675444387121,-1.3791819734771094,0.47950652908998836
0.5025000000000001,0.621875,0.625,0.7259496315460908,1.147040061446579,True,-0.8812194456174763,-1.3923748468557695,0.5111554012382932
0.5025000000000001,0.621875,0.75,0.7259496315460908,1.1818760126790193,True,-0.8635054405854908,-1.4058225566865987,0.5423171161011079
0.5025000000000001,0.621875,0.875,0.7259496315460908,1.2173914251408111,True,-0.8464895650402802,-1.4195325586934808,0.5730429936532007
0.5025000000000001,0.621875,1.0,0.7259496315460908,1.2536063735337886,True,-0.8301313453979211,-1.4335126023064053,0.6033812569084842
0.5025000000000001,0.621875,1.125,0.7259496315460908,1.29054173123562,True,-0.8143933773332285,-1.4477707452679094,0.6333773679346809
0.5025000000000001,0.621875,1.25,0.7259496315460908,1.328219210418176,True,-0.7992410402516279,-1.4623153691199573,0.6630743288683294
0.5025000000000001,0.621875,1.375,0.7259496315460908,1.3666614046086647,True,-0.7846422430534715,-1.4771551956337998,0.6925129525803283
0.5025000000000001,0.621875,1.5,0.7259496315460908,1.40589183386884,True,-0.7705671972614906,-1.4922993042504875,0.7217321069889969
0.5025000000000001,0.621875,1.625,0.7259496315460908,1.445934992782123,True,-0.7569882141360202,-1.5077571506053238,0.7507689364693035
0.5025000000000001,0.621875,1.75,0.7259496315460908,1.4868164014543555,True,-0.7438795228702405,-1.523538586215665,0.7796590633454245
0.5025000000000001,0.621875,1.875,0.7259496315460908,1.5285626597513327,True,-0.7312171073536455,-1.5396538794182175,0.808436772064572
0.5025000000000001,0.621875,2.0,0.7259496315460908,1.571201505015333,True,-0.7189785593282748,-1.5561137376493297,0.8371351783210549
0.5025000000000001,0.6312500000000001,0.0,0.7231282371377942,0.9930236497270125,True,-0.9970529634587865,-1.3691861579958078,0.3721331945370213
0.5025000000000001,0.6312500000000001,0.125,0.7231282371377942,1.0266376354903763,True,-0.9711829161064977,-1.3788051432850243,0.4076222271785267
0.5025000000000001,0.6312500000000001,0.25,0.7231282371377942,1.060727261503168,True,-0.9466213921580943,-1.3885602378888107,0.4419388457307164
0.5025000000000001,0.6312500000000001,0.375,0.7231282371377942,1.0953026952146374,True,-0.923271561560717,-1.3984543513265983,0.47518278976588135
0.5025000000000001,0.6312500000000001,0.5,0.7231282371377942,1.1303743959442556,True,-0.9010459181064954,-1.408490476639464,0.5074445585329685
0.5025000000000001,0.6312500000000001,0.625,0.7231282371377942,1.1659531254305737,True,-0.8798651835622826,-1.4186716934087917,0.5388065098465091
0.5025000000000001,0.6312500000000001,0.75,0.7231282371377942,1.2020499588409284,True,-0.859657362812185,-1.4290011709068138,0.5693438080946288
0.5025000000000001,0.6312500000000001,0.875,0.7231282371377942,1.2386762962656475,True,-0.8403569262798378,-1.4394821713857942,0.5991252451059563
0.5025000000000001,0.6312500000000001,1.0,0.7231282371377942,1.275843874721823,True,-0.8219041000664774,-1.4501180535130311,0.6282139534465537
0.5025000000000001,0.6312500000000001,1.125,0.7231282371377942,1.3135647806931925,True,-0.8042442476037571,-1.4609122759592719,0.6566680283555147
0.5025000000000001,0.6312500000000001,1.25,0.7231282371377942,1.351851463234282,True,-0.7873273293465028,-1.4718684011485978,0.684541071802095
0.5025000000000001,0.6312500000000001,1.375,0.7231282371377942,1.390716747668651,True,-0.7711074292513838,-1.4829900991783171,0.7118826699269334
0.5025000000000001,0.6312500000000001,1.5,0.7231282371377942,1.4301738499129053,True,-0.7555423386048106,-1.4942811519179255,0.738738813313115
0.5025000000000001,0.6312500000000001,1.625,0.7231282371377942,1.4702363914600796,True,-0.7405931892570831,-1.505745457296757,0.765152268039674
0.5025000000000001,0.6312500000000001,1.75,0.7231282371377942,1.5109184150580832,True,-0.7262241295526934,-1.5173870337905289,0.7911629042378354
0.5025000000000001,0.6312500000000001,1.875,0.7231282371377942,1.5522344011211102,True,-0.7124020372683896,-1.5292100251176353,0.8168079878492457
0.5025000000000001,0.6312500000000001,2.0,0.7231282371377942,1.594199284914312,True,-0.699096264720552,-1.5412187051567172,0.8421224404361652
0.5025000000000001,0.640625,0.0,0.7205902036260668,1.0043650201588297,True,-1.0117291381021316,-1.410157050528718,0.3984279124265864
0.5025000000000001,0.640625,0.125,0.7205902036260668,1.039785984927914,True,-0.9819688908107999,-1.4169461160619967,0.43497722525119686
0.5025000000000001,0.640625,0.25,0.7205902036260668,1.075549661307411,True,-0.9539094238274815,-1.4238008684447805,0.46989144461729904
0.5025000000000001,0.640625,0.375,0.7205902036260668,1.1116610472782065,True,-0.9274089896798499,-1.4307222656300773,0.5033132759502275
0.5025000000000001,0.640625,0.5,0.7205902036260668,1.148125238480901,True,-0.9023411666066591,-1.437711284289139,0.53537011768248
0.5025000000000001,0.640625,0.625,0.7205902036260668,1.1849474306128365,True,-0.8785928418041138,-1.444768920270892,0.5661760784667782
0.5025000000000001,0.640625,0.75,0.7205902036260668,1.2221329218960721,True,-0.8560625049739164,-1.4518961890749704,0.595833684101054
0.5025000000000001,0.640625,0.875,0.7205902036260668,1.2596871156187741,True,-0.8346587978647558,-1.4590941263388189,0.624435328474063
0.5025000000000001,0.640625,1.0,0.7205902036260668,1.2976155227525765,True,-0.8142992760967656,-1.466363788339358,0.6520645122425925
0.5025000000000001,0.640625,1.125,0.7205902036260668,1.335923764648576,True,-0.7949093478850845,-1.4737062525097195,0.678796904624635
0.5025000000000001,0.640625,1.25,0.7205902036260668,1.374617575814731,True,-0.7764213608623054,-1.4811226179715835,0.7047012571092781
0.5025000000000001,0.640625,1.375,0.7205902036260668,1.413702806777552,True,-0.7587738134364744,-1.488614006083675,0.7298401926472006
0.5025000000000001,0.640625,1.5,0.7205902036260668,1.4531854270310718,True,-0.7419106713107286,-1.4961815610069855,0.7542708896962569
0.5025000000000001,0.640625,1.625,0.7205902036260668,1.493071528076232,True,-0.7257807731603088,-1.5038264502873282,0.7780456771270194
0.5025000000000001,0.640625,1.75,0.7205902036260668,1.5333673265539198,True,-0.7103373121870649,-1.5115498654558386,0.8012125532687737
0.5025000000000001,0.640625,1.875,0.7205902036260668,1.5740791674750547,True,-0.6955373824850588,-1.5193530226480798,0.823815640163021
0.5025000000000001,0.640625,2.0,0.7205902036260668,1.61521352755124,True,-0.6813415809577793,-1.5272371632424218,0.8458955822846425
0.5025000000000001,0.65,0.0,0.7183555564888295,1.0164599336651077,True,-1.0259722676940815,-1.4517319365633423,0.42575966886926087
0.5025000000000001,0.65,0.125,0.7183555564888295,1.053596992172513,True,-0.9923634066649041,-1.45547854535245,0.46311513868754584
0.5025000000000001,0.65,0.25,0.7183555564888295,1.0909262322264246,True,-0.9608866250189069,-1.4592445425664944,0.4983579175475875
0.5025000000000001,0.65,0.375,0.7183555564888295,1.1284491494848574,True,-0.9313452778168813,-1.46303007909641,0.5316848012795287
0.5025000000000001,0.65,0.5,0.7183555564888295,1.1661672551661884,True,-0.9035661813165472,-1.466835307402954,0.5632691260864069
0.5025000000000001,0.65,0.625,0.7183555564888295,1.2040820762520439,True,-0.8773962154421014,-1.4706603815371744,0.5932641660950729
0.5025000000000001,0.65,0.75,0.7183555564888295,1.242195155693366,True,-0.8526995000504703,-1.4745054571611993,0.621805957110729
0.5025000000000001,0.65,0.875,0.7183555564888295,1.2805080526197192,True,-0.8293550350319165,-1.478370691569353,0.6490156565374365
0.5025000000000001,0.65,1.0,0.7183555564888295,1.3190223425518999,True,-0.8072547177245101,-1.4822562437096058,0.6750015259850958
0.5025000000000001,0.65,1.125,0.7183555564888295,1.3577396176179075,True,-0.78630166908773,-1.4861622742053617,0.6998606051176317
0.5025000000000001,0.65,1.25,0.7183555564888295,1.396661486772337,True,-0.766408813955544,-1.4900889453775925,0.7236801314220485
0.5025000000000001,0.65,1.375,0.7183555564888295,1.4357895760192614,True,-0.7474976714830737,-1.4940364212673234,0.7465387497842497
0.5025000000000001,0.65,1.5,0.7183555564888295,1.475125528638663,True,-0.7294973203554225,-1.498004867658477,0.7685075473030545
0.5025000000000001,0.65,1.625,0.7183555564888295,1.514671005416489,True,-0.7123435099924713,-1.5019944521010817,0.7896509421086104
0.5025000000000001,0.65,1.75,0.7183555564888295,1.5544276848783842,True,-0.6959778942705301,-1.506005343934854,0.8100274496643238
0.5025000000000001,0.65,1.875,0.7183555564888295,1.5943972635271881,True,-0.6803473685001404,-1.510037714313156,0.8296903458130156
0.5025000000000001,0.65,2.0,0.7183555564888295,1.6345814560842502,True,-0.6654034937838368,-1.5140917362273434,0.8486882424435066
0.51625,0.5,0.0,0.7524323379713516,0.8948910625229601,True,-0.7140466521041315,-0.8492377785293409,0.13519112642520936
0.51625,0.5,0.125,0.7524323379713516,0.8891710688213733,True,-0.7441367383034087,-0.8793679186229831,0.13523118031957448
0.51625,0.5,0.25,0.7524323379713516,0.8830302654398943,True,-0.7768743998974249,-0.9117146790958376,0.13484027919841268
0.51625,0.5,0.375,0.7524323379713516,0.876420441670482,True,-0.8126251508297117,-0.9465320104700693,0.13390685964035764
0.51625,0.5,0.5,0.7524323379713516,0.8692857299535746,True,-0.8518250325352698,-0.9841141958313103,0.13228916329604057
0.51625,0.5,0.625,0.7524323379713516,0.861561022945757,True,-0.894998486832967,-1.0248041889449928,0.1298057021120258
0.51625,0.5,0.75,0.7524323379713516,0.8531699809551228,True,-0.9427819541601513,-1.0690041101161114,0.1262221559559601
0.51625,0.5,0.875,0.7524323379713516,0.8440225004974776,True,-0.9959554575401435,-1.1171885806018442,0.12123312306170075
0.51625,0.5,1.0,0.7524323379713516,0.8340114659211251,True,-1.0554855135343164,-1.1699218334696073,0.11443631993529091
0.51625,0.5,1.125,0.7524323379713516,0.8230085354821131,True,-1.1225844107000735,-1.2278799104996674,0.10529549979959385
0.51625,0.5,1.25,0.7524323379713516,0.8108586095834956,True,-1.1987936335750213,-1.2918798008056889,0.09308616723066754
0.51625,0.5,1.375,0.7524323379713516,0.7973724739188438,True,-1.286103742095537,-1.362918193170542,0.07681445107500506
0.51625,0.5,1.5,0.7524323379713516,0.7823168741285367,True,-1.3871307521769474,-1.4422237579214103,0.055093005744462964
0.51625,0.5,1.625,0.7524323379713516,0.7654009111451633,True,-1.5053827342627317,-1.5313288096221647,0.02594607535943294
0.51625,0.5,1.75,0.7524323379713516,0.7462570612080852,True,-1.6456754843033807,-1.6321692843897844,0.013506199913596362
0.51625,0.5,1.875,0.7524323379713516,0.7244141680568849,True,-1.8148045102547112,-1.7472270038613151,0.0675775063933961
0.51625,0.5,2.0,0.7524323379713516,0.699258145494832,True,-2.0226788493080377,-1.8797366749442002,0.1429421743638375
0.51625,0.509375,0.0,0.7500947819191062,0.8995822939380637,True,-0.7349195400349547,-0.8813827553807054,0.14646321534575069
0.51625,0.509375,0.125,0.7500947819191062,0.8971208602186896,True,-0.7617467449483972,-0.9110567245228373,0.14930997957444003
0.51625,0.509375,0.25,0.7500947819191062,0.8944879112832836,True,-0.7906067325591535,-0.9427984061480984,0.15219167358894492
0.51625,0.509375,0.375,0.7500947819191062,0.8916648729651965,True,-0.8217396467211241,-0.9768317222916987,0.15509207557057458
0.51625,0.509375,0.5,0.7500947819191062,0.8886303886824225,True,-0.8554250079082263,-1.013414138572331,0.1579891306641047
0.51625,0.509375,0.625,0.7500947819191062,0.885359778158406,True,-0.8919901289776991,-1.0528431896175385,0.1608530606398394
0.51625,0.509375,0.75,0.7500947819191062,0.8818243646698437,True,-0.9318207857030625,-1.0954645894702062,0.16364380376714371
0.51625,0.509375,0.875,0.7500947819191062,0.8779906319934214,True,-0.9753748798056586,-1.1416823950702175,0.1663075152645589
0.51625,0.509375,1.0,0.7500947819191062,0.8738191585408821,True,-1.0232001215962987,-1.1919718558562498,0.16877173425995107
0.51625,0.509375,1.125,0.7500947819191062,0.8692632568150389,True,-1.0759571830084265,-1.2468958158894456,0.17093863288101918
0.51625,0.509375,1.25,0.7500947819191062,0.8642672185474993,True,-1.1344504027652071,-1.3071258697060424,0.17267546694083524
0.51625,0.509375,1.375,0.7500947819191062,0.8587640254207884,True,-1.199669082845085,-1.3734699608509153,0.17380087800583022
0.51625,0.509375,1.5,0.7500947819191062,0.8526723253499963,True,-1.2728438984213533,-1.4469088345045116,0.17406493608315832
0.51625,0.509375,1.625,0.7500947819191062,0.8458923839036863,True,-1.3555252934631392,-1.5286448453829353,0.1731195519197961
0.51625,0.509375,1.75,0.7500947819191062,0.8383005813388127,True,-1.4496945535093158,-1.6201682990798776,0.17047374557056183
0.51625,0.509375,1.875,0.7500947819191062,0.8297418068889724,True,-1.5579246327099725,-1.723349143203371,0.16542451049339846
0.51625,0.509375,2.0,0.7500947819191062,0.8200187491492313,True,-1.6836188345439438,-1.8405660778156192,0.15694724327167542
0.51625,0.51875,0.0,0.7475628419581832,0.9045993974521311,True,-0.7554346980530471,-0.9141248525450986,0.15869015449205148
0.51625,0.51875,0.125,0.7475628419581832,0.905306724793146,True,-0.7788702986485636,-0.943220395038887,0.16435009639032339
0.51625,0.51875,0.25,0.7475628419581832,0.9060605592327932,True,-0.8038065223382347,-0.9742289828598607,0.17042246052162602
0.51625,0.51875,0.375,0.7475628419581832,0.9068656434835901,True,-0.830392267577745,-1.0073457050220977,0.17695343744435277
0.51625,0.51875,0.5,0.7475628419581832,0.9077273878217417,True,-0.858796805805725,-1.0427931104249462,0.18399630461922112
0.51625,0.51875,0.625,0.7475628419581832,0.9086519918251897,True,-0.8892133892618757,-1.080826215484407,0.1916128262225314
0.51625,0.51875,0.75,0.7475628419581832,0.9096465937605093,True,-0.9218636536393813,-1.1217386490854886,0.19987499544610732
0.51625,0.51875,0.875,0.7475628419581832,0.9107194552330082,True,-0.9570030276527117,-1.1658702480680145,0.2088672204153028
0.51625,0.51875,1.0,0.7475628419581832,0.9118801912090447,True,-0.9949274288372152,-1.2136165190751316,0.21868909023791638
0.51625,0.51875,1.125,0.7475628419581832,0.9131400589729984,True,-1.0359816171014815,-1.2654405246481015,0.22945890754662002
0.51625,0.51875,1.25,0.7475628419581832,0.9145123244211539,True,-1.080569705473954,-1.321887950534792,0.241318245060838
0.51625,0.51875,1.375,0.7475628419581832,0.916012730968313,True,-1.129168507184974,-1.383606393919428,0.2544378867344541
0.51625,0.51875,1.5,0.7475628419581832,0.9176601062462809,True,-1.1823446540888378,-1.4513703196494305,0.2690256655605927
0.51625,0.51875,1.625,0.7475628419581832,0.9194771562667569,True,-1.240776791098063,-1.5261137277131493,0.2853369366150864
0.51625,0.51875,1.75,0.7475628419581832,0.9214915182967682,True,-1.3052846939406235,-1.6089734627234988,0.3036887687828753
0.51625,0.51875,1.875,0.7475628419581832,0.9237371764186182,True,-1.3768679680196312,-1.7013474422406343,0.3244794742210031
0.51625,0.51875,2.0,0.7475628419581832,0.9262563944086439,True,-1.4567582198573983,-1.8049741647348312,0.3482159448774329
0.51625,0.528125,0.0,0.7448812346678635,0.9099681012678269,True,-0.7755746660773262,-0.9474640700225195,0.17188940394519336
0.51625,0.528125,0.125,0.7448812346678635,0.9137521319305973,True,-0.7955054416279849,-0.9758532762260805,0.18034783459809567
0.51625,0.528125,0.25,0.7448812346678635,0.9177699316387306,True,-0.8164876008238521,-1.005996304801672,0.18950870397781994
0.51625,0.528125,0.375,0.7448812346678635,0.9220438534555415,True,-0.8386065909310852,-1.0380608567486478,0.19945426581756254
0.51625,0.528125,0.5,0.7448812346678635,0.9265991941453092,True,-0.8619573762446331,-1.072236717806445,0.21027934156181183
0.51625,0.528125,0.625,0.7448812346678635,0.9314646952441928,True,-0.8866458010352688,-1.108739517675073,0.22209371663980415
0.51625,0.528125,0.75,0.7448812346678635,0.9366731500878506,True,-0.9127901936307163,-1.1478152841621974,0.23502509053148102
0.51625,0.528125,0.875,0.7448812346678635,0.9422621438906035,True,-0.9405232629150823,-1.189745995532441,0.24922273261735872
0.51625,0.528125,1.0,0.7448812346678635,0.9482749621896176,True,-0.9699943513866265,-1.2348563959937007,0.2648620446070742
0.51625,0.528125,1.125,0.7448812346678635,0.9547617141012807,True,-1.001372125512542,-1.2835224227844886,0.2821502972719465
0.51625,0.528125,1.25,0.7448812346678635,0.9617807320817201,True,-1.0348478057120332,-1.3361817076982423,0.30133390198620913
0.51625,0.528125,1.375,0.7448812346678635,0.969400330998049,True,-1.070639066612838,-1.3933467742904124,0.3227077076775744
0.51625,0.528125,1.5,0.7448812346678635,0.9777010389249386,True,-1.1089947756693008,-1.4556217741445316,0.3466269984752308
0.51625,0.528125,1.625,0.7448812346678635,0.9867784541562187,True,-1.1502007881941958,-1.5237239212364064,0.37352313304221063
0.51625,0.528125,1.75,0.7448812346678635,0.9967469435824025,True,-1.194587084173661,-1.5985112385386304,0.4039241543649694
0.51625,0.528125,1.875,0.7448812346678635,1.0077444864257141,True,-1.2425366238701272,-1.6810188975232672,0.43848227365313996
0.51625,0.528125,2.0,0.7448812346678635,1.0199390996807614,True,-1.2944964253414273,-1.772507424208926,0.47801099886749876
0.51625,0.5375,0.0,0.7420927710309061,0.9157144411329632,True,-0.7953245197528112,-0.9814004078129693,0.18607588806015818
0.51625,0.5375,0.125,0.7420927710309061,0.9224814801987694,True,-0.8116523396491945,-1.0089496635929371,0.19729732394374266
0.51625,0.5375,0.25,0.7420927710309061,0.9296394123084214,True,-0.8286646238125454,-1.0380902819086892,0.20942565809614389
0.51625,0.5375,0.375,0.7420927710309061,0.9372231142525994,True,-0.8464053329035264,-1.068964249472272,0.2225589165687456
0.51625,0.5375,0.5,0.7420927710309061,0.9452717391026156,True,-0.8649222745197471,-1.1017309621384535,0.23680868761870633
0.51625,0.5375,0.625,0.7420927710309061,0.9538293923346742,True,-0.8842675334077812,-1.1365699774705098,0.2523024440627286
0.51625,0.5375,0.75,0.7420927710309061,0.9629459404258617,True,-0.9044979607299773,-1.1736843066109426,0.26918634588096524
0.51625,0.5375,0.875,0.7420927710309061,0.9726779832248073,True,-0.925675732064962,-1.2133043728943638,0.28762864082940176
0.51625,0.5375,1.0,0.7420927710309061,0.9830900301488381,True,-0.9478689856771584,-1.2556928002573113,0.30782381458015295
0.51625,0.5375,1.125,0.7420927710309061,0.9942559318588139,True,-0.9711525548574855,-1.3011502417218448,0.32999768686435926
0.51625,0.5375,1.25,0.7420927710309061,1.006260634583307,True,-0.9956088109180126,-1.3500225214151385,0.3544137104971259
0.51625,0.5375,1.375,0.7420927710309061,1.0192023452357135,True,-1.0213286368504368,-1.4027094489659262,0.38138081211548935
0.51625,0.5375,1.5,0.7420927710309061,1.0331952241051203,True,-1.0484125559032793,-1.459675781703576,0.4112632258002966
0.51625,0.5375,1.625,0.7420927710309061,1.04837276144912,True,-1.0769720446184594,-1.521464971086663,0.4444929264682036
0.51625,0.5375,1.75,0.7420927710309061,1.0648920495967529,True,-1.107131066485845,-1.5887165548379247,0.4815854883520798
0.51625,0.5375,1.875,0.7420927710309061,1.082939240458041,True,-1.1390278707083004,-1.6621883749815085,0.5231605042732081
0.51625,0.5375,2.0,0.7420927710309061,1.1027365907895417,True,-1.1728171111287322,-1.7427852597850928,0.5699681486563606
0.51625,0.546875,0.0,0.7392382788449733,0.9218647960741089,True,-0.814671745421571,-1.0159338659164479,0.2012621204948769
0.51625,0.546875,0.125,0.7392382788449733,0.9315200736144974,True,-0.8273130551675026,-1.0425038043971242,0.21519074922962156
0.51625,0.546875,0.25,0.7392382788449733,0.9416939472410134,True,-0.8403528602946178,-1.0705008449002014,0.2301479846055836
0.51625,0.546875,0.375,0.7392382788449733,0.9524293515780817,True,-0.8538103053669103,-1.1000431373519637,0.2462328319850534
0.51625,0.546875,0.5,0.7392382788449733,0.963774095170335,True,-0.8677057812337623,-1.1312622440078128,0.26355646277405054
0.51625,0.546875,0.625,0.7392382788449733,0.9757815722903124,True,-0.8820610281221146,-1.1643050982449257,0.28224407012281105
0.51625,0.546875,0.75,0.7392382788449733,0.9885116032459376,True,-0.8968992491340695,-1.1993363169678686,0.3024370678337991
0.51625,0.546875,0.875,0.7392382788449733,1.0020314310911271,True,-0.9122452353961872,-1.2365409434131864,0.32429570801699925
0.51625,0.546875,1.0,0.7392382788449733,1.0164169097892923,True,-0.9281255042802983,-1.276127716804886,0.34800221252458763
0.51625,0.546875,1.125,0.7392382788449733,1.031753928153082,True,-0.9445684523168824,-1.318332990832307,0.37376453851542457
0.51625,0.546875,1.25,0.7392382788449733,1.0481401260120602,True,-0.96160452465596,-1.363425456297336,0.401820931641376
0.51625,0.546875,1.375,0.7392382788449733,1.065686975054123,True,-0.9792664032030088,-1.4117118672914373,0.43244546408842843
0.51625,0.546875,1.5,0.7392382788449733,1.084522318065735,True,-0.9975892158758686,-1.4635440288204615,0.46595481294459296
0.51625,0.546875,1.625,0.7392382788449733,1.1047934888749027,True,-1.0166107698017073,-1.5193273824400604,0.5027166126383531
0.51625,0.546875,1.75,0.7392382788449733,1.126671174071709,True,-1.03637181171151,-1.5795316331565408,0.5431598214450308
0.51625,0.546875,1.875,0.7392382788449733,1.150354230749576,True,-1.0569163193061284,-1.6447040071595749,0.5877876878534465
0.51625,0.546875,2.0,0.7392382788449733,1.176075748272207,True,-1.0782918279785776,-1.7154859329351066,0.6371941049565291
0.51625,0.55625,0.0,0.7363565613696815,0.928445934427962,True,-0.8336061059751464,-1.0510644443329547,0.21745833835780826
0.51625,0.55625,0.125,0.7363565613696815,0.9408941071638465,True,-0.8424913304954179,-1.0765098999393603,0.2340185694439424
0.51625,0.55625,0.25,0.7363565613696815,0.9539599545532105,True,-0.8515680069761061,-1.1032179515353773,0.25164994455927114
0.51625,0.55625,0.375,0.7363565613696815,0.9676906194541297,True,-0.8608423906978135,-1.131284964389047,0.2704425736912335
0.51625,0.55625,0.5,0.7363565613696815,0.9821381674165772,True,-0.8703210124454129,-1.1608173663005432,0.2904963538551303
0.51625,0.55625,0.625,0.7363565613696815,0.9973602464445174,True,-0.8800106938446227,-1.1919329962295915,0.31192230238496876
0.51625,0.55625,0.75,0.7363565613696815,1.0134208557898587,True,-0.8899185637346093,-1.2247626757961863,0.33484411206157694
0.51625,0.55625,0.875,0.7363565613696815,1.0303912453952893,True,-0.9000520756592021,-1.2594520478422195,0.35939997218301745
0.51625,0.55625,1.0,0.7363565613696815,1.0483509726439282,True,-0.9104190265669071,-1.2961637365458167,0.38574470997890964
0.51625,0.55625,1.125,0.7363565613696815,1.0673891494767753,True,-0.9210275768183187,-1.3350798966687094,0.4140523198503907
0.51625,0.55625,1.25,0.7363565613696815,1.087605921125741,True,-0.9318862716088283,-1.3764052362517358,0.4445189646429075
0.51625,0.55625,1.375,0.7363565613696815,1.1091142282504125,True,-0.9430040639248229,-1.4203706186192289,0.4773665546944059
0.51625,0.55625,1.5,0.7363565613696815,1.1320419179371666,True,-0.9543903391629882,-1.467237377497016,0.5128470383340278
0.51625,0.55625,1.625,0.7363565613696815,1.1565342868879107,True,-0.9660549415550005,-1.517302515574294,0.5512475740192936
0.51625,0.55625,1.75,0.7363565613696815,1.1827571636756709,True,-0.9780082025539791,-1.5709050049783568,0.5928968024243777
0.51625,0.55625,1.875,0.7363565613696815,1.2109006682560495,True,-0.9902609713547394,-1.6284334721359763,0.6381725007812369
0.51625,0.55625,2.0,0.7363565613696815,1.2411838289477677,True,-1.0028246477373528,-1.690335635397371,0.6875109876600183
0.51625,0.565625,0.0,0.7334843882378239,0.9354850696641545,True,-0.8521195004021226,-1.08679214306249,0.23467264266036747
0.51625,0.565625,0.125,0.7334843882378239,0.9506306620266031,True,-0.8571923824733231,-1.1109621078541114,0.25376972538078835
0.51625,0.565625,0.25,0.7334843882378239,0.9664652451547902,True,-0.8623260265662385,-1.1362315927008833,0.2739055661346448
0.51625,0.565625,0.375,0.7334843882378239,0.9830369278080789,True,-0.8675215309523135,-1.1626773715573768,0.2951558406050633
0.51625,0.565625,0.5,0.7334843882378239,1.0003984044004535,True,-0.872780020531722,-1.1903835363560977,0.31760351582437574
0.51625,0.565625,0.625,0.7334843882378239,1.0186075147103235,True,-0.8781026476453399,-1.2194423902156208,0.341339742570281
0.51625,0.565625,0.75,0.7334843882378239,1.037727887621224,True,-0.8834905929166114,-1.249955474748712,0.3664648818321007
0.51625,0.565625,0.875,0.7334843882378239,1.0578296839895935,True,-0.888945066124601,-1.2820347555615546,0.39308968943695355
0.51625,0.565625,1.0,0.7334843882378239,1.0789904569169178,True,-0.8944673071095847,-1.3158039951117353,0.42133668800215063
0.51625,0.565625,1.125,0.7334843882378239,1.1012961516591666,True,-0.9000585867126084,-1.3514003484052186,0.4513417616926102
0.51625,0.565625,1.25,0.7334843882378239,1.1248422723519649,True,-0.9057202077505044,-1.3889762249047888,0.48325601715428435
0.51625,0.565625,1.375,0.7334843882378239,1.1497352489484494,True,-0.9114535060279415,-1.4287014699462053,0.5172479639182638
0.51625,0.565625,1.5,0.7334843882378239,1.1760940456330626,True,-0.9172598513881574,-1.4707659315116826,0.5535060801235252
0.51625,0.565625,1.625,0.7334843882378239,1.2040520619885062,True,-0.9231406488041106,-1.5153824941910043,0.5922418453868937
0.51625,0.565625,1.75,0.7334843882378239,1.233759391026581,True,-0.9290973395118761,-1.5627906826408413,0.6336933431289652
0.51625,0.565625,1.875,0.7334843882378239,1.265385514757274,True,-0.9351314021882087,-1.6132609632857593,0.6781295610975506
0.51625,0.565625,2.0,0.7334843882378239,1.2991225395090635,True,-0.9412443541742898,-1.6670999073766182,0.7258555532023284
0.51625,0.575,0.0,0.7306565146568225,0.9430099255186124,True,-0.8702058195541656,-1.1231169621050532,0.25291114255088754
0.51625,0.575,0.125,0.7306565146568225,0.9607577108209993,True,-0.8714227096822534,-1.1458545443955777,0.2744318347133242
0.51625,0.575,0.25,0.7306565146568225,0.9792389553942343,True,-0.8726430079586701,-1.1695317983264513,0.29688879036778115
0.51625,0.575,0.375,0.7306565146568225,0.9985000858632852,True,-0.8738667287213129,-1.194208203386956,0.3203414746656432
0.51625,0.575,0.5,0.7306565146568225,1.0185915316021477,True,-0.8750938863886167,-1.2199483671899043,0.34485448080128756
0.51625,0.575,0.625,0.7306565146568225,1.039568165616319,True,-0.8763244954601207,-1.246822590308396,0.37049809484827534
0.51625,0.575,0.75,0.7306565146568225,1.0614898050110413,True,-0.8775585705170394,-1.274907507450912,0.3973489369338725
0.51625,0.575,0.875,0.7306565146568225,1.0844217806570906,True,-0.8787961262228389,-1.3042868172888682,0.4254906910660293
0.51625,0.575,1.0,0.7306565146568225,1.1084355874796528,True,-0.8800371773238168,-1.3350521155744708,0.455014938250654
0.51625,0.575,1.125,0.7306565146568225,1.1336096290039375,True,-0.8812817386496885,-1.36730384901563,0.48602211036594145
0.51625,0.575,1.25,0.7306565146568225,1.160030072491274,True,-0.8825298251141782,-1.4011524108339135,0.5186225857197353
0.51625,0.575,1.375,0.7306565146568225,1.1877918343163665,True,-0.8837814517156136,-1.4367194031810142,0.5529379514654006
0.51625,0.575,1.5,0.7306565146568225,1.2169997193308368,True,-0.8850366335375277,-1.474139096834812,0.5891024632972843
0.51625,0.575,1.625,0.7306565146568225,1.2477697430380768,True,-0.8862953857492644,-1.513560125104219,0.6272647393549546
0.51625,0.575,1.75,0.7306565146568225,1.280230671740507,True,-0.8875577236065894,-1.5551474569894594,0.6675897333828701
0.51625,0.575,1.875,0.7306565146568225,1.3145258237675395,True,-0.8888236624523063,-1.5990847048260006,0.7102610423736944
0.51625,0.575,2.0,0.7306565146568225,1.350815184919255,True,-0.8900932177168792,-1.6455768344860728,0.7554836167691936
0.51625,0.584375,0.0,0.7279057250237085,0.9510488099981349,True,-0.8878608003568959,-1.1600389014606454,0.2721781011037495
0.51625,0.584375,0.125,0.7279057250237085,0.9713041330711037,True,-0.885189912838146,-1.1811812867175036,0.2959913738793576
0.51625,0.584375,0.25,0.7279057250237085,0.992311492589558,True,-0.8825350464003637,-1.2031086431249263,0.32057359672456254
0.51625,0.584375,0.375,0.7279057250237085,1.0141135629945508,True,-0.8798960573230546,-1.2258655140096295,0.34596945668657486
0.51625,0.584375,0.5,0.7279057250237085,1.0367563097350128,True,-0.8772728035996332,-1.2494998778326967,0.37222707423306345
0.51625,0.584375,0.625,0.7279057250237085,1.060289312753287,True,-0.8746651449119494,-1.2740634858418498,0.39939834092990045
0.51625,0.584375,0.75,0.7279057250237085,1.084766128891737,True,-0.8720729426052694,-1.2996122403493007,0.4275392977440313
0.51625,0.584375,0.875,0.7279057250237085,1.1102446987956016,True,-0.8694960596636995,-1.3262066194545234,0.456710559790824
0.51625,0.584375,1.0,0.7279057250237085,1.1367878048190463,True,-0.8669343606860441,-1.3539121550038533,0.4869777943178092
0.51625,0.584375,1.125,0.7279057250237085,1.1644635875520253,True,-0.8643877118620904,-1.3827999717381425,0.5184122598760521
0.51625,0.584375,1.25,0.7279057250237085,1.1933461299142085,True,-0.8618559809493082,-1.412947396966512,0.5510914160172039
0.51625,0.584375,1.375,0.7279057250237085,1.2235161193573376,True,-0.8593390372499587,-1.4444386517692174,0.5850996145192586
0.51625,0.584375,1.5,0.7279057250237085,1.2550616006397666,True,-0.8568367515886045,-1.4773656367392163,0.6205288851506118
0.51625,0.584375,1.625,0.7279057250237085,1.2880788339629183,True,-0.8543489962900085,-1.511828827699879,0.6574798314098705
0.51625,0.584375,1.75,0.7279057250237085,1.3226732760853728,True,-0.8518756451574199,-1.5479382997860138,0.696062654628594
0.51625,0.584375,1.875,0.7279057250237085,1.358960705478617,True,-0.8494165734512339,-1.585814901874719,0.7363983284234851
0.51625,0.584375,2.0,0.7279057250237085,1.3970685168152561,True,-0.8469716578680213,-1.6255916077644461,0.7786199498964248
0.51625,0.59375,0.0,0.7252628972524614,0.9596306978716138,True,-0.9050818803970379,-1.197557961129266,0.2924760807322281
0.51625,0.59375,0.125,0.7252628972524614,0.9822997410085132,True,-0.8985025286718232,-1.216936375145352,0.3184338464735287
0.51625,0.59375,0.25,0.7252628972524614,1.0057144940914593,True,-0.8920181417594113,-1.2369522521537277,0.34493411039431643
0.51625,0.59375,0.375,0.7252628972524614,1.0299123682231621,True,-0.8856266783421479,-1.2576375726765865,0.37201089433443857
0.51625,0.59375,0.5,0.7252628972524614,1.0549333195419008,True,-0.879326155191727,-1.2790264928353565,0.39970033764362956
0.51625,0.59375,0.625,0.7252628972524614,1.0808200693858203,True,-0.8731146451174909,-1.301155532556039,0.4280408874385482
0.51625,0.59375,0.75,0.7252628972524614,1.1076183477146067,True,-0.866990275001081,-1.3240637836558937,0.4570735086548128
0.51625,0.59375,0.875,0.7252628972524614,1.1353771627062212,True,-0.8609512239132239,-1.3477931403056165,0.4868419163923926
0.51625,0.59375,1.0,0.7252628972524614,1.1641490998723,True,-0.854995721308681,-1.372388554725272,0.5173928334165911
0.51625,0.59375,1.125,0.7252628972524614,1.1939906545330472,True,-0.8491220452955989,-1.3978983213972636,0.5487762761016647
0.51625,0.59375,1.25,0.7252628972524614,1.2249626020743964,True,-0.8433285209757095,-1.4243743935771167,0.5810458726014072
0.51625,0.59375,1.375,0.7252628972524614,1.257130411093308,True,-0.8376135188520188,-1.4518727364667723,0.6142592176147534
0.51625,0.59375,1.5,0.7252628972524614,1.2905647053411355,True,-0.8319754533008008,-1.4804537221024394,0.6484782688016386
0.51625,0.59375,1.625,0.7252628972524614,1.32534178132444,True,-0.8264127811048941,-1.510182571820687,0.6837697907157928
0.51625,0.59375,1.75,0.7252628972524614,1.3615441895471359,True,-0.8209240000454433,-1.5411298531277138,0.7202058530822705
0.51625,0.59375,1.875,0.7252628972524614,1.3992613887141045,True,-0.8155076475493919,-1.5733720389390315,0.7578643913896397
0.51625,0.59375,2.0,0.7252628972524614,1.438590483809664,True,-0.8101622993901643,-1.606992138518762,0.7968298391285977
0.51625,0.603125,0.0,0.722757084346578,0.9687853213286504,True,-0.9218680545313657,-1.235674141110915,0.3138060865795492
0.51625,0.603125,0.125,0.722757084346578,0.9937753157514637,True,-0.911369877321378,-1.2531138154394394,0.3417439381180615
0.51625,0.603125,0.25,0.722757084346578,1.0194808002972195,True,-0.9011081130593934,-1.2710528061951016,0.3699446931357082
0.51625,0.603125,0.375,0.722757084346578,1.0459329491052656,True,-0.8910748648357424,-1.2895128687584154,0.39843800392267303
0.51625,0.603125,0.5,0.722757084346578,1.0731647740281758,True,-0.8812625835754954,-1.308517040987978,0.4272544574124827
0.51625,0.603125,0.625,0.722757084346578,1.1012112620736194,True,-0.8716640490957356,-1.328089739136517,0.4564256900407814
0.51625,0.603125,0.75,0.722757084346578,1.1301095253686149,True,-0.8622723523874127,-1.3482568625058842,0.48598451011847144
0.51625,0.603125,0.875,0.722757084346578,1.1598989649977527,True,-0.8530808790304071,-1.3690459077842272,0.5159650287538201
0.51625,0.603125,1.0,0.722757084346578,1.1906214502363273,True,-0.844083293658139,-1.3904860941267467,0.5464028004686078
0.51625,0.603125,1.125,0.722757084346578,1.2223215148928874,True,-0.8352735253950415,-1.4126085001765418,0.5773349747815003
0.51625,0.603125,1.25,0.722757084346578,1.255046572697465,True,-0.8266457541965576,-1.4354462143767883,0.6088004601802307
0.51625,0.603125,1.375,0.722757084346578,1.2888471539262916,True,-0.818194398027068,-1.4590345001031528,0.6408401020760849
0.51625,0.603125,1.5,0.722757084346578,1.3237771657466293,True,-0.8099141008163916,-1.4834109773496664,0.6734968765332748
0.51625,0.603125,1.625,0.722757084346578,1.3598941791029342,True,-0.801799721140256,-1.5086158229369038,0.7068161017966478
0.51625,0.603125,1.75,0.722757084346578,1.3972597453556903,True,-0.7938463215744677,-1.5346919914835475,0.7408456699090799
0.51625,0.603125,1.875,0.722757084346578,1.435939746336128,True,-0.7860491586764627,-1.5616854596977714,0.7756363010213086
0.51625,0.603125,2.0,0.722757084346578,1.4760047820047044,True,-0.7784036735515218,-1.5896454969110185,0.8112418233594967
0.51625,0.6125,0.0,0.7204156100246979,0.9785432685599106,True,-0.93821973489138,-1.2743874414055925,0.33616770651421246
0.51625,0.6125,0.125,0.7204156100246979,1.0057626538573115,True,-0.9238019230387168,-1.2897075810476326,0.36590565800891584
0.51625,0.6125,0.25,0.7204156100246979,1.0336444418446125,True,-0.9098205275320801,-1.3054005469529277,0.39558001942084764
0.51625,0.6125,0.375,0.7204156100246979,1.0622131104109316,True,-0.8962560287998842,-1.3214801162393424,0.42522408743945816
0.51625,0.6125,0.5,0.7204156100246979,1.0914943585343821,True,-0.8830900542382613,-1.33796075330161,0.45487069906334876
0.51625,0.6125,0.625,0.7204156100246979,1.1215151833867931,True,-0.8703052951860863,-1.3548576532089007,0.4845523580228144
0.51625,0.6125,0.75,0.7204156100246979,1.1523039633556242,True,-0.8578854310089481,-1.372186788432817,0.5143013574238688
0.51625,0.6125,0.875,0.7204156100246979,1.183890547519708,True,-0.8458150595919118,-1.3899649592078573,0.5441498996159455
0.51625,0.6125,1.0,0.7204156100246979,1.2163063521718305,True,-0.8340796336186301,-1.4082098478581178,0.5741302142394876
0.51625,0.6125,1.125,0.7204156100246979,1.2495844650442391,True,-0.8226654020825098,-1.4269400774595022,0.6042746753769924
0.51625,0.6125,1.25,0.7204156100246979,1.2837597579639275,True,-0.8115593565355012,-1.446175275246546,0.6346159187110448
0.51625,0.6125,1.375,0.7204156100246979,1.3188690087440067,True,-0.8007491816327629,-1.4659361412176661,0.6651869595849033
0.51625,0.6125,1.5,0.7204156100246979,1.3549510332068258,True,-0.7902232095779178,-1.4862445224429643,0.6960213128650465
0.51625,0.6125,1.625,0.7204156100246979,1.3920468283351652,True,-0.7799703781146363,-1.5071234936353424,0.727153115520706
0.51625,0.6125,1.75,0.7204156100246979,1.4301997276614056,True,-0.769980191746585,-1.5285974446096326,0.7586172528630476
0.51625,0.6125,1.875,0.7204156100246979,1.4694555701328926,True,-0.7602426858999564,-1.5506921753266607,0.7904494894267043
0.51625,0.6125,2.0,0.7204156100246979,1.5098628838370287,True,-0.7507483937713333,-1.573434999300948,0.8226866055296147
0.51625,0.621875,0.0,0.7182641755075693,0.9889360900933677,True,-0.95413861540431,-1.3136978620132977,0.35955924660898775
0.51625,0.621875,0.125,0.7182641755075693,1.0182946242171342,True,-0.9358091478344064,-1.3267116153462553,0.3909024675118489
0.51625,0.621875,0.25,0.7182641755075693,1.0482406410644216,True,-0.9181706425434263,-1.3399857820642629,0.4218151395208366
0.51625,0.621875,0.375,0.7182641755075693,1.0787919526984326,True,-0.9011847517255747,-1.353528257718096,0.4523435059925214
0.51625,0.621875,0.5,0.7182641755075693,1.1099670985996104,True,-0.8848159137252634,-1.367347260300669,0.48253134657540575
0.51625,0.621875,0.625,0.7182641755075693,1.1417853831819147,True,-0.8690311045173423,-1.3814513468768703,0.512420242359528
0.51625,0.621875,0.75,0.7182641755075693,1.174266915655165,True,-0.8537996153221322,-1.3958494312533356,0.5420498159312034
0.51625,0.621875,0.875,0.7182641755075693,1.2074326524064132,True,-0.8390928532040447,-1.410550802764836,0.5714579495607912
0.51625,0.621875,1.0,0.7182641755075693,1.2413044420880384,True,-0.8248841619294563,-1.4255651462604686,0.6006809843310122
0.51625,0.621875,1.125,0.7182641755075693,1.275905073616416,True,-0.8111486607224188,-1.4409025633800225,0.6297539026576038
0.51625,0.621875,1.25,0.7182641755075693,1.3112583273027392,True,-0.797863098866202,-1.4565735952187284,0.6587104963525264
0.51625,0.621875,1.375,0.7182641755075693,1.3473890293570776,True,-0.785005724363206,-1.4725892464872674,0.6875835221240614
0.51625,0.621875,1.5,0.7182641755075693,1.3843231100281805,True,-0.7725561650925634,-1.4889610112833918,0.7164048461908283
0.51625,0.621875,1.625,0.7182641755075693,1.4220876656651598,True,-0.7604953210996652,-1.5057009006019988,0.7452055795023336
0.51625,0.621875,1.75,0.7182641755075693,1.4607110250132094,True,-0.7488052668198031,-1.5228214717220263,0.7740162049022232
0.51625,0.621875,1.875,0.7182641755075693,1.500222820084231,True,-0.7374691621831829,-1.5403358596212635,0.8028666974380806
0.51625,0.621875,2.0,0.7182641755075693,1.5406540619749822,True,-0.7264711716741656,-1.5582578105842524,0.8317866389100868
0.51625,0.6312500000000001,0.0,0.716326974887737,0.9999964128049557,True,-0.9696275417185446,-1.3536054029340328,0.38397786121548816
0.51625,0.6312500000000001,0.125,0.716326974887737,1.031405235252304,True,-0.9474024375491092,-1.3641198338678862,0.4167173963187769
0.51625,0.6312500000000001,0.25,0.716326974887737,1.063305827656001,True,-0.926173358862673,-1.3747988899241885,0.4486255310615155
0.51625,0.6312500000000001,0.375,0.716326974887737,1.0957098306559994,True,-0.9058748172779538,-1.3856464679285851,0.4797716506506313
0.51625,0.6312500000000001,0.5,0.716326974887737,1.1286292552067896,True,-0.8864469424087956,-1.3966665886733762,0.5102196462645806
0.51625,0.6312500000000001,0.625,0.716326974887737,1.1620764974211097,True,-0.8678348920803741,-1.4078634018866019,0.5400285098062277
0.51625,0.6312500000000001,0.75,0.716326974887737,1.1960643541334215,True,-0.8499883353169191,-1.4192411914420802,0.5692528561251611
0.51625,0.6312500000000001,0.875,0.716326974887737,1.2306060392241993,True,-0.832860997836485,-1.4308043808241309,0.5979433829876458
0.51625,0.6312500000000001,1.0,0.716326974887737,1.265715200748786,True,-0.8164102614102616,-1.4425575388616405,0.6261472774513789
0.51625,0.6312500000000001,1.125,0.716326974887737,1.3014059389174522,True,-0.8005968097831234,-1.454505385747074,0.6539085759639506
0.51625,0.6312500000000001,1.25,0.716326974887737,1.3376928249764328,True,-0.7853843149623014,-1.4666527993570984,0.6812684843947969
0.51625,0.6312500000000001,1.375,0.716326974887737,1.3745909210430443,True,-0.7707391586049355,-1.4790048218925953,0.7082656632876598
0.51625,0.6312500000000001,1.5,0.716326974887737,1.4121158009516173,True,-0.7566301840069186,-1.4915666668570553,0.7349364828501367
0.51625,0.6312500000000001,1.625,0.716326974887737,1.4502835721708482,True,-0.7430284748422669,-1.5043437263936377,0.7613152515513708
0.51625,0.6312500000000001,1.75,0.716326974887737,1.4891108988573785,True,-0.729907157346254,-1.5173415790025995,0.7874344216563455
0.51625,0.6312500000000001,1.875,0.716326974887737,1.5286150261149134,True,-0.717241223094608,-1.5305659976622863,0.8133247745676783
0.51625,0.6312500000000001,2.0,0.716326974887737,1.5688138055330823,True,-0.7050073699196459,-1.5440229583785334,0.8390155884588876
0.51625,0.640625,0.0,0.7146268168184605,1.0117580616097164,True,-0.9846903872114829,-1.394110064167795,0.4094196769563121
0.51625,0.640625,0.125,0.7146268168184605,1.0451297123804963,True,-0.9585929797402231,-1.4019261265147391,0.4433331467745161
0.51625,0.640625,0.25,0.7146268168184605,1.0788776684699208,True,-0.9338431838651927,-1.4098303243228931,0.4759871404577004
0.51625,0.640625,0.375,0.7146268168184605,1.1130083309071563,True,-0.9103392453067474,-1.4178241567941807,0.5074849114874334
0.51625,0.640625,0.5,0.7146268168184605,1.1475282467262846,True,-0.8879894025090136,-1.425909157326723,0.5379197548177095
0.51625,0.640625,0.625,0.7146268168184605,1.1824441131530719,True,-0.866710689371644,-1.4340868944954308,0.5673762051237868
0.51625,0.640625,0.75,0.7146268168184605,1.217762781936633,True,-0.8464279060925662,-1.4423589730665365,0.5959310669739702
0.51625,0.640625,0.875,0.7146268168184605,1.253491263831885,True,-0.8270727312124919,-1.45072703504744,0.623654303834948
0.51625,0.640625,1.0,0.7146268168184605,1.2896367332389425,True,-0.8085829527645526,-1.4591927607733155,0.6506098080087629
0.51625,0.640625,1.125,0.7146268168184605,1.3262065330059085,True,-0.7909018002978933,-1.467757870031984,0.6768560697340907
0.51625,0.640625,1.25,0.7146268168184605,1.3632081794018078,True,-0.7739773626650746,-1.4764241232286395,0.7024467605635649
0.51625,0.640625,1.375,0.7146268168184605,1.400649367266742,True,-0.7577620789956647,-1.4851933225920766,0.7274312435964119
0.51625,0.640625,1.5,0.7146268168184605,1.4385379753466765,True,-0.7422122923432145,-1.4940673134241693,0.7518550210809548
0.51625,0.640625,1.625,0.7146268168184605,1.4768820718206312,True,-0.7272878571839397,-1.503047985394406,0.7757601282104664
0.51625,0.640625,1.75,0.7146268168184605,1.5156899200284117,True,-0.7129517933365629,-1.5121372738813976,0.7991854805448347
0.51625,0.640625,1.875,0.7146268168184605,1.5549699844074292,True,-0.6991699800218557,-1.521337161363356,0.8221671813415002
0.51625,0.640625,2.0,0.7146268168184605,1.5947309366475657,True,-0.685910884733405,-1.5306496788596402,0.8447387941262352
0.51625,0.65,0.0,0.713185250567184,1.0242561889292965,True,-0.999331935570666,-1.4352118457145862,0.43587991014392014
0.51625,0.65,0.125,0.713185250567184,1.0595045857408973,True,-0.9693921727035781,-1.440124359756399,0.47073218705282094
0.51625,0.65,0.25,0.713185250567184,1.0949951112320748,True,-0.9411942033821552,-1.4450706188943283,0.5038764155121731
0.51625,0.65,0.375,0.713185250567184,1.130730268850714,True,-0.9145903265449223,-1.450050972029997,0.5354606454850747
0.51625,0.65,0.5,0.713185250567184,1.1667125966760155,True,-0.8894490817943538,-1.4550657728915428,0.565616691097189
0.51625,0.65,0.625,0.713185250567184,1.202944668019408,True,-0.8656530769120953,-1.4601153801173612,0.5944623032052659
0.51625,0.65,0.75,0.713185250567184,1.239429092038025,True,-0.843097155018768,-1.4652001573416102,0.6221030023228422
0.51625,0.65,0.875,0.713185250567184,1.2761685143610364,True,-0.8216868410018351,-1.470320473281497,0.6486336322796619
0.51625,0.65,1.0,0.713185250567184,1.3131656177291637,True,-0.8013370187972285,-1.475476701826408,0.6741396830291796
0.51625,0.65,1.125,0.713185250567184,1.3504231226476988,True,-0.7819708004708241,-1.4806692221289197,0.6986984216580956
0.51625,0.65,1.25,0.713185250567184,1.3879437880533583,True,-0.7635185554183167,-1.4858984186977349,0.7223798632794182
0.51625,0.65,1.375,0.713185250567184,1.4257304119953187,True,-0.7459170738449025,-1.4911646814926003,0.7452476076476978
0.51625,0.65,1.5,0.713185250567184,1.463785832330787,True,-0.7291088433440693,-1.4964684060212448,0.7673595626771754
0.51625,0.65,1.625,0.713185250567184,1.5021129274354657,True,-0.7130414211288917,-1.501809993438397,0.7887685723095054
0.51625,0.65,1.75,0.713185250567184,1.540714616929291,True,-0.6976668874786685,-1.5071898506469301,0.8095229631682617
0.51625,0.65,1.875,0.713185250567184,1.5795938624178223,True,-0.6829413684015365,-1.5126083904011876,0.829667021999651
0.51625,0.65,2.0,0.713185250567184,1.6187536682496853,True,-0.6688246174979434,-1.5180660314125478,0.8492414139146044
0.53,0.5,0.0,0.7281691851060184,0.8933859968746398,True,-0.6846138960190156,-0.8399482983891022,0.15533440237008667
0.53,0.5,0.125,0.7281691851060184,0.8843001176475833,True,-0.7162068582954602,-0.8697728797167784,0.15356602142131826
0.53,0.5,0.25,0.7281691851060184,0.874545247899119,True,-0.7508567371692962,-0.9017934358878963,0.15093669871860005
0.53,0.5,0.375,0.7281691851060184,0.8640446771935972,True,-0.7890297671287254,-0.9362617704505276,0.1472320033218022
0.53,0.5,0.5,0.7281691851060184,0.852709500909098,True,-0.8312920731626375,-0.9734697146144635,0.142177641451826
0.53,0.5,0.625,0.7281691851060184,0.8404360969146432,True,-0.8783379366072741,-1.0137574101090283,0.1354194735017542
0.53,0.5,0.75,0.7281691851060184,0.8271029486201924,True,-0.9310282347710718,-1.0575237375853654,0.12649550281429367
0.53,0.5,0.875,0.7281691851060184,0.8125666079562579,True,-0.9904435991527633,-1.105239568217066,0.11479596906430267
0.53,0.5,1.0,0.7281691851060184,0.7966565138004987,True,-1.0579593155245117,-1.1574647723190963,0.09950545679458456
0.53,0.5,1.125,0.7281691851060184,0.7791682684952715,True,-1.1353530993861167,-1.214870289314182,0.07951718992806533
0.53,0.5,1.25,0.7281691851060184,0.7598548092150251,True,-1.2249639102326675,-1.2782671078969308,0.05330319766426328
0.53,0.5,1.375,0.7281691851060184,0.7384146628589272,True,-1.3299324196414344,-1.3486448195850338,0.01871239994359941
0.53,0.5,1.5,0.7281691851060184,0.7144760949693081,True,-1.4545767026460443,-1.427223650213331,0.027353052432713243
0.53,0.5,1.625,0.7281691851060184,0.687575374422995,True,-1.6050010407486572,-1.5155258065217099,0.08947523422694736
0.53,0.5,1.75,0.7281691851060184,0.6571264374333701,True,-1.79012605050405,-1.6154750546785712,0.17465099582547872
0.53,0.5,1.875,0.7281691851060184,0.6223776999966338,True,-2.0235246679390664,-1.7295384842946981,0.29398618364436824
0.53,0.5,2.0,0.7281691851060184,0.5823491843822118,True,-2.326909737033357,-1.8609328919832135,0.4659768450501436
0.53,0.509375,0.0,0.7272431433640815,0.8987374501045933,True,-0.7053986016845802,-0.871741653902346,0.1663430522177658
0.53,0.509375,0.125,0.7272431433640815,0.8929058000692722,True,-0.7339609323987923,-0.901153870673263,0.16719293827447068
0.53,0.509375,0.25,0.7272431433640815,0.8866668942800621,True,-0.7649339103280494,-0.9326201020784672,0.16768619175041788
0.53,0.509375,0.375,0.7272431433640815,0.8799765278872635,True,-0.7986361679148224,-0.9663632974742811,0.16772712955945868
0.53,0.509375,0.5,0.7272431433640815,0.8727838583675669,True,-0.8354450803138893,-1.002639883653761,0.1671948033398718
0.53,0.509375,0.625,0.7272431433640815,0.8650301110633514,True,-0.8758109566367132,-1.0417462935235617,0.16593533688684858
0.53,0.509375,0.75,0.7272431433640815,0.856646969496548,True,-0.920275554101105,-1.0840270846359756,0.16375153053487068
0.53,0.509375,0.875,0.7272431433640815,0.8475545571112985,True,-0.9694965335616572,-1.1298851183701286,0.1603885848084714
0.53,0.509375,1.0,0.7272431433640815,0.8376588841134823,True,-1.024280206542431,-1.1797944369237163,0.1555142303812853
0.53,0.509375,1.125,0.7272431433640815,0.826848586369382,True,-1.0856260499148147,-1.2343167108396493,0.14869066092483463
0.53,0.509375,1.25,0.7272431433640815,0.8149907162528501,True,-1.1547882360058856,-1.294122468077552,0.1393342320716664
0.53,0.509375,1.375,0.7272431433640815,0.8019252475194247,True,-1.2333622824790889,-1.3600188089542542,0.12665652647516534
0.53,0.509375,1.5,0.7272431433640815,0.7874578112454883,True,-1.3234096598918401,-1.4329860427956498,0.10957638290380967
0.53,0.509375,1.625,0.7272431433640815,0.771349960824833,True,-1.4276412837322092,-1.5142267869103196,0.08658550317811042
0.53,0.509375,1.75,0.7272431433640815,0.7533059264861884,True,-1.549695130557477,-1.6052327708386513,0.05553764028117425
0.53,0.509375,1.875,0.7272431433640815,0.7329542880209259,True,-1.6945695730835413,-1.7078772708614796,0.013307697777938277
0.53,0.509375,2.0,0.7272431433640815,0.7098221356976946,True,-1.8693248456344669,-1.824545430711249,0.04477941492321791
0.53,0.51875,0.0,0.7260921131071951,0.9044003533522598,True,-0.7258715275579934,-0.9041255980628948,0.17825407050490139
0.53,0.51875,0.125,0.7260921131071951,0.9017488107754534,True,-0.7512620022667411,-0.9330078166333228,0.18174581436658166
0.53,0.51875,0.25,0.7260921131071951,0.8989222713142455,True,-0.7784931440522448,-0.9637962079760227,0.18530306392377793
0.53,0.51875,0.375,0.7260921131071951,0.895902819573302,True,-0.8077726379824329,-0.9966859175011946,0.1889132795187617
0.53,0.51875,0.5,0.7260921131071951,0.8926700082933497,True,-0.839340634703963,-1.0318996692249123,0.19255903452094925
0.53,0.51875,0.625,0.7260921131071951,0.8892003947057823,True,-0.8734763522662029,-1.0696928160774675,0.19621646381126456
0.53,0.51875,0.75,0.7260921131071951,0.8854669711282681,True,-0.9105063572046929,-1.110359542203218,0.1998531849985251
0.53,0.51875,0.875,0.7260921131071951,0.8814384605444655,True,-0.9508150452771947,-1.1542405359358556,0.2034254906586609
0.53,0.51875,1.0,0.7260921131071951,0.8770784382805957,True,-0.9948580350877064,-1.2017325570327573,0.20687452194505085
0.53,0.51875,1.125,0.7260921131071951,0.8723442275419957,True,-1.0431794649753123,-1.2533004671643,0.21012100218898766
0.53,0.51875,1.25,0.7260921131071951,0.8671854978363598,True,-1.0964345880208057,-1.3094924967425658,0.21305790872176011
0.53,0.51875,1.375,0.7260921131071951,0.8615424686585891,True,-1.155419660337092,-1.3709598114812833,0.21554015114419123
0.53,0.51875,1.5,0.7260921131071951,0.8553435823466012,True,-1.221112025304231,-1.4384818610693768,0.2173698357651459
0.53,0.51875,1.625,0.7260921131071951,0.848502453618158,True,-1.2947246962659267,-1.5129996066759055,0.21827491040997882
0.53,0.51875,1.75,0.7260921131071951,0.8409138191680189,True,-1.3777819482735438,-1.5956596404076528,0.217877692134109
0.53,0.51875,1.875,0.7260921131071951,0.8324480828163574,True,-1.4722259997594278,-1.6878736028788113,0.21564760311938347
0.53,0.51875,2.0,0.7260921131071951,0.8229438532145849,True,-1.5805708000401462,-1.7913994670693631,0.210828667029217
0.53,0.528125,0.0,0.7247572943909981,0.9103998588095912,True,-0.7460130280681216,-0.937100130870748,0.1910871028026263
0.53,0.528125,0.125,0.7247572943909981,0.9108511983652826,True,-0.768105051883747,-0.965329238344025,0.19722418646027795
0.53,0.528125,0.25,0.7247572943909981,0.9113305747105658,True,-0.7915454480035415,-0.9953119114789271,0.20376646347538552
0.53,0.528125,0.375,0.7247572943909981,0.9118406840158101,True,-0.8164615477598652,-1.027216782699013,0.21075523493914783
0.53,0.528125,0.5,0.7247572943909981,0.9123845796045502,True,-0.8429972359874275,-1.0612348226318726,0.21823758664444515
0.53,0.528125,0.625,0.7247572943909981,0.9129657331177327,True,-0.8713157314017991,-1.0975831656371078,0.2262674342353087
0.53,0.528125,0.75,0.7247572943909981,0.9135881086933695,True,-0.901602946859042,-1.1365097493850784,0.23490680252603646
0.53,0.528125,0.875,0.7247572943909981,0.9142562535116143,True,-0.9340715756756724,-1.1782989780137598,0.24422740233808737
0.53,0.528125,1.0,0.7247572943909981,0.9149754090783334,True,-0.9689660938752152,-1.2232786823780628,0.25431258850284766
0.53,0.528125,1.125,0.7247572943909981,0.9157516490087175,True,-1.0065689271730014,-1.271828737748901,0.26525981057589965
0.53,0.528125,1.25,0.7247572943909981,0.9165920509774395,True,-1.047208111874953,-1.3243918184641827,0.27718370658922975
0.53,0.528125,1.375,0.7247572943909981,0.9175049131458896,True,-1.091266889660381,-1.381486934406312,0.2902200447459311
0.53,0.528125,1.5,0.7247572943909981,0.9185000290931792,True,-1.1391958308082915,-1.4437266266074307,0.3045307957991392
0.53,0.528125,1.625,0.7247572943909981,0.9195890405716212,True,-1.1915282989300553,-1.511839030399464,0.3203107314694087
0.53,0.528125,1.75,0.7247572943909981,0.9207858950605866,True,-1.2489003834631147,-1.586696493196243,0.33779610973312835
0.53,0.528125,1.875,0.7247572943909981,0.9221074463339797,True,-1.31207688195941,-1.6693531370858177,0.3572762551264077
0.53,0.528125,2.0,0.7247572943909981,0.9235742530579342,True,-1.3819855885403292,-1.7610948072560957,0.3791092187157665
0.53,0.5375,0.0,0.7232785779973122,0.9167615447801496,True,-0.7658058820323299,-0.9706652523259063,0.20485937029357637
0.53,0.5375,0.125,0.7232785779973122,0.9202360425558461,True,-0.7844872763050584,-0.9981126063228494,0.21362533001779094
0.53,0.5375,0.25,0.7232785779973122,0.9239127539888113,True,-0.8041029044241964,-1.0271573796282432,0.22305447520404675
0.53,0.5375,0.375,0.7232785779973122,0.9278098612422574,True,-0.82472464348344,-1.0579432051646969,0.23321856168125688
0.53,0.5375,0.5,0.7232785779973122,0.931947793644733,True,-0.8464319379858181,-1.0906314676988125,0.2441995297129944
0.53,0.5375,0.625,0.7232785779973122,0.9363495859226333,True,-0.869312822660839,-1.125404133756519,0.25609131109568006
0.53,0.5375,0.75,0.7232785779973122,0.9410413072188776,True,-0.8934651157844482,-1.1624671407251155,0.2690020249406673
0.53,0.5375,0.875,0.7232785779973122,0.9460525777719079,True,-0.9189978171092028,-1.2020544784421205,0.28305666133291774
0.53,0.5375,1.0,0.7232785779973122,0.9514171948883775,True,-0.9460327525390055,-1.2444331341672006,0.29840038162819504
0.53,0.5375,1.125,0.7232785779973122,0.9571738961673733,True,-0.9747065178993038,-1.2899091217946692,0.31520260389536536
0.53,0.5375,1.25,0.7232785779973122,0.9633672964174604,True,-1.005172787244255,-1.3388348831803776,0.3336620959361225
0.53,0.5375,1.375,0.7232785779973122,0.9700490462014242,True,-1.0376050680343236,-1.3916184402522147,0.3540133722178911
0.53,0.5375,1.5,0.7232785779973122,0.97727927568274,True,-1.0722000074785072,-1.4487348009075387,0.3765347934290315
0.53,0.5375,1.625,0.7232785779973122,0.9851284092496907,True,-1.109181383113179,-1.5107402939282382,0.40155891081505923
0.53,0.5375,1.75,0.7232785779973122,0.9936794669684368,True,-1.148804948719638,-1.5782907496794052,0.4294858009597673
0.53,0.5375,1.875,0.7232785779973122,1.00303101237186,True,-1.1913643573925885,-1.6521647866414193,0.4608004292488308
0.53,0.5375,2.0,0.7232785779973122,1.0133009687513705,True,-1.2371984518401182,-1.7332939588208656,0.49609550698074734
0.53,0.546875,0.0,0.7216944292669497,0.9235114415636487,True,-0.7852351994333467,-1.0048209624283695,0.21958576299502275
0.53,0.546875,0.125,0.7216944292669497,0.9299274338075125,True,-0.8004078743394506,-1.0313523430405918,0.23094446870114116
0.53,0.546875,0.25,0.7216944292669497,0.9366914316631934,True,-0.8161784489133708,-1.059322794803677,0.2431443458903062
0.53,0.546875,0.375,0.7216944292669497,0.9438325383293732,True,-0.832582975053106,-1.0888526651263997,0.2562696900732937
0.53,0.546875,0.5,0.7216944292669497,0.9513831952047258,True,-0.8496604625640646,-1.1200761055262645,0.2704156429621999
0.53,0.546875,0.625,0.7216944292669497,0.9593796746413611,True,-0.8674531888665263,-1.1531431092612023,0.285689920394676
0.53,0.546875,0.75,0.7216944292669497,0.9678626626361342,True,-0.8860070484488941,-1.188221920871906,0.3022148724230119
0.53,0.546875,0.875,0.7216944292669497,0.9768779512121704,True,-0.9053719481476263,-1.2255018993146158,0.3201299511669895
0.53,0.546875,1.0,0.7216944292669497,0.9864772653613125,True,-0.9256022554217522,-1.2651969375295944,0.33959468210784216
0.53,0.546875,1.125,0.7216944292669497,0.9967192560786009,True,-0.9467573081004707,-1.3075495688325867,0.360792260732116
0.53,0.546875,1.25,0.7216944292669497,1.007670699756416,True,-0.9689019956688367,-1.3528359266437755,0.3839339309749388
0.53,0.546875,1.375,0.7216944292669497,1.0194079557634066,True,-0.9921074240850147,-1.4013717718612295,0.4092643477762148
0.53,0.546875,1.5,0.7216944292669497,1.032018749461524,True,-1.0164516784769344,-1.4535198659844668,0.4370681875075324
0.53,0.546875,1.625,0.7216944292669497,1.045604368709458,True,-1.042020700953563,-1.5096990540850128,0.4676783531314499
0.53,0.546875,1.75,0.7216944292669497,1.0602823902201648,True,-1.068909304323956,-1.5703955388270856,0.5014862345031297
0.53,0.546875,1.875,0.7216944292669497,1.0761900911358875,True,-1.097222346923355,-1.6361769879963988,0.5389546410730437
0.53,0.546875,2.0,0.7216944292669497,1.0934887555237471,True,-1.1270760992306803,-1.707710342700239,0.5806342434695586
0.53,0.55625,0.0,0.7200418051214824,0.930676067203419,True,-0.8042883164849818,-1.0395672611781375,0.2352789446931557
0.53,0.55625,0.125,0.7200418051214824,0.9399504602818977,True,-0.8158678470026881,-1.0650428251037363,0.24917497810104816
0.53,0.55625,0.25,0.7200418051214824,0.9496908277774474,True,-0.8277856745832858,-1.0917983607697321,0.26401268618644635
0.53,0.55625,0.375,0.7200418051214824,0.9599331926538341,True,-0.8400568440652693,-1.1199328186204769,0.27987597455520763
0.53,0.55625,0.5,0.7200418051214824,0.970717389178575,True,-0.8526973058149282,-1.1495556182611109,0.29685831244618266
0.53,0.55625,0.625,0.7200418051214824,0.98208758067241,True,-0.8657239848952072,-1.1807880706487133,0.3150640857535061
0.53,0.55625,0.75,0.7200418051214824,0.9940928640168046,True,-0.879154856673093,-1.2137650385965955,0.33461018192350245
0.53,0.55625,0.875,0.7200418051214824,1.0067879783675762,True,-0.8930090295757626,-1.248636883519403,0.3556278539436405
0.53,0.55625,1.0,0.7200418051214824,1.0202341396516799,True,-0.9073068357966927,-1.2855717576883643,0.3782649218916716
0.53,0.55625,1.125,0.7200418051214824,1.0345000276858451,True,-0.9220699308572277,-1.3247583157191165,0.40268838486188885
0.53,0.55625,1.25,0.7200418051214824,1.0496629595062565,True,-0.9373214030489195,-1.3664089375573003,0.4290875345083808
0.53,0.55625,1.375,0.7200418051214824,1.0658102912211145,True,-0.9530858939199096,-1.4107635791870894,0.4576776852671798
0.53,0.55625,1.5,0.7200418051214824,1.0830411020543358,True,-0.9693897311278161,-1.458094398482451,0.4887046673546349
0.53,0.55625,1.625,0.7200418051214824,1.101468229153164,True,-0.9862610751657207,-1.508711344561723,0.5224502693960024
0.53,0.55625,1.75,0.7200418051214824,1.1212207414610615,True,-1.0037300816813335,-1.5629689531979931,0.5592388715166596
0.53,0.55625,1.875,0.7200418051214824,1.1424469673095323,True,-1.021829081357538,-1.6212746632241,0.599445581866562
0.53,0.55625,2.0,0.7200418051214824,1.16531822592515,True,-1.0405927796116583,-1.6840990665021034,0.6435062868904451
0.53,0.565625,0.0,0.7183561015276736,0.9382824727762464,True,-0.8229546816553936,-1.0749041485752104,0.2519494669198168
0.53,0.565625,0.125,0.7183561015276736,0.9503312027680344,True,-0.8308698036480203,-1.0991783854348531,0.2683085817868328
0.53,0.565625,0.25,0.7183561015276736,0.9629366915621695,True,-0.8389386584390502,-1.1245743085677447,0.2856356501286944
0.53,0.565625,0.375,0.7183561015276736,0.9761384427012534,True,-0.8471657688026563,-1.151171504648211,0.3040057358455547
0.53,0.565625,0.5,0.7183561015276736,0.9899797874341533,True,-0.8555558366816398,-1.1790572719225525,0.3235014352409127
0.53,0.565625,0.625,0.7183561015276736,1.004508359833431,True,-0.8641137521483313,-1.208327577414742,0.34421382526641064
0.53,0.565625,0.75,0.7183561015276736,1.019776644483601,True,-0.8728446029087245,-1.2390881603385255,0.3662435574298011
0.53,0.565625,0.875,0.7183561015276736,1.0358426100101585,True,-0.8817536843886621,-1.2714558084505108,0.3897021240618487
0.53,0.565625,1.0,0.7183561015276736,1.0527704445668258,True,-0.890846510444086,-1.3055598398155963,0.4147133293715103
0.53,0.565625,1.125,0.7183561015276736,1.0706314129522951,True,-0.900128824740869,-1.3415438296159303,0.44141500487506136
0.53,0.565625,1.25,0.7183561015276736,1.0895048594881627,True,-0.9096066128535821,-1.3795676306208253,0.4699610177672432
0.53,0.565625,1.375,0.7183561015276736,1.1094793864211165,True,-0.9192861151367512,-1.4198097472804487,0.5005236321436975
0.53,0.565625,1.5,0.7183561015276736,1.1306542447666772,True,-0.92917384042676,-1.462470137819522,0.533296297392762
0.53,0.565625,1.625,0.7183561015276736,1.1531409836605735,True,-0.939276580637627,-1.5077735371390697,0.5684969565014427
0.53,0.565625,1.75,0.7183561015276736,1.1770654160648086,True,-0.9496014263194292,-1.5559734170690487,0.6063719907496194
0.53,0.565625,1.875,0.7183561015276736,1.2025699739578555,True,-0.9601557832542745,-1.6073567313036818,0.6472009480494073
0.53,0.565625,2.0,0.7183561015276736,1.2298165461179973,True,-0.9709473901714474,-1.6622496326036043,0.6913022424321569
0.53,0.575,0.0,0.716671128495817,0.9463582969028714,True,-0.841225735105135,-1.1108316246195875,0.2696058895144525
0.53,0.575,0.125,0.716671128495817,0.9610967380878762,True,-0.8454177772319753,-1.1337533154496213,0.288335538217646
0.53,0.575,0.25,0.716671128495817,0.9764562417003237,True,-0.8496518086295957,-1.1576409022498804,0.3079890936202847
0.53,0.575,0.375,0.716671128495817,0.9924769090306523,True,-0.853928463346948,-1.182556751818167,0.32862828847121894
0.53,0.575,0.5,0.716671128495817,1.0092023697020323,True,-0.8582483882633044,-1.2085687183271707,0.3503203300638663
0.53,0.575,0.625,0.716671128495817,1.02668017845082,True,-0.8626122434144426,-1.2357507604100046,0.373138516995562
0.53,0.575,0.75,0.716671128495817,1.0449622666831644,True,-0.8670207023288337,-1.2641836434353517,0.39716294110651806
0.53,0.575,0.875,0.716671128495817,1.06410545783779,True,-0.8714744523741914,-1.2939557410159976,0.42248128864180623
0.53,0.575,1.0,0.716671128495817,1.084172057327301,True,-0.8759741951147573,-1.325163952504243,0.44918975738948563
0.53,0.575,1.125,0.716671128495817,1.1052305299602154,True,-0.8805206466797129,-1.3579147565401202,0.4773941098604073
0.53,0.575,1.25,0.716671128495817,1.127356280361563,True,-0.8851145381431234,-1.3923254247862424,0.5072108866431191
0.53,0.575,1.375,0.716671128495817,1.1506325551375478,True,-0.8897566159158387,-1.4285254250028778,0.5387688090870392
0.53,0.575,1.5,0.716671128495817,1.1751514895328674,True,-0.8944476421497902,-1.466658048842583,0.5722104066927929
0.53,0.575,1.625,0.716671128495817,1.201015326320468,True,-0.8991883951551454,-1.50688230750618,0.6076939123510345
0.53,0.575,1.75,0.716671128495817,1.2283378409214245,True,-0.9039796698307987,-1.5493751481343596,0.6453954783035609
0.53,0.575,1.875,0.716671128495817,1.2572460146448474,True,-0.9088222781087009,-1.5943340560834165,0.6855117779747156
0.53,0.575,2.0,0.716671128495817,1.287882007952625,True,-0.9137170494125441,-1.6419801238091083,0.7282630743965642
0.53,0.584375,0.0,0.7150191096389207,0.9549318291724956,True,-0.8590947837676972,-1.1473496893112702,0.288254905543573
0.53,0.584375,0.125,0.7150191096389207,0.9722751513824325,True,-0.8595170497753043,-1.1687618672290891,0.30924481745378485
0.53,0.584375,0.25,0.7150191096389207,0.9902781164181698,True,-0.8599397310950996,-1.1909884444515673,0.3310487133564677
0.53,0.584375,0.375,0.7150191096389207,1.0089790875180695,True,-0.8603628283400941,-1.2140767844812312,0.3537139561411371
0.53,0.584375,0.5,0.7150191096389207,1.0284194615480737,True,-0.8607863421245054,-1.238077996156864,0.37729165403235854
0.53,0.584375,0.625,0.7150191096389207,1.0486439749097467,True,-0.8612102730637613,-1.263047311329555,0.40183703826579376
0.53,0.584375,0.75,0.7150191096389207,1.0697010472271964,True,-0.8616346217745027,-1.2890445091807996,0.42740988740629693
0.53,0.584375,0.875,0.7150191096389207,1.0916431683704617,True,-0.8620593888745863,-1.3161343940440786,0.4540750051694923
0.53,0.584375,1.0,0.7150191096389207,1.114527335327377,True,-0.8624845749830877,-1.3443873347696913,0.4819027597866036
0.53,0.584375,1.125,0.7150191096389207,1.1384155465787777,True,-0.8629101807203046,-1.3738798750835863,0.5109696943632818
0.53,0.584375,1.25,0.7150191096389207,1.1633753630054808,True,-0.8633362067077595,-1.4046954260867532,0.5413592193789938
0.53,0.584375,1.375,0.7150191096389207,1.1894805460126767,True,-0.8637626535682031,-1.4369250540877276,0.5731624005195245
0.53,0.584375,1.5,0.7150191096389207,1.2168117855648046,True,-0.8641895219256175,-1.4706683794391642,0.6064788575135467
0.53,0.584375,1.625,0.7150191096389207,1.2454575332659177,True,-0.8646168124052178,-1.5060346050642497,0.6414177926590319
0.53,0.584375,1.75,0.7150191096389207,1.2755149586039727,True,-0.8650445256334575,-1.5431436970420973,0.6780991714086398
0.53,0.584375,1.875,0.7150191096389207,1.3070910501392587,True,-0.8654726622380293,-1.5821277441421102,0.7166550819040809
0.53,0.584375,2.0,0.7150191096389207,1.3403038879330857,True,-0.8659012228478701,-1.623132528772683,0.7572313059248129
0.53,0.59375,0.0,0.7134307033379372,0.9640320822037604,True,-0.8765568740614309,-1.1844583426502575,0.3079014685888266
0.53,0.59375,0.125,0.7134307033379372,0.983895557586255,True,-0.8731739887309364,-1.2041982556858024,0.331024266954866
0.53,0.59375,0.25,0.7134307033379372,1.0044323343721866,True,-0.8698171140745528,-1.2246072817992264,0.35479016772467364
0.53,0.59375,0.375,0.7134307033379372,1.0256772365629436,True,-0.8664859512508707,-1.2457200283664152,0.37923407711554447
0.53,0.59375,0.5,0.7134307033379372,1.0476675318114461,True,-0.8631802059789412,-1.2675735312138547,0.40439332523491356
0.53,0.59375,0.625,0.7134307033379372,1.070443149592772,True,-0.8598995884516123,-1.2902074714321108,0.4303078829804985
0.53,0.59375,0.75,0.7134307033379372,1.0940469231738248,True,-0.8566438132508344,-1.3136644158403032,0.45702060258946886
0.53,0.59375,0.875,0.7134307033379372,1.118524858466916,True,-0.8534125992648837,-1.337990084167264,0.4845774849023804
0.53,0.59375,1.0,0.7134307033379372,1.1439264333177523,True,-0.8502056696074511,-1.3632336464777794,0.5130279768703283
0.53,0.59375,1.125,0.7134307033379372,1.170304931324516,True,-0.8470227515385491,-1.389448054915122,0.5424253033765729
0.53,0.59375,1.25,0.7134307033379372,1.197717814927296,True,-0.8438635763871866,-1.4166904144696477,0.5728268380824612
0.53,0.59375,1.375,0.7134307033379372,1.2262271432653709,True,-0.8407278794757719,-1.445022398236766,0.6042945187609942
0.53,0.59375,1.5,0.7134307033379372,1.2559000411973247,True,-0.8376154000461904,-1.4745107135194773,0.6368953134732869
0.53,0.59375,1.625,0.7134307033379372,1.2868092269447486,True,-0.8345258811875209,-1.5052276261898228,0.6707017450023018
0.53,0.59375,1.75,0.7134307033379372,1.3190336070900939,True,-0.8314590697653454,-1.5372515519855094,0.705792482220164
0.53,0.59375,1.875,0.7134307033379372,1.3526589491775116,True,-0.828414716352611,-1.5706677249267784,0.7422530085741674
0.53,0.59375,2.0,0.7134307033379372,1.3877786439873885,True,-0.8253925751620057,-1.6055689548491516,0.7801763796871459
0.53,0.603125,0.0,0.7119350426436871,0.9736888721057818,True,-0.8936086639809109,-1.2221575846365498,0.3285489206556389
0.53,0.603125,0.125,0.7119350426436871,0.9959881323215747,True,-0.8863958946721744,-1.2400566607224845,0.35366076605031016
0.53,0.603125,0.25,0.7119350426436871,1.0189502670820412,True,-0.8792986289231415,-1.2584878101505717,0.37918918122743017
0.53,0.603125,0.375,0.7119350426436871,1.042605279542008,True,-0.8723141143026982,-1.2774751157265123,0.40516100142381406
0.53,0.603125,0.5,0.7119350426436871,1.0669850112712644,True,-0.8654396851438565,-1.2970441359071725,0.431604450763316
0.53,0.603125,0.625,0.7119350426436871,1.09212328525403,True,-0.8586727591516821,-1.31722201958279,0.4585492604311079
0.53,0.603125,0.75,0.7119350426436871,1.1180560624470472,True,-0.8520108341691282,-1.3380376317423661,0.48602679757323797
0.53,0.603125,0.875,0.7119350426436871,1.1448216134202303,True,-0.8454514850922602,-1.3595216912454555,0.5140702061531953
0.53,0.603125,1.0,0.7119350426436871,1.172460706802725,True,-0.8389923609268828,-1.3817069220832554,0.5427145611563726
0.53,0.603125,1.125,0.7119350426436871,1.2010168164858916,True,-0.8326311819790678,-1.40462821969542,0.5719970377163522
0.53,0.603125,1.25,0.7119350426436871,1.230536349798077,True,-0.8263657371725264,-1.4283228341204262,0.6019570969478998
0.53,0.603125,1.375,0.7119350426436871,1.2610688991700771,True,-0.8201938814861945,-1.4528305720013426,0.632636690515148
0.53,0.603125,1.5,0.7119350426436871,1.2926675201619788,True,-0.814113533505796,-1.4781940197512415,0.6640804862454456
0.53,0.603125,1.625,0.7119350426436871,1.3253890391301364,True,-0.8081226730835089,-1.5044587905100317,0.6963361174265228
0.53,0.603125,1.75,0.7119350426436871,1.3592943942875222,True,-0.8022193391002095,-1.5316737979053388,0.7294544588051293
0.53,0.603125,1.875,0.7119350426436871,1.394449014463852,True,-0.7964016273250848,-1.5598915600740866,0.7634899327490018
0.53,0.603125,2.0,0.7119350426436871,1.4309232405184902,True,-0.7906676883677085,-1.5891685379204274,0.7985008495527189
0.53,0.6125,0.0,0.7105597911841909,0.9839329071539092,True,-0.9102482960791076,-1.2604474152701468,0.3501991191910392
0.53,0.6125,0.125,0.7105597911841909,1.0085841523842485,True,-0.8991908604627571,-1.27633122938194,0.3771403689191829
0.53,0.6125,0.25,0.7105597911841909,1.0338646234677278,True,-0.8883988457120399,-1.2926204796650997,0.4042216339530599
0.53,0.6125,0.375,0.7105597911841909,1.0597987234422848,True,-0.8778628084869489,-1.3093308900035414,0.43146808151659255
0.53,0.6125,0.5,0.7105597911841909,1.0864121337581445,True,-0.8675737481731238,-1.3264790080149487,0.45890525984182484
0.53,0.6125,0.625,0.7105597911841909,1.113731899104692,True,-0.8575230812374145,-1.3440822597082265,0.486559178470812
0.53,0.6125,0.75,0.7105597911841909,1.141786519082436,True,-0.8477026173455435,-1.362159008551528,0.5144563912059845
0.53,0.6125,0.875,0.7105597911841909,1.1706060473732698,True,-0.8381045371022121,-1.3807286193717467,0.5426240822695346
0.53,0.6125,1.0,0.7105597911841909,1.2002221991344684,True,-0.8287213712864941,-1.3998115275528948,0.5710901562664007
0.53,0.6125,1.125,0.7105597911841909,1.2306684674231794,True,-0.8195459814666335,-1.4194293140532086,0.5998833325865751
0.53,0.6125,1.25,0.7105597911841909,1.261980249549917,True,-0.8105715418885071,-1.439604786819913,0.629033244931406
0.53,0.6125,1.375,0.7105597911841909,1.294194984363201,True,-0.8017915225411817,-1.4603620692473809,0.6585705467061992
0.53,0.6125,1.5,0.7105597911841909,1.327352301584778,True,-0.7931996733112676,-1.4817266963999718,0.6885270230887042
0.53,0.6125,1.625,0.7105597911841909,1.3614941844478168,True,-0.7847900091452652,-1.5037257198065332,0.718935710661268
0.53,0.6125,1.75,0.7105597911841909,1.3966651470414708,True,-0.7765567961458812,-1.5263878217308162,0.749831025584935
0.53,0.6125,1.875,0.7105597911841909,1.432912427936985,True,-0.7684945385344362,-1.5497434399327603,0.7812489013983241
0.53,0.6125,2.0,0.7105597911841909,1.4702862018663365,True,-0.7605979664170714,-1.5738249040617767,0.8132269376447052
0.53,0.621875,0.0,0.7093312125234756,0.994795884554243,True,-0.9264752726239713,-1.2993278345510482,0.37285256192707683
0.53,0.621875,0.125,0.7093312125234756,1.021716045951646,True,-0.9115676418625566,-1.3130160779869158,0.4014484361243592
0.53,0.621875,0.25,0.7093312125234756,1.0492094468869209,True,-0.8971321621336696,-1.326995799702784,0.4298636375691143
0.53,0.621875,0.375,0.7093312125234756,1.0772945942998717,True,-0.8831467523238664,-1.3412764100247478,0.45812965770088143
0.53,0.621875,0.5,0.7093312125234756,1.1059908004547088,True,-0.8695906870763265,-1.3558677287666607,0.48627704169033426
0.53,0.621875,0.625,0.7093312125234756,1.1353182272261642,True,-0.856444494311385,-1.3707800077485388,0.5143355134371538
0.53,0.621875,0.75,0.7093312125234756,1.1652979333405413,True,-0.8436898619041442,-1.3860239548174798,0.5423340929133356
0.53,0.621875,0.875,0.7093312125234756,1.195951924804319,True,-0.831309552578561,-1.401610759489374,0.5703012069108131
0.53,0.621875,1.0,0.7093312125234756,1.2273032087740814,True,-0.8192873261862426,-1.4175521203404466,0.5982647941542041
0.53,0.621875,1.125,0.7093312125234756,1.2593758511449133,True,-0.8076078686330269,-1.4338602742895468,0.6262524056565199
0.53,0.621875,1.25,0.7093312125234756,1.2921950381601939,True,-0.7962567267993,-1.4505480279252196,0.6542913011259196
0.53,0.621875,1.375,0.7093312125234756,1.3257871423742666,True,-0.7852202488725148,-1.467628791046113,0.6824085421735981
0.53,0.621875,1.5,0.7093312125234756,1.3601797933310527,True,-0.7744855295739839,-1.4851166125993198,0.710631083025336
0.53,0.621875,1.625,0.7093312125234756,1.3954019533567183,True,-0.7640403598178925,-1.5030262192190966,0.7389858594012041
0.53,0.621875,1.75,0.7093312125234756,1.4314839989033605,True,-0.7538731803896777,-1.5213730565881378,0.7674998761984602
0.53,0.621875,1.875,0.7093312125234756,1.4684578079238937,True,-0.7439730392742806,-1.5401733338655674,0.7962002945912868
0.53,0.621875,2.0,0.7093312125234756,1.506356853806375,True,-0.734329552303104,-1.5594440714502447,0.8251145191471406
0.53,0.6312500000000001,0.0,0.708274250622602,1.0063105952369193,True,-0.9422903339978793,-1.3387988424792554,0.3965085084813761
0.53,0.6312500000000001,0.125,0.708274250622602,1.035417452616836,True,-0.9235355393546859,-1.3501052942686627,0.42656975491397675
0.53,0.6312500000000001,0.25,0.708274250622602,1.0650201249362816,True,-0.9055127443057376,-1.3616043435493446,0.456091599243607
0.53,0.6312500000000001,0.375,0.708274250622602,1.0951313898147643,True,-0.8881799142425111,-1.3733009537406442,0.4851210394981331
0.53,0.6312500000000001,0.5,0.708274250622602,1.1257644677312013,True,-0.8714981725224369,-1.3852002602890157,0.5137020877665788
0.53,0.6312500000000001,0.625,0.708274250622602,1.1569330413779388,True,-0.8554315093726204,-1.3973075781860205,0.5418760688134001
0.53,0.6312500000000001,0.75,0.708274250622602,1.1886512760387078,True,-0.8399465224100406,-1.4096284098840703,0.5696818874740297
0.53,0.6312500000000001,0.875,0.708274250622602,1.2209338410542696,True,-0.8250121848432189,-1.4221684536346781,0.5971562687914592
0.53,0.6312500000000001,1.0,0.708274250622602,1.253795932444097,True,-0.8105996379702859,-1.434933612275767,0.6243339743054811
0.53,0.6312500000000001,1.125,0.708274250622602,1.28725329675738,True,-0.7966820050533423,-1.4479300024965054,0.6512479974431631
0.53,0.6312500000000001,1.25,0.708274250622602,1.3213222562320082,True,-0.7832342240433269,-1.4611639646102215,0.6779297405668946
0.53,0.6312500000000001,1.375,0.708274250622602,1.3560197353459884,True,-0.7702328969650256,-1.4746420728682046,0.704409175903179
0.53,0.6312500000000001,1.5,0.708274250622602,1.3913632888520413,True,-0.7576561540579758,-1.4883711463496396,0.7307149922916638
0.53,0.6312500000000001,1.625,0.708274250622602,1.4273711313929422,True,-0.7454835310137725,-1.5023582604655792,0.7568747294518067
0.53,0.6312500000000001,1.75,0.708274250622602,1.4640621688025846,True,-0.7336958578602034,-1.516610759117725,0.7829149012575215
0.53,0.6312500000000001,1.875,0.708274250622602,1.5014560312057808,True,-0.7222751582231517,-1.5311362675559252,0.8088611093327736
0.53,0.6312500000000001,2.0,0.708274250622602,1.539573108038556,True,-0.7112045578528184,-1.5459427059816784,0.8347381481288599
0.53,0.640625,0.0,0.707412619275391,1.0185110366895103,True,-0.957695341208465,-1.3788604390547665,0.4211650978463015
0.53,0.640625,0.125,0.707412619275391,1.049723293343086,True,-0.9351042908474999,-1.3875929394829722,0.45248864863547233
0.53,0.640625,0.25,0.707412619275391,1.0813334121771323,True,-0.9135544781509576,-1.3964367529668118,0.4828822748158542
0.53,0.640625,0.375,0.707412619275391,1.113349049302938,True,-0.892975537633891,-1.4053940215172211,0.5124184838833301
0.53,0.640625,0.5,0.707412619275391,1.1457780585366124,True,-0.8733033044122528,-1.4144669424585818,0.541163638046329
0.53,0.640625,0.625,0.707412619275391,1.1786284978222454,True,-0.8544791459293801,-1.4236577702257782,0.5691786242963981
0.53,0.640625,0.75,0.707412619275391,1.2119086359071318,True,-0.8364493782871129,-1.4329688182317777,0.5965194399446648
0.53,0.640625,0.875,0.707412619275391,1.2456269592806555,True,-0.8191647549434948,-1.442402460808978,0.6232377058654832
0.53,0.640625,1.0,0.707412619275391,1.2797921793890803,True,-0.802580017521159,-1.4519611352277466,0.6493811177065876
0.53,0.640625,1.125,0.707412619275391,1.3144132401391215,True,-0.7866535000986684,-1.461647343795753,0.6749938436970845
0.53,0.640625,1.25,0.707412619275391,1.3494993257038792,True,-0.7713467797000987,-1.4714636560418979,0.7001168763417992
0.53,0.640625,1.375,0.707412619275391,1.385059868645445,True,-0.7566243668104843,-1.4814127109888389,0.7247883441783546
0.53,0.640625,1.5,0.707412619275391,1.421104558369265,True,-0.7424534306695724,-1.4914972195183351,0.7490437888487628
0.53,0.640625,1.625,0.707412619275391,1.457643349926184,True,-0.7288035548681328,-1.5017199668338632,0.7729164119657305
0.53,0.640625,1.75,0.707412619275391,1.4946864731789642,True,-0.7156465194174764,-1.5120838150252092,0.7964372956077328
0.53,0.640625,1.875,0.707412619275391,1.5322444423510078,True,-0.7029561060060725,-1.5225917057399885,0.819635599733916
0.53,0.640625,2.0,0.707412619275391,1.570328065976002,True,-0.6907079236152126,-1.5332466629673376,0.842538739352125
0.53,0.65,0.0,0.7067688986214098,1.0314325339174668,True,-0.9726931631963956,-1.419512624277583,0.4468194610811874
0.53,0.65,0.125,0.7067688986214098,1.064669850436549,True,-0.94628397480414,-1.4254730505125086,0.47918907570836866
0.53,0.65,0.25,0.7067688986214098,1.0981874658701436,True,-0.9212709301211423,-1.4314837425684646,0.5102128124473223
0.53,0.65,0.375,0.7067688986214098,1.1319889409828923,True,-0.8975461677900123,-1.4375453389950454,0.5399991712050332
0.53,0.65,0.5,0.7067688986214098,1.1660778971079306,True,-0.8750126581855652,-1.4436584892035542,0.568645831017989
0.53,0.65,0.625,0.7067688986214098,1.200458017440224,True,-0.8535828770245756,-1.4498238536989354,0.5962409766743598
0.53,0.65,0.75,0.7067688986214098,1.2351330483631842,True,-0.8331776692225686,-1.4560421043176761,0.6228644350951075
0.53,0.65,0.875,0.7067688986214098,1.2701068008095735,True,-0.8137252719054452,-1.4623139244718564,0.6485886525664112
0.53,0.65,1.0,0.7067688986214098,1.305383151657733,True,-0.7951604711585878,-1.4686400093995338,0.673479538240946
0.53,0.65,1.125,0.7067688986214098,1.3409660451642071,True,-0.7774238716317023,-1.4750210664216548,0.6975971947899524
0.53,0.65,1.25,0.7067688986214098,1.3768594944338828,True,-0.760461261762602,-1.4814578152056945,0.7209965534430925
0.53,0.65,1.375,0.7067688986214098,1.4130675829287862,True,-0.744223060327612,-1.4879509880362274,0.7437279277086154
0.53,0.65,1.5,0.7067688986214098,1.4495944660167344,True,-0.7286638324167126,-1.4945013300926466,0.765837497675934
0.53,0.65,1.625,0.7067688986214098,1.4864443725610712,True,-0.7137418648813997,-1.5011095997342498,0.7873677348528502
0.53,0.65,1.75,0.7067688986214098,1.5236216065527712,True,-0.6994187929009488,-1.5077765687929248,0.808357775891976
0.53,0.65,1.875,0.7067688986214098,1.5611305487862224,True,-0.6856592706275925,-1.514503022873663,0.8288437522460704
0.53,0.65,2.0,0.7067688986214098,1.5989756585800732,True,-0.6724306799576311,-1.5212897616631615,0.8488590817055305
